"cohort","gene_selection_cohort","null_type","type","perm","genes","n_genes","HR","HR_low","HR_high","p","C","C_low","C_high"
"TCGA",TRUE,NA,"observed",0,"LMNB2|TMPO|NDC1|LBR",4,1.343,1.144,1.576,0.000305,0.62,0.567,0.673
"TCGA",TRUE,"protein_coding","random",1,"TM4SF19-TCTEX1D2|ZSWIM7|PACS1|SLC38A8",4,0.843,0.703,1.01,0.0638,0.513,0.454,0.571
"TCGA",TRUE,"protein_coding","random",2,"GATB|GOLGA7|PPP1R3G|SLC9A3",4,1.367,1.154,1.62,0.000297,0.597,0.545,0.649
"TCGA",TRUE,"protein_coding","random",3,"PURG|RHBDD3|DHX38|KNSTRN",4,1.218,1.024,1.45,0.0259,0.58,0.525,0.636
"TCGA",TRUE,"protein_coding","random",4,"MRPL45|COL12A1|SLCO1B1|TRAPPC6B",4,1.266,1.075,1.49,0.00464,0.595,0.539,0.652
"TCGA",TRUE,"protein_coding","random",5,"RPL35|TMEM30A|LRRC55|TECPR2",4,1.03,0.856,1.24,0.752,0.503,0.438,0.567
"TCGA",TRUE,"protein_coding","random",6,"CNPY3|BMT2|FAM172A|KRTAP5-11",4,0.902,0.756,1.075,0.248,0.529,0.473,0.585
"TCGA",TRUE,"protein_coding","random",7,"BCAR1|TBL1Y|SLC9B2|SP140",4,1.179,0.997,1.394,0.054,0.554,0.498,0.609
"TCGA",TRUE,"protein_coding","random",8,"CCDC27|SPTSSA|RTN4R|ACTL10",4,1.001,0.84,1.193,0.989,0.493,0.434,0.551
"TCGA",TRUE,"protein_coding","random",9,"HEXIM1|ZNF334|KRT72|THTPA",4,1.022,0.862,1.212,0.802,0.503,0.449,0.556
"TCGA",TRUE,"protein_coding","random",10,"KCNC1|NDNF|PHACTR3|GRIN3B",4,0.881,0.735,1.055,0.168,0.538,0.476,0.6
"TCGA",TRUE,"protein_coding","random",11,"MPP2|MESP2|CD47|SPTSSA",4,0.896,0.753,1.066,0.214,0.571,0.514,0.627
"TCGA",TRUE,"protein_coding","random",12,"COL6A3|SOD3|DDC|ZNF236",4,0.936,0.799,1.097,0.416,0.524,0.47,0.579
"TCGA",TRUE,"protein_coding","random",13,"DRD3|PON3|GRK1|ZNF12",4,0.858,0.719,1.025,0.0914,0.558,0.499,0.616
"TCGA",TRUE,"protein_coding","random",14,"HEBP1|SNUPN|COL1A1|SMC1B",4,1.202,1.008,1.435,0.0407,0.528,0.469,0.587
"TCGA",TRUE,"protein_coding","random",15,"LGALS9B|EIF4EBP2|CBLN2|DRG2",4,0.999,0.836,1.194,0.99,0.497,0.439,0.555
"TCGA",TRUE,"protein_coding","random",16,"FASTKD5|CSMD1|SPIN2B|BRINP2",4,0.936,0.791,1.108,0.443,0.509,0.453,0.565
"TCGA",TRUE,"protein_coding","random",17,"ITGB1BP2|MARCHF7|CTSH|RABL3",4,0.79,0.655,0.953,0.0137,0.601,0.543,0.659
"TCGA",TRUE,"protein_coding","random",18,"KRT24|PAPSS2|PTPN13|CEACAM5",4,0.918,0.767,1.099,0.353,0.516,0.454,0.578
"TCGA",TRUE,"protein_coding","random",19,"TIMM44|YY1AP1|TLE1|ANXA8L1",4,1.371,1.161,1.62,0.000208,0.617,0.561,0.673
"TCGA",TRUE,"protein_coding","random",20,"GRIK4|CRHR2|CEP95|TMEM267",4,0.773,0.642,0.93,0.00648,0.579,0.52,0.638
"TCGA",TRUE,"protein_coding","random",21,"ACAA2|DIS3L2|MYH8|EXOSC5",4,1.115,0.937,1.327,0.221,0.561,0.504,0.618
"TCGA",TRUE,"protein_coding","random",22,"COQ2|EPHB2|RAG2|GRIK4",4,1.081,0.913,1.28,0.368,0.503,0.446,0.56
"TCGA",TRUE,"protein_coding","random",23,"MMP17|USP17L3|HSF2|GLOD5",4,0.962,0.806,1.148,0.668,0.533,0.477,0.59
"TCGA",TRUE,"protein_coding","random",24,"KRT28|KLHL3|DRD3|ZGPAT",4,0.887,0.744,1.057,0.179,0.548,0.492,0.604
"TCGA",TRUE,"protein_coding","random",25,"MTA2|GAN|ACKR2|NIPSNAP1",4,1.077,0.918,1.264,0.362,0.571,0.517,0.626
"TCGA",TRUE,"protein_coding","random",26,"DNAJC16|PEX11G|CNOT8|P2RY1",4,1.029,0.867,1.221,0.743,0.467,0.412,0.523
"TCGA",TRUE,"protein_coding","random",27,"TMEM150C|RBBP8NL|ZNF676|ILDR1",4,0.795,0.665,0.95,0.0117,0.53,0.466,0.593
"TCGA",TRUE,"protein_coding","random",28,"CEBPZ|OR5W2|GAST|ANKRD33",4,1.079,0.915,1.274,0.366,0.542,0.489,0.595
"TCGA",TRUE,"protein_coding","random",29,"ATP1A3|ZNF564|GH1|SLC25A20",4,0.854,0.708,1.029,0.0977,0.568,0.512,0.625
"TCGA",TRUE,"protein_coding","random",30,"OR11H2|ERBB4|AC008750.7|MOCOS",4,1.035,0.879,1.22,0.678,0.509,0.453,0.565
"TCGA",TRUE,"protein_coding","random",31,"SCUBE3|CAPN15|PAPSS1|KCTD20",4,1.049,0.889,1.237,0.571,0.504,0.446,0.562
"TCGA",TRUE,"protein_coding","random",32,"PRPF39|COL9A1|MEP1A|RPL39",4,0.829,0.694,0.99,0.0382,0.6,0.542,0.658
"TCGA",TRUE,"protein_coding","random",33,"ADAMTS7|GBX2|C22orf31|BLVRA",4,0.94,0.789,1.118,0.483,0.531,0.471,0.59
"TCGA",TRUE,"protein_coding","random",34,"GPX7|PCSK1|SLC35F2|AKAP12",4,1.361,1.144,1.618,0.000488,0.593,0.538,0.648
"TCGA",TRUE,"protein_coding","random",35,"KCNJ5|RAB1B|EFNB3|TCF12",4,1.052,0.888,1.246,0.556,0.496,0.439,0.553
"TCGA",TRUE,"protein_coding","random",36,"MEIG1|ZCCHC4|ST6GAL1|BET1",4,0.862,0.714,1.039,0.12,0.538,0.484,0.592
"TCGA",TRUE,"protein_coding","random",37,"MCM5|ZNF644|RPS19BP1|ISYNA1",4,1.15,0.97,1.363,0.108,0.565,0.508,0.623
"TCGA",TRUE,"protein_coding","random",38,"PLA2G5|TMX1|EME2|LY96",4,0.973,0.827,1.146,0.743,0.524,0.467,0.581
"TCGA",TRUE,"protein_coding","random",39,"CDH15|TMEM207|BASP1|SPAG9",4,0.896,0.745,1.078,0.246,0.551,0.496,0.606
"TCGA",TRUE,"protein_coding","random",40,"CNTRL|ZFAND6|SEC24B|RANBP10",4,1.033,0.874,1.222,0.703,0.521,0.465,0.576
"TCGA",TRUE,"protein_coding","random",41,"SLC6A15|PRG4|SFTPB|DMD",4,0.765,0.644,0.909,0.00227,0.59,0.534,0.646
"TCGA",TRUE,"protein_coding","random",42,"ARTN|CHAF1A|OR6C75|TYW3",4,1.082,0.923,1.27,0.331,0.583,0.529,0.637
"TCGA",TRUE,"protein_coding","random",43,"ATP11B|TAS1R3|CYP2J2|CXCL16",4,1.162,0.981,1.376,0.0828,0.534,0.474,0.594
"TCGA",TRUE,"protein_coding","random",44,"CYRIB|PEAK3|STN1|SLC12A1",4,1.137,0.958,1.35,0.142,0.492,0.436,0.548
"TCGA",TRUE,"protein_coding","random",45,"RABEP2|CDKN2C|ATXN10|ZNF281",4,1.121,0.937,1.34,0.212,0.524,0.465,0.582
"TCGA",TRUE,"protein_coding","random",46,"ZNF579|CCNYL1|MLH1|IFNAR2",4,1.096,0.922,1.303,0.3,0.515,0.458,0.572
"TCGA",TRUE,"protein_coding","random",47,"H2AB2|ZNF600|S100A13|IL25",4,0.959,0.81,1.136,0.63,0.549,0.492,0.607
"TCGA",TRUE,"protein_coding","random",48,"CERT1|SLC24A4|SOX1|TPI1",4,0.978,0.821,1.167,0.808,0.552,0.494,0.61
"TCGA",TRUE,"protein_coding","random",49,"KAZALD1|CENPW|NCLN|IFNA13",4,1.327,1.127,1.562,0.00068,0.603,0.547,0.659
"TCGA",TRUE,"protein_coding","random",50,"SLC27A3|USP24|MAP3K2|DYRK2",4,1.007,0.85,1.194,0.931,0.484,0.428,0.54
"TCGA",TRUE,"protein_coding","random",51,"SETD1B|CFAP44|POLN|SETD9",4,0.889,0.747,1.058,0.186,0.504,0.448,0.561
"TCGA",TRUE,"protein_coding","random",52,"MBD6|ZNF526|PRM1|ZNF776",4,1.03,0.877,1.21,0.719,0.519,0.465,0.573
"TCGA",TRUE,"protein_coding","random",53,"UFD1|GPAM|C10orf120|DOCK7",4,1.102,0.934,1.299,0.249,0.547,0.489,0.606
"TCGA",TRUE,"protein_coding","random",54,"ASMT|PHF11|RGS22|PCDHAC2",4,0.834,0.699,0.996,0.0453,0.572,0.513,0.631
"TCGA",TRUE,"protein_coding","random",55,"TTPAL|ROMO1|NABP1|APOC4-APOC2",4,0.998,0.845,1.18,0.985,0.498,0.442,0.553
"TCGA",TRUE,"protein_coding","random",56,"ANKRD13C|RGS10|TMEM38A|TSC1",4,0.911,0.768,1.081,0.287,0.542,0.482,0.601
"TCGA",TRUE,"protein_coding","random",57,"KPNA2|TMEM177|KIR2DL1|VWA5B2",4,0.997,0.841,1.181,0.971,0.476,0.421,0.53
"TCGA",TRUE,"protein_coding","random",58,"NUP214|RSBN1L|AP1G1|PARK7",4,0.926,0.782,1.095,0.368,0.506,0.449,0.563
"TCGA",TRUE,"protein_coding","random",59,"ELL|PLCG2|SAG|TBC1D17",4,0.868,0.731,1.03,0.105,0.557,0.499,0.614
"TCGA",TRUE,"protein_coding","random",60,"UCK2|ANKRD13D|SYCP3|GPRC5D",4,1.124,0.946,1.337,0.185,0.562,0.504,0.62
"TCGA",TRUE,"protein_coding","random",61,"CCL13|CHST6|GIP|ZNF804B",4,1.023,0.853,1.227,0.804,0.497,0.434,0.559
"TCGA",TRUE,"protein_coding","random",62,"SIL1|SLC35D1|PRXL2A|SMYD2",4,1.183,0.997,1.404,0.054,0.535,0.479,0.591
"TCGA",TRUE,"protein_coding","random",63,"SLC27A5|CHD3|ACIN1|MMS19",4,1.034,0.877,1.219,0.688,0.535,0.478,0.591
"TCGA",TRUE,"protein_coding","random",64,"ARHGEF3|FNDC3B|ZPLD1|SAMD4A",4,1.026,0.872,1.207,0.759,0.5,0.442,0.558
"TCGA",TRUE,"protein_coding","random",65,"KIF18B|PSTPIP2|CDH6|NTN4",4,1.067,0.9,1.264,0.457,0.503,0.447,0.559
"TCGA",TRUE,"protein_coding","random",66,"ACADL|ZNF814|SRARP|BCL11B",4,0.786,0.659,0.938,0.00743,0.576,0.52,0.633
"TCGA",TRUE,"protein_coding","random",67,"ARHGAP4|ARRDC1|FAM135A|CDCA4",4,1.103,0.924,1.317,0.279,0.532,0.473,0.591
"TCGA",TRUE,"protein_coding","random",68,"FOXO6|RPS20|NUDT9|NEFH",4,0.898,0.757,1.066,0.219,0.551,0.495,0.607
"TCGA",TRUE,"protein_coding","random",69,"OR52B2|PAGE1|BIRC5|ZNF587",4,1.121,0.955,1.316,0.162,0.555,0.501,0.609
"TCGA",TRUE,"protein_coding","random",70,"KCNA4|UTP18|PDE4D|GIPR",4,0.908,0.766,1.076,0.264,0.537,0.481,0.593
"TCGA",TRUE,"protein_coding","random",71,"SMIM41|OLFML1|DNAJC8|NCF4",4,0.887,0.753,1.045,0.151,0.558,0.502,0.614
"TCGA",TRUE,"protein_coding","random",72,"C1orf54|MICAL2|GNPNAT1|TMEM39A",4,1.123,0.948,1.33,0.179,0.522,0.466,0.578
"TCGA",TRUE,"protein_coding","random",73,"ANGPT2|GRPR|POU2F2|GPR33",4,0.947,0.804,1.116,0.514,0.527,0.476,0.578
"TCGA",TRUE,"protein_coding","random",74,"H2AC21|MGP|ZNF44|LCE3D",4,0.888,0.739,1.067,0.204,0.536,0.476,0.596
"TCGA",TRUE,"protein_coding","random",75,"KAT8|IL16|ARHGAP11A|ICA1L",4,0.782,0.657,0.93,0.00542,0.593,0.539,0.646
"TCGA",TRUE,"protein_coding","random",76,"UBE2R2|ATP5MGL|TSACC|SSX4",4,1.121,0.958,1.312,0.153,0.576,0.524,0.628
"TCGA",TRUE,"protein_coding","random",77,"GPR161|TP53I3|HSPB1|DARS1",4,1.259,1.048,1.513,0.0138,0.551,0.49,0.612
"TCGA",TRUE,"protein_coding","random",78,"ZC3H7B|EFHB|ZC3H12B|CLPTM1",4,1.069,0.892,1.281,0.468,0.524,0.464,0.583
"TCGA",TRUE,"protein_coding","random",79,"CDKN2D|MBP|ANKRD33|TMEM79",4,0.988,0.83,1.175,0.889,0.506,0.447,0.566
"TCGA",TRUE,"protein_coding","random",80,"BTBD16|NANOS1|LCAT|GPHN",4,0.959,0.802,1.146,0.645,0.524,0.465,0.583
"TCGA",TRUE,"protein_coding","random",81,"FAM126B|DPM1|OR1I1|UBD",4,0.933,0.784,1.11,0.435,0.529,0.475,0.584
"TCGA",TRUE,"protein_coding","random",82,"OR5D14|MASP1|REG4|NSD3",4,0.959,0.801,1.149,0.652,0.527,0.465,0.588
"TCGA",TRUE,"protein_coding","random",83,"OR5AS1|TM4SF19|CCIN|LBH",4,1.191,1.009,1.406,0.0389,0.535,0.476,0.595
"TCGA",TRUE,"protein_coding","random",84,"FAM86B2|MID2|EBI3|EEF2",4,1.008,0.85,1.195,0.93,0.459,0.405,0.514
"TCGA",TRUE,"protein_coding","random",85,"DRGX|SAMSN1|OAT|XPO6",4,0.949,0.81,1.113,0.523,0.544,0.487,0.602
"TCGA",TRUE,"protein_coding","random",86,"KLHL23|NMRAL1|AC139491.7|AC007906.2",4,0.879,0.738,1.046,0.147,0.526,0.465,0.587
"TCGA",TRUE,"protein_coding","random",87,"OASL|ZBBX|SLC6A15|CD2BP2",4,1.144,0.962,1.362,0.129,0.541,0.484,0.597
"TCGA",TRUE,"protein_coding","random",88,"SHTN1|SPEM1|ANKRD63|ABLIM1",4,1.014,0.862,1.194,0.866,0.531,0.474,0.588
"TCGA",TRUE,"protein_coding","random",89,"TEX53|SVBP|PPP4C|ACTR1A",4,0.985,0.834,1.164,0.86,0.526,0.467,0.585
"TCGA",TRUE,"protein_coding","random",90,"PADI3|OXCT1|RORB|TSC1",4,0.986,0.838,1.161,0.868,0.495,0.437,0.553
"TCGA",TRUE,"protein_coding","random",91,"ELAVL2|GRIA4|LMOD1|SLC22A18AS",4,1.008,0.848,1.199,0.925,0.517,0.461,0.573
"TCGA",TRUE,"protein_coding","random",92,"BARHL2|SULT4A1|ST6GALNAC6|NDUFV2",4,0.795,0.665,0.951,0.0121,0.577,0.521,0.633
"TCGA",TRUE,"protein_coding","random",93,"CRYBA2|SDHD|PTGDS|LRSAM1",4,0.819,0.682,0.984,0.0328,0.555,0.495,0.615
"TCGA",TRUE,"protein_coding","random",94,"EIF3F|PCDHGA12|ZCCHC3|OTUD7B",4,1.059,0.899,1.246,0.492,0.534,0.477,0.591
"TCGA",TRUE,"protein_coding","random",95,"KDM5B|ARX|HAPLN1|FAM178B",4,0.834,0.696,1.001,0.0507,0.54,0.483,0.598
"TCGA",TRUE,"protein_coding","random",96,"TFPI2|JMJD7-PLA2G4B|COG6|CIB3",4,0.916,0.773,1.085,0.31,0.529,0.469,0.59
"TCGA",TRUE,"protein_coding","random",97,"UCP3|OLIG2|ILVBL|AC007192.1",4,0.951,0.793,1.139,0.582,0.521,0.465,0.577
"TCGA",TRUE,"protein_coding","random",98,"MIF|MRPL27|SNF8|TMEM161B",4,1.186,1.005,1.398,0.0432,0.55,0.494,0.606
"TCGA",TRUE,"protein_coding","random",99,"ABCC8|REG3G|CKLF|CELSR3",4,0.945,0.789,1.133,0.541,0.524,0.466,0.582
"TCGA",TRUE,"protein_coding","random",100,"RSPH3|ANKK1|PARD3|DCAF15",4,0.994,0.84,1.175,0.941,0.476,0.42,0.531
"TCGA",TRUE,"protein_coding","random",101,"COMMD1|PREB|MSH5|GBP1",4,0.987,0.837,1.164,0.876,0.52,0.461,0.578
"TCGA",TRUE,"protein_coding","random",102,"NEUROD2|CST3|PYHIN1|CFAP47",4,0.859,0.719,1.026,0.0934,0.567,0.51,0.624
"TCGA",TRUE,"protein_coding","random",103,"STMN4|RPL36A|H1-5|PSMD5",4,0.907,0.761,1.081,0.275,0.511,0.452,0.571
"TCGA",TRUE,"protein_coding","random",104,"ZP2|OR5R1|ACSM1|NOMO1",4,0.951,0.805,1.124,0.556,0.495,0.44,0.551
"TCGA",TRUE,"protein_coding","random",105,"RTN2|PCDHA10|ATXN3|MED6",4,1.187,0.993,1.419,0.0595,0.535,0.475,0.595
"TCGA",TRUE,"protein_coding","random",106,"ANAPC4|SLC25A4|ZNF343|PCNX2",4,0.963,0.814,1.139,0.662,0.503,0.442,0.564
"TCGA",TRUE,"protein_coding","random",107,"MYO19|ACTA2|HPS1|TEX36",4,1.175,0.995,1.389,0.0579,0.537,0.48,0.593
"TCGA",TRUE,"protein_coding","random",108,"SKOR1|TOM1L1|ZFPM1|GFPT2",4,1.186,0.986,1.427,0.0706,0.541,0.485,0.598
"TCGA",TRUE,"protein_coding","random",109,"AL391628.1|PTPRJ|CCDC58|PBX4",4,0.897,0.761,1.056,0.19,0.555,0.496,0.615
"TCGA",TRUE,"protein_coding","random",110,"LTO1|ARPC5|GNAL|CCDC138",4,1.138,0.957,1.353,0.143,0.525,0.464,0.585
"TCGA",TRUE,"protein_coding","random",111,"MFSD6|GCC1|NALCN|ADAM32",4,1.001,0.846,1.185,0.991,0.509,0.45,0.567
"TCGA",TRUE,"protein_coding","random",112,"LCP1|FAM83C|KLC1|GZMA",4,0.891,0.756,1.051,0.171,0.568,0.516,0.62
"TCGA",TRUE,"protein_coding","random",113,"HSDL2|RSPH4A|CRLF3|ZNF705D",4,0.821,0.678,0.996,0.045,0.567,0.505,0.628
"TCGA",TRUE,"protein_coding","random",114,"MED9|TCEAL8|PIP5K1B|CELF1",4,0.839,0.7,1.005,0.057,0.528,0.468,0.588
"TCGA",TRUE,"protein_coding","random",115,"CASKIN2|ASB18|SLC8A1|APH1B",4,1.004,0.846,1.192,0.964,0.477,0.422,0.532
"TCGA",TRUE,"protein_coding","random",116,"EFNA3|NDUFS1|ATP6V0D1|MAP7D2",4,0.95,0.807,1.119,0.539,0.504,0.445,0.562
"TCGA",TRUE,"protein_coding","random",117,"GLUD1|CCL7|FAM71E2|CDH1",4,1.1,0.912,1.326,0.319,0.501,0.443,0.56
"TCGA",TRUE,"protein_coding","random",118,"TIGD5|PBDC1|TLCD3B|MS4A4A",4,1.035,0.877,1.221,0.682,0.501,0.444,0.557
"TCGA",TRUE,"protein_coding","random",119,"FAAP20|SCYL1|VPS26A|SLC18A3",4,1.039,0.872,1.238,0.665,0.53,0.478,0.583
"TCGA",TRUE,"protein_coding","random",120,"PPP2R3C|ITSN2|RCC1|KRTAP5-1",4,0.889,0.755,1.047,0.159,0.546,0.491,0.6
"TCGA",TRUE,"protein_coding","random",121,"ATP2B4|PDX1|CSNK1G2|RNASE4",4,1.07,0.901,1.271,0.439,0.523,0.465,0.581
"TCGA",TRUE,"protein_coding","random",122,"RNF10|SLC25A13|SMC2|IRGM",4,1.179,0.991,1.401,0.0626,0.596,0.544,0.648
"TCGA",TRUE,"protein_coding","random",123,"FBXW9|COL4A2|RFPL4AL1|AHDC1",4,1.135,0.95,1.356,0.164,0.56,0.501,0.62
"TCGA",TRUE,"protein_coding","random",124,"SUMF1|TSKU|PRKAR2B|AC020915.4",4,1.01,0.853,1.195,0.911,0.511,0.448,0.573
"TCGA",TRUE,"protein_coding","random",125,"NRXN3|ANP32E|HOXC5|CXorf49",4,1.06,0.88,1.278,0.538,0.535,0.476,0.594
"TCGA",TRUE,"protein_coding","random",126,"C5orf38|PLXNB1|NECTIN1|LRP5L",4,0.799,0.673,0.948,0.0103,0.547,0.49,0.604
"TCGA",TRUE,"protein_coding","random",127,"GALNTL6|NBAS|LAMP5|TPM1",4,1.045,0.881,1.24,0.612,0.526,0.463,0.589
"TCGA",TRUE,"protein_coding","random",128,"CYP27B1|CISD1|COLEC12|SLC17A8",4,0.933,0.786,1.108,0.43,0.522,0.466,0.578
"TCGA",TRUE,"protein_coding","random",129,"GYPC|FAM246A|ZFP1|FAM177B",4,1.122,0.946,1.33,0.187,0.519,0.458,0.581
"TCGA",TRUE,"protein_coding","random",130,"GCC1|TBC1D3K|MINDY3|CCDC69",4,0.987,0.828,1.177,0.886,0.519,0.462,0.576
"TCGA",TRUE,"protein_coding","random",131,"C10orf143|SMKR1|GLA|USP14",4,0.995,0.833,1.188,0.953,0.514,0.453,0.575
"TCGA",TRUE,"protein_coding","random",132,"CCN2|SQOR|TSKS|PPP1R9B",4,1.057,0.891,1.253,0.528,0.517,0.457,0.576
"TCGA",TRUE,"protein_coding","random",133,"SHC2|PGLYRP1|SLC15A5|FCHSD2",4,0.937,0.788,1.114,0.459,0.537,0.481,0.594
"TCGA",TRUE,"protein_coding","random",134,"GCNA|USP46|AC000120.2|FBXO2",4,0.906,0.757,1.085,0.285,0.535,0.479,0.591
"TCGA",TRUE,"protein_coding","random",135,"SLC29A2|PDLIM2|PCSK1N|OR4A16",4,0.826,0.691,0.987,0.0355,0.545,0.489,0.601
"TCGA",TRUE,"protein_coding","random",136,"CHST12|SKP1|EFCAB5|OR6C68",4,0.998,0.848,1.176,0.984,0.528,0.472,0.584
"TCGA",TRUE,"protein_coding","random",137,"KHDRBS1|SNRPA|TEX55|RPS3A",4,1.286,1.081,1.532,0.00466,0.572,0.519,0.626
"TCGA",TRUE,"protein_coding","random",138,"LCT|SLC35C1|SLC25A46|AC119396.1",4,0.968,0.818,1.146,0.706,0.515,0.458,0.573
"TCGA",TRUE,"protein_coding","random",139,"MRPL48|FAM114A2|E2F5|DIRAS1",4,0.943,0.799,1.113,0.491,0.522,0.467,0.577
"TCGA",TRUE,"protein_coding","random",140,"TANGO2|TUG1|FASTKD2|AAR2",4,1.102,0.939,1.294,0.234,0.557,0.503,0.612
"TCGA",TRUE,"protein_coding","random",141,"IGFBP1|TEX13D|CLEC1A|TRIM13",4,1.006,0.849,1.192,0.942,0.483,0.421,0.545
"TCGA",TRUE,"protein_coding","random",142,"FAM214A|TCTN3|MARCHF3|USP17L4",4,1.032,0.874,1.219,0.709,0.485,0.425,0.545
"TCGA",TRUE,"protein_coding","random",143,"FDXACB1|ATP10D|NIPSNAP2|OR1S2",4,1.017,0.841,1.229,0.864,0.49,0.43,0.55
"TCGA",TRUE,"protein_coding","random",144,"DRD2|UBE2E2|LRRC3C|GPR21",4,0.985,0.834,1.162,0.854,0.539,0.486,0.593
"TCGA",TRUE,"protein_coding","random",145,"CAPN7|ABCC2|PLA2G7|EVL",4,1.067,0.898,1.269,0.461,0.516,0.461,0.572
"TCGA",TRUE,"protein_coding","random",146,"MOB3A|HLA-DQB1|OLFML3|MACC1",4,0.838,0.712,0.985,0.0325,0.567,0.507,0.626
"TCGA",TRUE,"protein_coding","random",147,"RHBDD2|WWC1|BEGAIN|GNRHR",4,1.091,0.917,1.299,0.324,0.526,0.474,0.579
"TCGA",TRUE,"protein_coding","random",148,"SDHD|METTL15|DIRAS3|AZIN2",4,0.897,0.755,1.066,0.217,0.534,0.477,0.59
"TCGA",TRUE,"protein_coding","random",149,"SERTAD1|STMN4|NSFL1C|IFT81",4,1.032,0.883,1.207,0.691,0.512,0.454,0.57
"TCGA",TRUE,"protein_coding","random",150,"FHL2|TRABD2A|KCTD10|ISY1",4,1.018,0.86,1.205,0.836,0.498,0.441,0.554
"TCGA",TRUE,"protein_coding","random",151,"USB1|MED27|RAB20|MFSD3",4,1.047,0.879,1.247,0.609,0.493,0.435,0.551
"TCGA",TRUE,"protein_coding","random",152,"CASQ2|ZNF423|TMEM168|RBM39",4,0.883,0.747,1.044,0.145,0.562,0.506,0.618
"TCGA",TRUE,"protein_coding","random",153,"ADAM23|SHROOM4|LRP2BP|HNRNPCL1",4,0.919,0.768,1.099,0.353,0.529,0.47,0.588
"TCGA",TRUE,"protein_coding","random",154,"CHEK2|LARP4B|UBAP1|CDCP2",4,0.958,0.805,1.141,0.63,0.518,0.459,0.577
"TCGA",TRUE,"protein_coding","random",155,"WIPF2|ESS2|MRPS23|ETFBKMT",4,0.939,0.789,1.117,0.477,0.535,0.475,0.595
"TCGA",TRUE,"protein_coding","random",156,"RTL1|WDR44|AOC3|NARF",4,1.139,0.958,1.356,0.141,0.536,0.474,0.598
"TCGA",TRUE,"protein_coding","random",157,"MARCHF11|ARL10|KEAP1|ADGRL4",4,1.058,0.889,1.258,0.525,0.509,0.452,0.567
"TCGA",TRUE,"protein_coding","random",158,"TAB1|UGT1A1|UBASH3A|HADHB",4,0.979,0.823,1.165,0.812,0.53,0.472,0.588
"TCGA",TRUE,"protein_coding","random",159,"DYNLT1|FOXE1|YES1|FNBP1L",4,1.092,0.919,1.297,0.317,0.53,0.47,0.59
"TCGA",TRUE,"protein_coding","random",160,"KLHL1|TPM2|OLIG2|NUCKS1",4,1.355,1.154,1.59,0.000201,0.565,0.507,0.624
"TCGA",TRUE,"protein_coding","random",161,"PCNX3|WDR61|HARS1|UBE2V2",4,1.216,1.032,1.433,0.0197,0.566,0.507,0.626
"TCGA",TRUE,"protein_coding","random",162,"NPTX2|RRP8|PROS1|HK3",4,0.935,0.788,1.111,0.446,0.523,0.468,0.578
"TCGA",TRUE,"protein_coding","random",163,"CARTPT|PSMG1|MSH5-SAPCD1|CUL7",4,0.867,0.737,1.021,0.0864,0.522,0.466,0.579
"TCGA",TRUE,"protein_coding","random",164,"MZT2A|OR5T3|AP3B1|NUDT7",4,1.35,1.141,1.598,0.000486,0.599,0.548,0.65
"TCGA",TRUE,"protein_coding","random",165,"RXRA|SMIM42|MCM4|NYX",4,1.19,1.023,1.384,0.024,0.573,0.519,0.628
"TCGA",TRUE,"protein_coding","random",166,"ALG3|CYBB|POLN|CCDC150",4,0.98,0.829,1.157,0.807,0.501,0.445,0.557
"TCGA",TRUE,"protein_coding","random",167,"MACF1|IRGQ|BPIFA3|TNFRSF14",4,0.914,0.769,1.086,0.306,0.526,0.47,0.582
"TCGA",TRUE,"protein_coding","random",168,"CIAO1|EDN3|HR|P4HA3",4,0.976,0.818,1.165,0.791,0.523,0.468,0.578
"TCGA",TRUE,"protein_coding","random",169,"CYP21A2|RHOC|BPIFB2|POLR2A",4,1.122,0.94,1.339,0.204,0.546,0.486,0.606
"TCGA",TRUE,"protein_coding","random",170,"RPL19|ARRDC3|RHOJ|TCP1",4,1.039,0.877,1.233,0.656,0.497,0.439,0.555
"TCGA",TRUE,"protein_coding","random",171,"CALCOCO1|FAM151A|DENND1C|CEBPA",4,0.8,0.673,0.951,0.0114,0.572,0.515,0.629
"TCGA",TRUE,"protein_coding","random",172,"DUSP22|C9orf40|IER3|TTC3",4,1.179,0.988,1.406,0.0679,0.569,0.512,0.627
"TCGA",TRUE,"protein_coding","random",173,"ZNF268|ZNF281|ZIC4|AC004706.3",4,0.961,0.808,1.142,0.65,0.494,0.438,0.551
"TCGA",TRUE,"protein_coding","random",174,"UBTFL1|NCEH1|BAAT|ZNF598",4,1.228,1.028,1.467,0.0235,0.54,0.48,0.599
"TCGA",TRUE,"protein_coding","random",175,"ZNF566|ARF6|UTP14A|SCARF2",4,1.098,0.931,1.294,0.268,0.546,0.487,0.606
"TCGA",TRUE,"protein_coding","random",176,"STRADA|HNRNPA1|PDCL2|ZBTB26",4,0.883,0.739,1.055,0.171,0.535,0.476,0.593
"TCGA",TRUE,"protein_coding","random",177,"MOV10|ROCK1|TUBA1B|APEH",4,1.327,1.102,1.599,0.00289,0.556,0.497,0.614
"TCGA",TRUE,"protein_coding","random",178,"CECR2|CD37|VILL|GLI3",4,0.944,0.806,1.106,0.476,0.549,0.493,0.605
"TCGA",TRUE,"protein_coding","random",179,"ALOX5AP|RETREG3|ATOH7|CCDC38",4,0.904,0.768,1.065,0.228,0.54,0.486,0.595
"TCGA",TRUE,"protein_coding","random",180,"GGA2|GRAMD1B|NFATC4|HMGXB4",4,0.953,0.792,1.146,0.608,0.482,0.422,0.542
"TCGA",TRUE,"protein_coding","random",181,"AL627230.1|TMEM253|FAM241B|NAV3",4,1.157,0.972,1.378,0.102,0.551,0.493,0.608
"TCGA",TRUE,"protein_coding","random",182,"EN1|LRRC18|FETUB|EIF2B5",4,1.226,1.055,1.426,0.00799,0.568,0.514,0.621
"TCGA",TRUE,"protein_coding","random",183,"SLC14A2|MRPS35|CROT|SOX18",4,0.989,0.834,1.171,0.895,0.498,0.436,0.56
"TCGA",TRUE,"protein_coding","random",184,"MSX1|CFAP47|MOV10L1|VPS53",4,0.956,0.812,1.125,0.59,0.499,0.445,0.553
"TCGA",TRUE,"protein_coding","random",185,"TCAIM|SOX10|MSS51|HCN4",4,0.857,0.716,1.025,0.091,0.562,0.504,0.62
"TCGA",TRUE,"protein_coding","random",186,"VPS37D|DYNLRB1|MRPL12|COX6B2",4,1.164,0.982,1.379,0.0808,0.567,0.512,0.622
"TCGA",TRUE,"protein_coding","random",187,"TRIM77|OR5B12|ASIP|MYH10",4,1.03,0.876,1.211,0.719,0.519,0.464,0.573
"TCGA",TRUE,"protein_coding","random",188,"XAF1|SMIM33|BRD3OS|SEC22B",4,0.973,0.824,1.15,0.752,0.505,0.447,0.563
"TCGA",TRUE,"protein_coding","random",189,"TXLNA|ASCL1|DPPA3|HLA-E",4,0.8,0.664,0.964,0.0189,0.536,0.474,0.597
"TCGA",TRUE,"protein_coding","random",190,"RGS18|CXorf51A|ABLIM3|ABHD5",4,1.046,0.905,1.208,0.544,0.52,0.463,0.576
"TCGA",TRUE,"protein_coding","random",191,"ZFP28|PCMT1|TTC8|C15orf65",4,0.94,0.789,1.119,0.486,0.509,0.452,0.567
"TCGA",TRUE,"protein_coding","random",192,"SLC25A44|IL17D|MYL1|INHBB",4,0.935,0.786,1.111,0.444,0.543,0.483,0.602
"TCGA",TRUE,"protein_coding","random",193,"STXBP3|NPY5R|SRSF11|DMRTB1",4,0.938,0.793,1.11,0.456,0.5,0.443,0.558
"TCGA",TRUE,"protein_coding","random",194,"ADAM10|GSTA5|KPRP|DOCK10",4,0.969,0.823,1.14,0.703,0.528,0.469,0.586
"TCGA",TRUE,"protein_coding","random",195,"KLHL32|TRPM7|ZNF579|MON2",4,0.93,0.783,1.106,0.413,0.5,0.445,0.555
"TCGA",TRUE,"protein_coding","random",196,"ST8SIA5|OSMR|LRPPRC|OTC",4,0.9,0.762,1.063,0.215,0.519,0.46,0.579
"TCGA",TRUE,"protein_coding","random",197,"CTRB2|SPC25|EMC7|TAF9B",4,1.142,0.962,1.356,0.13,0.553,0.497,0.61
"TCGA",TRUE,"protein_coding","random",198,"HSPB9|FHL2|SPTBN5|ZNF229",4,0.907,0.765,1.076,0.263,0.525,0.468,0.583
"TCGA",TRUE,"protein_coding","random",199,"RPF1|OR6C6|CALCR|SETD2",4,1.013,0.858,1.195,0.883,0.522,0.467,0.577
"TCGA",TRUE,"protein_coding","random",200,"PGGT1B|BUD31|PDE7B|EIF4G2",4,1.138,0.954,1.358,0.151,0.524,0.466,0.582
"TCGA",TRUE,"protein_coding","random",201,"SMIM12|GLYAT|NSMF|NBPF1",4,0.925,0.781,1.095,0.365,0.491,0.432,0.55
"TCGA",TRUE,"protein_coding","random",202,"HRH2|IFNA21|SLC27A6|PCIF1",4,1.062,0.889,1.269,0.51,0.511,0.454,0.568
"TCGA",TRUE,"protein_coding","random",203,"ALG1L|OSBPL11|CLEC4E|DCDC2B",4,0.927,0.785,1.096,0.377,0.56,0.504,0.615
"TCGA",TRUE,"protein_coding","random",204,"C1QTNF8|AARD|ADAM28|BRAF",4,0.886,0.738,1.064,0.196,0.542,0.481,0.603
"TCGA",TRUE,"protein_coding","random",205,"F2|EID1|VWA1|CADM1",4,1.047,0.883,1.241,0.598,0.512,0.457,0.566
"TCGA",TRUE,"protein_coding","random",206,"RPS19|TBC1D20|CFAP20|DNM1L",4,1.114,0.936,1.325,0.224,0.526,0.466,0.586
"TCGA",TRUE,"protein_coding","random",207,"ZNF696|IFRD1|DSCAML1|ADAMTS14",4,0.96,0.806,1.142,0.641,0.502,0.449,0.555
"TCGA",TRUE,"protein_coding","random",208,"KLK14|ABRA|JAML|SPATA31A3",4,0.717,0.59,0.871,0.00079,0.624,0.567,0.681
"TCGA",TRUE,"protein_coding","random",209,"TTC21B|TNR|STK17A|IDI2",4,0.981,0.827,1.164,0.827,0.522,0.463,0.582
"TCGA",TRUE,"protein_coding","random",210,"OR52J3|NCAM1|NPAP1|MYPOP",4,0.897,0.746,1.079,0.25,0.512,0.455,0.57
"TCGA",TRUE,"protein_coding","random",211,"AC108488.2|TPST1|PELI2|SLC31A2",4,0.943,0.797,1.116,0.496,0.55,0.491,0.609
"TCGA",TRUE,"protein_coding","random",212,"LRRC42|POLD1|DCAKD|ZNF865",4,1.113,0.926,1.339,0.253,0.542,0.487,0.598
"TCGA",TRUE,"protein_coding","random",213,"KIAA0040|C7orf25|CMTM8|RP1L1",4,1.081,0.903,1.295,0.396,0.523,0.46,0.585
"TCGA",TRUE,"protein_coding","random",214,"SDC3|UGT2A3|EPHA6|PDLIM7",4,1.186,0.996,1.412,0.0558,0.562,0.505,0.619
"TCGA",TRUE,"protein_coding","random",215,"HOMER3|MSRB2|LGI2|BICC1",4,1.147,0.966,1.36,0.117,0.523,0.464,0.581
"TCGA",TRUE,"protein_coding","random",216,"TGM4|KLKB1|TMEM238L|SPAAR",4,1.093,0.907,1.317,0.351,0.533,0.475,0.592
"TCGA",TRUE,"protein_coding","random",217,"DPPA4|HLA-DRB5|LYPD8|TRIM46",4,0.707,0.586,0.852,0.000278,0.593,0.538,0.649
"TCGA",TRUE,"protein_coding","random",218,"STAT2|TPST1|FUCA2|ZKSCAN1",4,1.103,0.929,1.309,0.265,0.527,0.467,0.586
"TCGA",TRUE,"protein_coding","random",219,"PECAM1|MAF|DAB1|ABCG2",4,0.944,0.801,1.112,0.488,0.554,0.5,0.607
"TCGA",TRUE,"protein_coding","random",220,"CXorf51A|IFFO1|FOXO1|MYO18B",4,0.85,0.708,1.02,0.0805,0.57,0.51,0.63
"TCGA",TRUE,"protein_coding","random",221,"DNAJC14|SNX12|CDK2AP1|PTGER3",4,1.103,0.929,1.31,0.261,0.544,0.487,0.6
"TCGA",TRUE,"protein_coding","random",222,"ANAPC13|ARL2-SNX15|STT3A|NUDT14",4,1.128,0.948,1.344,0.175,0.52,0.462,0.577
"TCGA",TRUE,"protein_coding","random",223,"OAZ1|SCARF2|TOPORS|GNE",4,1.111,0.931,1.326,0.245,0.525,0.471,0.58
"TCGA",TRUE,"protein_coding","random",224,"PLCB3|NEUROD4|NABP1|PRB4",4,1.052,0.903,1.226,0.516,0.552,0.499,0.605
"TCGA",TRUE,"protein_coding","random",225,"ZNF174|LCE1D|EIF4E2|TSLP",4,0.895,0.752,1.065,0.211,0.529,0.474,0.584
"TCGA",TRUE,"protein_coding","random",226,"GSG1L2|DPEP1|CCDC28B|THAP1",4,0.974,0.823,1.153,0.761,0.516,0.458,0.574
"TCGA",TRUE,"protein_coding","random",227,"SLC25A10|PARVB|IL36G|TMPRSS12",4,1.002,0.841,1.194,0.981,0.521,0.464,0.578
"TCGA",TRUE,"protein_coding","random",228,"GLT8D2|DPEP2NB|FKBP7|EMC9",4,1.141,0.959,1.359,0.137,0.53,0.472,0.588
"TCGA",TRUE,"protein_coding","random",229,"ZNF324|JCAD|MID2|ST6GALNAC6",4,0.91,0.77,1.077,0.273,0.553,0.497,0.61
"TCGA",TRUE,"protein_coding","random",230,"RNF215|PCYT1A|USP41|REXO5",4,1.075,0.914,1.266,0.381,0.531,0.474,0.588
"TCGA",TRUE,"protein_coding","random",231,"NAA35|CERS1|UBIAD1|IL17F",4,0.886,0.744,1.055,0.174,0.538,0.482,0.595
"TCGA",TRUE,"protein_coding","random",232,"KRT71|KRT27|PWWP2A|SESN3",4,0.828,0.693,0.988,0.0366,0.572,0.516,0.627
"TCGA",TRUE,"protein_coding","random",233,"ZNF420|FZD8|CCNT2|FMN1",4,0.944,0.801,1.112,0.491,0.526,0.466,0.587
"TCGA",TRUE,"protein_coding","random",234,"NOVA2|XAB2|NTAQ1|ANKRD37",4,1.294,1.078,1.553,0.00571,0.545,0.487,0.603
"TCGA",TRUE,"protein_coding","random",235,"SARS1|RASAL3|C6orf201|VAT1",4,0.838,0.716,0.98,0.0271,0.596,0.542,0.65
"TCGA",TRUE,"protein_coding","random",236,"ZNF808|CCPG1|MGST3|OSBPL2",4,0.873,0.732,1.04,0.127,0.552,0.491,0.612
"TCGA",TRUE,"protein_coding","random",237,"STARD10|TANGO6|KRT15|DMRT1",4,0.942,0.796,1.115,0.489,0.517,0.46,0.573
"TCGA",TRUE,"protein_coding","random",238,"THNSL1|AC097625.1|TATDN3|TAB3",4,0.908,0.772,1.068,0.244,0.549,0.494,0.603
"TCGA",TRUE,"protein_coding","random",239,"TYRP1|KLK11|TNFRSF1B|SNURF",4,0.71,0.594,0.848,0.000153,0.607,0.552,0.662
"TCGA",TRUE,"protein_coding","random",240,"AADACL4|ZNF576|SYP|CARD6",4,0.968,0.808,1.159,0.722,0.52,0.464,0.577
"TCGA",TRUE,"protein_coding","random",241,"NDUFA12|KRT33A|POLR3E|CALM3",4,1.246,1.048,1.481,0.0127,0.566,0.505,0.626
"TCGA",TRUE,"protein_coding","random",242,"LBP|BEST4|HSPA9|ETDA",4,1.012,0.854,1.198,0.893,0.543,0.488,0.599
"TCGA",TRUE,"protein_coding","random",243,"LCE2D|GPR180|NR5A2|LAPTM4A",4,1.083,0.908,1.293,0.375,0.495,0.436,0.555
"TCGA",TRUE,"protein_coding","random",244,"CDK11A|SRP68|MTMR7|PLK5",4,0.869,0.728,1.038,0.122,0.525,0.467,0.584
"TCGA",TRUE,"protein_coding","random",245,"OR8A1|SPARCL1|ZBED2|PKN1",4,1.001,0.857,1.17,0.986,0.5,0.443,0.558
"TCGA",TRUE,"protein_coding","random",246,"BNC1|KLF3|CT45A1|KRT23",4,1.158,0.992,1.353,0.0629,0.576,0.52,0.632
"TCGA",TRUE,"protein_coding","random",247,"SEC22B|TBC1D3|SAMHD1|EZH2",4,1.036,0.879,1.22,0.673,0.5,0.442,0.558
"TCGA",TRUE,"protein_coding","random",248,"NAALADL2|WDPCP|CHDH|TMEM38A",4,0.877,0.73,1.054,0.162,0.517,0.455,0.58
"TCGA",TRUE,"protein_coding","random",249,"IQCJ-SCHIP1|TXNRD1|NPTXR|AL110118.1",4,1.271,1.068,1.513,0.0069,0.541,0.481,0.6
"TCGA",TRUE,"protein_coding","random",250,"KRT79|UBALD1|BAIAP3|ZFAT",4,0.976,0.814,1.172,0.797,0.514,0.456,0.572
"TCGA",TRUE,"protein_coding","random",251,"PSMB1|H1-1|BICDL2|FCER2",4,0.726,0.609,0.867,0.000385,0.596,0.54,0.652
"TCGA",TRUE,"protein_coding","random",252,"DNAJC2|MYH10|SMIM36|TRIM49C",4,1.034,0.869,1.23,0.704,0.544,0.488,0.6
"TCGA",TRUE,"protein_coding","random",253,"PCSK5|SPNS2|UBE2QL1|BICDL1",4,1.058,0.889,1.258,0.527,0.529,0.471,0.586
"TCGA",TRUE,"protein_coding","random",254,"C4A|DAAM1|GPR39|SPDYE9",4,0.925,0.78,1.098,0.372,0.517,0.459,0.575
"TCGA",TRUE,"protein_coding","random",255,"SAT2|LCE1E|ERF|SLC25A33",4,0.959,0.813,1.132,0.625,0.511,0.454,0.568
"TCGA",TRUE,"protein_coding","random",256,"PSMA1|AC010980.1|BCAR3|LIN7C",4,1.323,1.123,1.558,0.000801,0.589,0.53,0.647
"TCGA",TRUE,"protein_coding","random",257,"ISG20|ANO10|SLCO2A1|TOM1L1",4,1.104,0.922,1.32,0.282,0.499,0.443,0.555
"TCGA",TRUE,"protein_coding","random",258,"PPY|ISG20|CERK|KCTD10",4,0.943,0.796,1.117,0.497,0.539,0.482,0.596
"TCGA",TRUE,"protein_coding","random",259,"TAS2R50|GRAP2|TMEM258|CLK2",4,0.881,0.739,1.052,0.161,0.557,0.497,0.618
"TCGA",TRUE,"protein_coding","random",260,"HLA-DQA2|AP1M2|IFNK|RAI2",4,0.793,0.666,0.943,0.00877,0.573,0.519,0.628
"TCGA",TRUE,"protein_coding","random",261,"UPK2|NTNG1|AKIRIN2|HTR2B",4,0.994,0.841,1.175,0.945,0.517,0.458,0.575
"TCGA",TRUE,"protein_coding","random",262,"SOX21|GRK2|ADGRG5|AC068580.4",4,0.924,0.782,1.091,0.35,0.543,0.484,0.601
"TCGA",TRUE,"protein_coding","random",263,"FABP6|TSSK6|BMP3|RAB11FIP5",4,0.93,0.787,1.1,0.396,0.532,0.478,0.586
"TCGA",TRUE,"protein_coding","random",264,"KLF4|FPR2|MTMR14|UST",4,1.115,0.934,1.33,0.227,0.532,0.473,0.591
"TCGA",TRUE,"protein_coding","random",265,"SMAD2|BIRC5|PKHD1L1|THOP1",4,1.153,0.977,1.361,0.093,0.558,0.498,0.618
"TCGA",TRUE,"protein_coding","random",266,"RET|F2R|TAS2R46|MT3",4,1.051,0.893,1.236,0.552,0.515,0.459,0.57
"TCGA",TRUE,"protein_coding","random",267,"SF3A1|SHROOM1|PIH1D1|BZW2",4,1.261,1.042,1.526,0.0173,0.598,0.545,0.652
"TCGA",TRUE,"protein_coding","random",268,"CLIC3|TWF2|NAT1|RPL27A",4,1.027,0.864,1.22,0.766,0.482,0.424,0.541
"TCGA",TRUE,"protein_coding","random",269,"PCNA|MARCO|CREBL2|LNPEP",4,1.045,0.885,1.234,0.606,0.484,0.425,0.543
"TCGA",TRUE,"protein_coding","random",270,"MT1E|MRPL28|SLC30A7|SENP5",4,1.244,1.046,1.479,0.0135,0.561,0.506,0.616
"TCGA",TRUE,"protein_coding","random",271,"NCOA5|RAP2A|C2orf88|EPDR1",4,0.886,0.749,1.049,0.161,0.551,0.495,0.607
"TCGA",TRUE,"protein_coding","random",272,"EIF1AY|ZNF99|PLAGL2|DMRTA1",4,0.968,0.812,1.154,0.718,0.482,0.422,0.542
"TCGA",TRUE,"protein_coding","random",273,"ATAD3A|CCBE1|CALML6|NREP",4,1.029,0.868,1.219,0.746,0.499,0.443,0.554
"TCGA",TRUE,"protein_coding","random",274,"PSKH2|WRNIP1|RPAP3|ANGPT1",4,0.846,0.715,1.002,0.0531,0.528,0.47,0.587
"TCGA",TRUE,"protein_coding","random",275,"GRIFIN|C21orf62|CRYBG2|BTNL2",4,0.969,0.808,1.162,0.735,0.504,0.452,0.556
"TCGA",TRUE,"protein_coding","random",276,"KLHL7|RFT1|MACROD1|MYL3",4,1.014,0.853,1.206,0.873,0.49,0.436,0.545
"TCGA",TRUE,"protein_coding","random",277,"OR5A2|MOG|TMEM266|PLEKHA5",4,0.906,0.758,1.084,0.28,0.554,0.495,0.613
"TCGA",TRUE,"protein_coding","random",278,"FBXL5|PDE1A|PPP1R3F|JCAD",4,1.098,0.928,1.3,0.276,0.489,0.434,0.544
"TCGA",TRUE,"protein_coding","random",279,"KRTAP19-2|DLL3|THAP1|ARHGAP1",4,0.98,0.826,1.163,0.819,0.492,0.432,0.551
"TCGA",TRUE,"protein_coding","random",280,"DUOX2|SLC41A1|ELP6|THNSL2",4,1.04,0.866,1.248,0.675,0.513,0.457,0.569
"TCGA",TRUE,"protein_coding","random",281,"PAGE2B|RPS2|OR2AE1|BYSL",4,1.065,0.907,1.252,0.442,0.554,0.498,0.609
"TCGA",TRUE,"protein_coding","random",282,"RHOF|AK2|CALHM3|ZMYND10",4,1.064,0.888,1.275,0.501,0.532,0.473,0.59
"TCGA",TRUE,"protein_coding","random",283,"SPG21|BICDL1|MPG|ZNF608",4,0.937,0.79,1.11,0.452,0.524,0.468,0.58
"TCGA",TRUE,"protein_coding","random",284,"CNOT9|TRO|SLC35F3|FAM181B",4,1.154,0.971,1.372,0.103,0.556,0.5,0.612
"TCGA",TRUE,"protein_coding","random",285,"HTRA2|IFT57|MTRR|DGKG",4,0.935,0.782,1.116,0.456,0.532,0.477,0.588
"TCGA",TRUE,"protein_coding","random",286,"H3-2|SIMC1|PALM3|AP4S1",4,0.938,0.793,1.11,0.457,0.537,0.479,0.594
"TCGA",TRUE,"protein_coding","random",287,"FCMR|ST3GAL1|MMP16|PCP4L1",4,0.797,0.68,0.935,0.00527,0.588,0.533,0.643
"TCGA",TRUE,"protein_coding","random",288,"CNTROB|MLYCD|BRAT1|BDH1",4,0.93,0.788,1.098,0.391,0.508,0.455,0.561
"TCGA",TRUE,"protein_coding","random",289,"LIN28A|CDON|GLOD4|SELE",4,0.98,0.829,1.16,0.816,0.493,0.438,0.549
"TCGA",TRUE,"protein_coding","random",290,"LIPC|AL121758.1|HOXC13|LHX8",4,1.118,0.93,1.344,0.235,0.549,0.493,0.605
"TCGA",TRUE,"protein_coding","random",291,"FAM217A|PSAP|KCNQ3|SPRR5",4,0.83,0.695,0.99,0.0384,0.548,0.49,0.606
"TCGA",TRUE,"protein_coding","random",292,"VCY1B|CGAS|HBP1|SMIM36",4,1.114,0.95,1.307,0.183,0.54,0.486,0.594
"TCGA",TRUE,"protein_coding","random",293,"SLC5A9|IGSF8|DCST1|AACS",4,1.102,0.92,1.319,0.291,0.549,0.49,0.608
"TCGA",TRUE,"protein_coding","random",294,"CCDC18|PGK1|DENND10|CFAP69",4,1.159,0.987,1.36,0.0721,0.539,0.483,0.595
"TCGA",TRUE,"protein_coding","random",295,"RNASE13|IYD|FRMD7|FBP2",4,0.801,0.659,0.972,0.0248,0.57,0.512,0.627
"TCGA",TRUE,"protein_coding","random",296,"POC1B-GALNT4|CFAP161|RASGEF1C|UCP3",4,0.98,0.83,1.157,0.809,0.477,0.418,0.535
"TCGA",TRUE,"protein_coding","random",297,"XRCC4|CFHR4|TRARG1|GTF2H1",4,1.177,0.994,1.393,0.0584,0.535,0.473,0.597
"TCGA",TRUE,"protein_coding","random",298,"DMC1|BFSP1|CLEC2L|PMM2",4,1.155,0.978,1.363,0.0903,0.549,0.489,0.609
"TCGA",TRUE,"protein_coding","random",299,"DNAJC22|OR51B2|GTPBP10|MDN1",4,0.991,0.831,1.183,0.924,0.473,0.417,0.529
"TCGA",TRUE,"protein_coding","random",300,"THSD7A|RPS14|TBX6|WWOX",4,0.952,0.801,1.132,0.578,0.492,0.434,0.55
"TCGA",TRUE,"protein_coding","random",301,"AKAP4|MED13|DMPK|SIGLEC9",4,0.973,0.828,1.143,0.74,0.521,0.465,0.576
"TCGA",TRUE,"protein_coding","random",302,"DEFB112|GPR22|MAN2C1|AC231656.1",4,0.788,0.635,0.978,0.0305,0.579,0.523,0.636
"TCGA",TRUE,"protein_coding","random",303,"HBEGF|IGFN1|VEZF1|LMO4",4,1.007,0.852,1.191,0.935,0.472,0.415,0.53
"TCGA",TRUE,"protein_coding","random",304,"PTEN|RABGGTA|GMFG|GRINA",4,0.927,0.78,1.102,0.39,0.546,0.491,0.601
"TCGA",TRUE,"protein_coding","random",305,"GRM5|MYL10|APOBEC3F|OTUD6B",4,1.163,0.982,1.377,0.0797,0.542,0.482,0.603
"TCGA",TRUE,"protein_coding","random",306,"RTN4RL1|GPR173|SDR9C7|AFAP1",4,1.077,0.906,1.28,0.399,0.533,0.478,0.589
"TCGA",TRUE,"protein_coding","random",307,"CLCN5|SEPTIN1|CSAD|UTP20",4,0.78,0.655,0.929,0.0053,0.564,0.508,0.619
"TCGA",TRUE,"protein_coding","random",308,"XDH|EBF4|TMEM94|COMP",4,0.944,0.798,1.116,0.498,0.539,0.481,0.597
"TCGA",TRUE,"protein_coding","random",309,"PISD|THBS2|ZNF20|IMMP1L",4,0.992,0.838,1.174,0.924,0.525,0.469,0.582
"TCGA",TRUE,"protein_coding","random",310,"KYNU|TOP1MT|PKHD1|FNBP1L",4,1.172,0.988,1.39,0.0692,0.559,0.5,0.618
"TCGA",TRUE,"protein_coding","random",311,"ZBTB25|KASH5|ADGRG5|CEP57L1",4,0.933,0.783,1.111,0.433,0.541,0.486,0.597
"TCGA",TRUE,"protein_coding","random",312,"GUF1|LRIT2|HOPX|NMUR1",4,0.858,0.707,1.042,0.122,0.544,0.487,0.602
"TCGA",TRUE,"protein_coding","random",313,"OXGR1|LAD1|MGAT4C|ZNF770",4,1.092,0.921,1.294,0.311,0.538,0.48,0.595
"TCGA",TRUE,"protein_coding","random",314,"MAP3K15|RBP3|DHDH|PNOC",4,0.829,0.704,0.978,0.0257,0.573,0.517,0.629
"TCGA",TRUE,"protein_coding","random",315,"TMEM170B|METRNL|YBEY|APOLD1",4,1.105,0.938,1.301,0.234,0.493,0.441,0.545
"TCGA",TRUE,"protein_coding","random",316,"ARF1|RNF224|DHFR2|CP",4,1.065,0.886,1.279,0.504,0.534,0.475,0.593
"TCGA",TRUE,"protein_coding","random",317,"CACNA1F|CDC25C|MOGAT3|ZBTB45",4,1.269,1.06,1.521,0.00965,0.56,0.502,0.619
"TCGA",TRUE,"protein_coding","random",318,"SDHA|SPCS1|LAPTM4A|GTPBP3",4,1.045,0.878,1.243,0.619,0.487,0.431,0.543
"TCGA",TRUE,"protein_coding","random",319,"HGSNAT|MRPS18B|MYCBPAP|RAB24",4,0.984,0.833,1.163,0.849,0.507,0.453,0.561
"TCGA",TRUE,"protein_coding","random",320,"CSNK1A1L|DNAAF2|TTF1|GOLGA1",4,1.063,0.891,1.268,0.495,0.551,0.495,0.606
"TCGA",TRUE,"protein_coding","random",321,"PRMT8|P2RX4|ATP2C2|C16orf74",4,0.96,0.809,1.14,0.643,0.495,0.439,0.551
"TCGA",TRUE,"protein_coding","random",322,"MAPK15|OPHN1|TNPO1|ZBBX",4,0.973,0.818,1.156,0.753,0.499,0.442,0.555
"TCGA",TRUE,"protein_coding","random",323,"PRDM4|C6orf132|FGF2|RBFA",4,1.221,1.028,1.451,0.023,0.579,0.525,0.633
"TCGA",TRUE,"protein_coding","random",324,"SULT1A3|GPR173|PERM1|TDP2",4,0.917,0.772,1.088,0.319,0.515,0.458,0.573
"TCGA",TRUE,"protein_coding","random",325,"UGT1A10|ZSCAN21|NUP133|NFATC3",4,0.981,0.834,1.154,0.82,0.483,0.427,0.538
"TCGA",TRUE,"protein_coding","random",326,"ZNF324|CNBP|ADAM28|PRELID2",4,1.043,0.882,1.233,0.62,0.519,0.463,0.575
"TCGA",TRUE,"protein_coding","random",327,"COPS9|AKR1B1|OR2L5|RTP2",4,1.175,0.995,1.389,0.0576,0.533,0.475,0.592
"TCGA",TRUE,"protein_coding","random",328,"KIAA0895|RUNDC3B|RNF135|GALK2",4,1.046,0.872,1.253,0.63,0.525,0.463,0.586
"TCGA",TRUE,"protein_coding","random",329,"RAB40B|NDUFB1|RTP5|ERC2",4,0.765,0.636,0.92,0.00435,0.58,0.523,0.637
"TCGA",TRUE,"protein_coding","random",330,"PYROXD1|NOXO1|GLDC|CCND3",4,1.041,0.859,1.261,0.685,0.51,0.45,0.57
"TCGA",TRUE,"protein_coding","random",331,"DLX6|CCN5|CNKSR1|PTPRT",4,0.843,0.709,1.002,0.0532,0.538,0.483,0.593
"TCGA",TRUE,"protein_coding","random",332,"SPOUT1|STXBP5|DRAM2|PRR18",4,0.958,0.814,1.127,0.605,0.53,0.472,0.588
"TCGA",TRUE,"protein_coding","random",333,"RUSF1|BEST3|AGK|ADAMTS14",4,1.323,1.106,1.584,0.00227,0.576,0.521,0.631
"TCGA",TRUE,"protein_coding","random",334,"GPKOW|STAU2|KIF4A|KRTAP21-2",4,1.174,0.998,1.382,0.0526,0.567,0.508,0.627
"TCGA",TRUE,"protein_coding","random",335,"H2AW|TAGLN3|ANK1|FAM83E",4,0.997,0.83,1.198,0.972,0.497,0.438,0.556
"TCGA",TRUE,"protein_coding","random",336,"PARP8|MCM3AP|WNT9A|POU6F1",4,0.925,0.786,1.088,0.347,0.55,0.495,0.604
"TCGA",TRUE,"protein_coding","random",337,"HTATSF1|PDCL|SNURF|ALPL",4,0.928,0.781,1.102,0.393,0.524,0.466,0.581
"TCGA",TRUE,"protein_coding","random",338,"NEU2|NAIP|MED13L|ZNF669",4,0.971,0.82,1.15,0.732,0.531,0.475,0.587
"TCGA",TRUE,"protein_coding","random",339,"SLC4A3|TRIM33|LPAR2|CNOT3",4,1.122,0.944,1.333,0.192,0.553,0.502,0.605
"TCGA",TRUE,"protein_coding","random",340,"ZC4H2|PLIN2|ERCC5|ZIM3",4,1.121,0.946,1.328,0.188,0.536,0.476,0.596
"TCGA",TRUE,"protein_coding","random",341,"CAB39|NID2|BCAT2|ORC4",4,1.157,0.975,1.374,0.0952,0.526,0.47,0.583
"TCGA",TRUE,"protein_coding","random",342,"DPM1|GPR19|VAX1|HERPUD2",4,1.273,1.081,1.499,0.00379,0.574,0.517,0.63
"TCGA",TRUE,"protein_coding","random",343,"TSACC|PPM1E|MXD3|NKX2-6",4,1.015,0.85,1.212,0.87,0.507,0.447,0.566
"TCGA",TRUE,"protein_coding","random",344,"GAB2|KDM1A|ADAMTS18|RTN4IP1",4,1.042,0.87,1.247,0.658,0.492,0.43,0.555
"TCGA",TRUE,"protein_coding","random",345,"GKAP1|SLC47A2|OGN|SP9",4,0.85,0.709,1.019,0.0797,0.548,0.492,0.604
"TCGA",TRUE,"protein_coding","random",346,"ZNF117|DBT|FRMD3|TMUB1",4,1.122,0.937,1.344,0.21,0.541,0.478,0.604
"TCGA",TRUE,"protein_coding","random",347,"SRP14|CRYBA2|ING2|KHSRP",4,1.285,1.071,1.543,0.00708,0.604,0.545,0.663
"TCGA",TRUE,"protein_coding","random",348,"XIRP2|RAB8A|ARG1|CHMP2A",4,1.061,0.888,1.27,0.514,0.521,0.459,0.583
"TCGA",TRUE,"protein_coding","random",349,"IGSF1|CLRN2|OR4B1|OR13A1",4,1.033,0.848,1.258,0.749,0.505,0.446,0.565
"TCGA",TRUE,"protein_coding","random",350,"HOXA3|WDR1|ZNF487|HAS3",4,1.155,0.964,1.384,0.119,0.556,0.498,0.615
"TCGA",TRUE,"protein_coding","random",351,"SLFN12|LPP|WLS|MID1",4,0.982,0.825,1.17,0.843,0.51,0.446,0.574
"TCGA",TRUE,"protein_coding","random",352,"CCRL2|ZNF45|XPC|KRTAP1-4",4,1.041,0.878,1.235,0.641,0.506,0.444,0.567
"TCGA",TRUE,"protein_coding","random",353,"ESR1|NT5C1B|SLC7A1|BLVRB",4,1.199,1.006,1.429,0.0431,0.552,0.494,0.611
"TCGA",TRUE,"protein_coding","random",354,"LILRA6|TEDDM1|TMEM178A|MT1X",4,0.967,0.827,1.129,0.668,0.519,0.465,0.573
"TCGA",TRUE,"protein_coding","random",355,"PFDN2|H3C13|KIAA0100|GTF3A",4,1.159,0.982,1.366,0.0803,0.553,0.491,0.615
"TCGA",TRUE,"protein_coding","random",356,"KLHDC7B|FXYD1|SLC2A7|OR11G2",4,0.982,0.828,1.166,0.839,0.509,0.449,0.569
"TCGA",TRUE,"protein_coding","random",357,"OR2G6|CERS5|FBXO45|NDUFS7",4,1.167,0.986,1.383,0.0733,0.531,0.474,0.588
"TCGA",TRUE,"protein_coding","random",358,"CFHR5|NLK|RAVER1|MSH3",4,1.163,0.976,1.385,0.0914,0.576,0.521,0.631
"TCGA",TRUE,"protein_coding","random",359,"SH3BP5|TMEM132E|ABCF2|AUP1",4,0.94,0.796,1.11,0.466,0.535,0.477,0.593
"TCGA",TRUE,"protein_coding","random",360,"ARHGEF35|SMG6|MICAL3|POTED",4,1.249,1.064,1.465,0.00642,0.587,0.532,0.641
"TCGA",TRUE,"protein_coding","random",361,"ARGFX|C14orf119|PRDX1|CSRP3",4,0.901,0.751,1.081,0.261,0.535,0.481,0.589
"TCGA",TRUE,"protein_coding","random",362,"SLC35G1|NEU2|SLC6A9|COG1",4,1.205,1.017,1.429,0.0316,0.557,0.502,0.611
"TCGA",TRUE,"protein_coding","random",363,"NLRP2B|MICA|MEX3D|ZNF577",4,0.974,0.818,1.16,0.77,0.516,0.458,0.574
"TCGA",TRUE,"protein_coding","random",364,"ATRX|TSPAN14|OR5H6|PNPLA7",4,0.822,0.694,0.975,0.0244,0.571,0.516,0.626
"TCGA",TRUE,"protein_coding","random",365,"MSTO1|TASOR|PARP15|LTC4S",4,0.71,0.597,0.845,0.000118,0.607,0.554,0.66
"TCGA",TRUE,"protein_coding","random",366,"YWHAQ|FBXL3|NOX1|MATN3",4,1.041,0.875,1.239,0.649,0.464,0.403,0.525
"TCGA",TRUE,"protein_coding","random",367,"CERT1|SGMS2|CLCN4|ADAM33",4,0.956,0.806,1.133,0.603,0.55,0.49,0.61
"TCGA",TRUE,"protein_coding","random",368,"MT3|VPS29|CHMP7|FZD5",4,0.925,0.773,1.107,0.396,0.522,0.466,0.578
"TCGA",TRUE,"protein_coding","random",369,"HNRNPA1|RAB3A|DNAAF4|OR2W1",4,0.954,0.8,1.136,0.595,0.485,0.425,0.546
"TCGA",TRUE,"protein_coding","random",370,"CDC42EP2|LRRC23|PLRG1|CEACAM7",4,1.05,0.893,1.233,0.556,0.537,0.482,0.593
"TCGA",TRUE,"protein_coding","random",371,"KIF2B|AGAP5|MEF2C|LRAT",4,0.915,0.765,1.094,0.328,0.518,0.457,0.578
"TCGA",TRUE,"protein_coding","random",372,"OR4A5|FLI1|KRTAP10-7|TRAPPC10",4,0.949,0.802,1.122,0.54,0.531,0.476,0.586
"TCGA",TRUE,"protein_coding","random",373,"ZNF132|RPS6KA3|GOLGA8K|HINT1",4,0.885,0.75,1.044,0.147,0.572,0.515,0.628
"TCGA",TRUE,"protein_coding","random",374,"C11orf91|ZNF281|CNIH1|GAR1",4,1.483,1.249,1.762,6.97e-06,0.622,0.566,0.679
"TCGA",TRUE,"protein_coding","random",375,"TMEM11|C11orf58|BNIP2|TMEM51",4,1.184,0.999,1.404,0.0508,0.53,0.471,0.588
"TCGA",TRUE,"protein_coding","random",376,"PHACTR1|FAM124A|ADGRE5|IAPP",4,1.077,0.903,1.285,0.41,0.51,0.445,0.574
"TCGA",TRUE,"protein_coding","random",377,"ANKRD44|KLHL12|MIS18A|DTNBP1",4,0.843,0.701,1.014,0.0702,0.569,0.511,0.628
"TCGA",TRUE,"protein_coding","random",378,"FBXW4|ZMYM4|JARID2|EIF2S3",4,1.086,0.916,1.289,0.342,0.564,0.505,0.623
"TCGA",TRUE,"protein_coding","random",379,"CCNJL|BEX2|ATP5MG|AC093155.3",4,0.865,0.731,1.024,0.0917,0.548,0.494,0.602
"TCGA",TRUE,"protein_coding","random",380,"BRAP|KNTC1|CDK16|SLC25A13",4,1.119,0.949,1.319,0.182,0.579,0.527,0.631
"TCGA",TRUE,"protein_coding","random",381,"USP45|SERINC2|MRPS24|PGLS",4,1.087,0.921,1.283,0.323,0.519,0.461,0.578
"TCGA",TRUE,"protein_coding","random",382,"BCORL1|SAE1|KRTAP5-3|HOXC5",4,1.157,0.98,1.367,0.0849,0.571,0.517,0.626
"TCGA",TRUE,"protein_coding","random",383,"VPS35|C11orf16|HLTF|EXD3",4,0.853,0.719,1.013,0.0692,0.553,0.498,0.608
"TCGA",TRUE,"protein_coding","random",384,"ZNF134|AKAP3|KCNK17|KCTD18",4,0.859,0.72,1.025,0.0914,0.56,0.501,0.62
"TCGA",TRUE,"protein_coding","random",385,"HSPA14|IL27RA|KCND2|PLGRKT",4,1.013,0.861,1.191,0.877,0.493,0.442,0.545
"TCGA",TRUE,"protein_coding","random",386,"PCGF1|KDF1|HOXA6|HMX3",4,0.998,0.831,1.198,0.982,0.513,0.453,0.574
"TCGA",TRUE,"protein_coding","random",387,"PKP3|TEX2|SHARPIN|CYP17A1",4,0.936,0.797,1.099,0.422,0.512,0.455,0.569
"TCGA",TRUE,"protein_coding","random",388,"GPN3|TP53AIP1|KLF14|EIF2AK1",4,1.204,1.004,1.445,0.0458,0.553,0.497,0.609
"TCGA",TRUE,"protein_coding","random",389,"GPIHBP1|GPR151|TAMM41|GNAI3",4,1.029,0.871,1.215,0.738,0.522,0.465,0.578
"TCGA",TRUE,"protein_coding","random",390,"BCL2|ATP11B|EMC1|IFNW1",4,1.127,0.954,1.331,0.159,0.539,0.484,0.595
"TCGA",TRUE,"protein_coding","random",391,"FAM131B|DVL3|SETD6|TMEM89",4,1.083,0.921,1.274,0.336,0.538,0.482,0.595
"TCGA",TRUE,"protein_coding","random",392,"NCBP3|CXCL12|ATP5MGL|CST9L",4,1.02,0.845,1.232,0.837,0.495,0.436,0.554
"TCGA",TRUE,"protein_coding","random",393,"RAX2|DUSP1|MRPL24|BABAM1",4,1.013,0.855,1.2,0.881,0.49,0.433,0.547
"TCGA",TRUE,"protein_coding","random",394,"SELENOV|TARDBP|DMXL2|AP000781.2",4,0.978,0.824,1.161,0.798,0.482,0.428,0.535
"TCGA",TRUE,"protein_coding","random",395,"RWDD2B|FOXJ3|FBXL16|SRD5A3",4,0.908,0.762,1.082,0.282,0.536,0.479,0.594
"TCGA",TRUE,"protein_coding","random",396,"DCAF17|CA14|FAM199X|C5orf38",4,0.982,0.824,1.17,0.838,0.495,0.436,0.555
"TCGA",TRUE,"protein_coding","random",397,"AL049697.1|RAB11FIP2|STYX|PAK5",4,0.974,0.821,1.156,0.763,0.512,0.454,0.57
"TCGA",TRUE,"protein_coding","random",398,"RREB1|MARCOL|WIPF2|OR14A16",4,1.047,0.875,1.253,0.615,0.518,0.462,0.574
"TCGA",TRUE,"protein_coding","random",399,"FAM155B|ASXL2|CYP4F2|FGF11",4,1.132,0.956,1.341,0.15,0.57,0.513,0.626
"TCGA",TRUE,"protein_coding","random",400,"SHC2|MTIF2|XRCC6|APOB",4,1.273,1.064,1.523,0.00843,0.569,0.512,0.626
"TCGA",TRUE,"protein_coding","random",401,"TMEM132A|TCP11X1|LIPT1|HCRTR2",4,0.764,0.629,0.928,0.00672,0.563,0.508,0.617
"TCGA",TRUE,"protein_coding","random",402,"OR2D2|TEX38|CCN3|SYCP2L",4,1.037,0.87,1.235,0.685,0.537,0.477,0.597
"TCGA",TRUE,"protein_coding","random",403,"CYP2B6|IPCEF1|VILL|OR10G8",4,0.959,0.791,1.162,0.67,0.573,0.517,0.63
"TCGA",TRUE,"protein_coding","random",404,"JAM2|PDP1|NPL|PIK3R5",4,0.81,0.684,0.959,0.0146,0.602,0.55,0.654
"TCGA",TRUE,"protein_coding","random",405,"NOS1AP|RASIP1|ZPBP2|EGLN2",4,0.874,0.731,1.044,0.137,0.56,0.504,0.617
"TCGA",TRUE,"protein_coding","random",406,"GOLT1B|HSD17B8|TRAF7|KAT7",4,1.143,0.957,1.366,0.14,0.53,0.473,0.588
"TCGA",TRUE,"protein_coding","random",407,"FCHSD1|CALU|BLOC1S6|SORBS3",4,0.971,0.818,1.153,0.738,0.536,0.479,0.594
"TCGA",TRUE,"protein_coding","random",408,"THAP10|KIAA2026|TMEM42|CAB39",4,1.172,0.991,1.387,0.0641,0.519,0.459,0.579
"TCGA",TRUE,"protein_coding","random",409,"NPS|EDRF1|YJU2|RPL10A",4,0.93,0.783,1.106,0.414,0.514,0.455,0.573
"TCGA",TRUE,"protein_coding","random",410,"PPP1R16B|GART|MGP|DZIP3",4,0.888,0.747,1.056,0.18,0.545,0.488,0.602
"TCGA",TRUE,"protein_coding","random",411,"LDB3|PDE6C|TNFRSF11A|OR4P4",4,0.946,0.779,1.148,0.574,0.527,0.466,0.589
"TCGA",TRUE,"protein_coding","random",412,"TRAPPC5|MED10|CREM|SPN",4,0.954,0.808,1.125,0.574,0.558,0.504,0.612
"TCGA",TRUE,"protein_coding","random",413,"CNPY3|RNF25|MTMR10|NIPSNAP3A",4,0.938,0.797,1.105,0.447,0.532,0.477,0.587
"TCGA",TRUE,"protein_coding","random",414,"GPR12|CTAG2|USP17L7|SCN1B",4,0.863,0.723,1.03,0.102,0.533,0.474,0.592
"TCGA",TRUE,"protein_coding","random",415,"DGKH|NME1|DES|OR5B2",4,1.03,0.876,1.212,0.717,0.463,0.4,0.525
"TCGA",TRUE,"protein_coding","random",416,"LY6L|WIPI1|METTL7A|ANAPC11",4,0.854,0.717,1.016,0.0754,0.57,0.513,0.627
"TCGA",TRUE,"protein_coding","random",417,"RAB4B|TATDN3|FAM189B|DHX30",4,1.03,0.868,1.222,0.735,0.51,0.451,0.57
"TCGA",TRUE,"protein_coding","random",418,"TMEM138|CDKN2A|FARSB|TMEM253",4,1.111,0.94,1.314,0.216,0.567,0.509,0.625
"TCGA",TRUE,"protein_coding","random",419,"UIMC1|ICMT|MRPS30|OR4F29",4,1.168,1.03,1.324,0.0151,0.553,0.496,0.611
"TCGA",TRUE,"protein_coding","random",420,"OR6B3|CHORDC1|RPRD1B|ERMARD",4,0.953,0.812,1.118,0.552,0.482,0.426,0.537
"TCGA",TRUE,"protein_coding","random",421,"CSRP2|ATP6V0A1|ALDH1L1|AKAP12",4,1.211,1.01,1.452,0.0385,0.582,0.524,0.639
"TCGA",TRUE,"protein_coding","random",422,"FBXW5|SYNGR4|SNRNP200|FABP5",4,1.295,1.084,1.546,0.00435,0.592,0.535,0.65
"TCGA",TRUE,"protein_coding","random",423,"EMC1|SRCAP|GOLGA6L7|HNRNPCL3",4,1.015,0.857,1.203,0.862,0.537,0.477,0.596
"TCGA",TRUE,"protein_coding","random",424,"USP31|VCY1B|TBC1D8B|SERPING1",4,1.074,0.906,1.274,0.41,0.533,0.477,0.589
"TCGA",TRUE,"protein_coding","random",425,"PWWP3B|TMEM196|PIK3R3|SLC28A2",4,0.897,0.752,1.069,0.225,0.517,0.458,0.576
"TCGA",TRUE,"protein_coding","random",426,"KISS1R|IFITM1|RPA2|PNPLA3",4,0.932,0.782,1.11,0.429,0.52,0.463,0.577
"TCGA",TRUE,"protein_coding","random",427,"CHURC1|PRSS22|RRAGC|OR7G2",4,1.057,0.879,1.271,0.558,0.498,0.437,0.559
"TCGA",TRUE,"protein_coding","random",428,"IZUMO4|PCM1|HMGCS2|COQ3",4,0.764,0.636,0.919,0.00421,0.559,0.502,0.616
"TCGA",TRUE,"protein_coding","random",429,"COPA|ZBTB37|RPL24|MRPS21",4,0.943,0.795,1.118,0.497,0.513,0.452,0.573
"TCGA",TRUE,"protein_coding","random",430,"NBPF26|ITGA1|TEX46|CNR2",4,0.888,0.744,1.059,0.186,0.533,0.475,0.59
"TCGA",TRUE,"protein_coding","random",431,"CYTH2|SLC6A13|CDH16|NATD1",4,0.951,0.797,1.135,0.58,0.529,0.473,0.584
"TCGA",TRUE,"protein_coding","random",432,"CACNG4|ZNF488|CARD18|MASTL",4,1.201,1.027,1.404,0.0219,0.565,0.509,0.621
"TCGA",TRUE,"protein_coding","random",433,"FAM120B|LIPM|VRK2|IL23A",4,1.117,0.945,1.32,0.197,0.53,0.473,0.587
"TCGA",TRUE,"protein_coding","random",434,"GUCA1A|DHX38|CNFN|ZNF354A",4,0.94,0.794,1.112,0.469,0.494,0.438,0.55
"TCGA",TRUE,"protein_coding","random",435,"MB21D2|PSME1|MAPK3|CSRP2",4,1.268,1.055,1.524,0.0115,0.543,0.482,0.605
"TCGA",TRUE,"protein_coding","random",436,"AXIN2|IL25|NR5A1|KRT84",4,0.922,0.767,1.108,0.386,0.526,0.47,0.583
"TCGA",TRUE,"protein_coding","random",437,"ZNF772|LLCFC1|OR10T2|GALNT2",4,1.11,0.945,1.304,0.202,0.531,0.474,0.588
"TCGA",TRUE,"protein_coding","random",438,"SLC29A3|SCEL|OR1L8|CNOT7",4,0.884,0.747,1.047,0.154,0.554,0.498,0.61
"TCGA",TRUE,"protein_coding","random",439,"SOX4|RNF7|ERCC1|ERMN",4,1.074,0.907,1.273,0.407,0.528,0.47,0.586
"TCGA",TRUE,"protein_coding","random",440,"LINC02218|MTCH2|C11orf86|RASEF",4,1.106,0.922,1.326,0.277,0.546,0.491,0.602
"TCGA",TRUE,"protein_coding","random",441,"ARL6IP5|MEX3C|AKR1D1|SETD9",4,1.022,0.857,1.218,0.811,0.489,0.43,0.548
"TCGA",TRUE,"protein_coding","random",442,"NRSN1|SAP30L|TSHR|FOXA3",4,0.883,0.733,1.063,0.188,0.52,0.464,0.577
"TCGA",TRUE,"protein_coding","random",443,"FBXL20|UCN2|VCAN|DYRK1B",4,1.138,0.962,1.346,0.132,0.567,0.513,0.621
"TCGA",TRUE,"protein_coding","random",444,"ZBTB10|CENPM|C1QTNF3-AMACR|DIAPH2",4,1.108,0.938,1.308,0.226,0.547,0.489,0.605
"TCGA",TRUE,"protein_coding","random",445,"BTNL2|C16orf90|BTBD2|ERCC8",4,1.111,0.936,1.32,0.229,0.547,0.492,0.601
"TCGA",TRUE,"protein_coding","random",446,"CT83|AC009163.3|FNDC7|LRP11",4,1.079,0.909,1.28,0.386,0.547,0.494,0.6
"TCGA",TRUE,"protein_coding","random",447,"CERKL|HUS1|SPANXD|RPAIN",4,1.067,0.889,1.282,0.485,0.536,0.477,0.596
"TCGA",TRUE,"protein_coding","random",448,"SPACA7|TTPAL|HPGD|LLGL1",4,1.169,0.984,1.387,0.0751,0.561,0.503,0.619
"TCGA",TRUE,"protein_coding","random",449,"DDX42|AC005551.1|MYOCD|CDON",4,0.903,0.762,1.071,0.243,0.513,0.453,0.573
"TCGA",TRUE,"protein_coding","random",450,"XAGE1A|AC005697.1|COL13A1|SASH3",4,0.9,0.759,1.066,0.223,0.55,0.492,0.609
"TCGA",TRUE,"protein_coding","random",451,"PCSK7|EOLA2|SUOX|MYRF",4,0.982,0.828,1.165,0.839,0.506,0.45,0.562
"TCGA",TRUE,"protein_coding","random",452,"PCM1|ATRNL1|GABRB2|MC1R",4,0.864,0.714,1.045,0.132,0.525,0.465,0.585
"TCGA",TRUE,"protein_coding","random",453,"SIPA1|ESRP2|CAVIN4|RNF215",4,0.987,0.834,1.168,0.88,0.504,0.446,0.561
"TCGA",TRUE,"protein_coding","random",454,"MCFD2|HYOU1|FAM236B|GATA3",4,1.088,0.933,1.27,0.281,0.527,0.47,0.585
"TCGA",TRUE,"protein_coding","random",455,"FXR1|AC073082.1|APP|NBPF19",4,1.192,1.01,1.407,0.0382,0.565,0.51,0.62
"TCGA",TRUE,"protein_coding","random",456,"AFF2|TMEM150C|FGFR1|PUSL1",4,0.916,0.772,1.087,0.315,0.505,0.446,0.564
"TCGA",TRUE,"protein_coding","random",457,"GJB4|M6PR|UBFD1|KLC1",4,1.15,0.964,1.372,0.12,0.544,0.486,0.603
"TCGA",TRUE,"protein_coding","random",458,"PLP1|ZMYM1|ZNF485|RAD17",4,0.905,0.755,1.086,0.283,0.533,0.478,0.589
"TCGA",TRUE,"protein_coding","random",459,"CTAGE1|TRIM16L|CEBPZ|STT3A",4,1.193,1.012,1.407,0.0361,0.571,0.518,0.624
"TCGA",TRUE,"protein_coding","random",460,"RPS6KA3|PPP1R3C|ITPR2|FKRP",4,0.822,0.689,0.98,0.0286,0.554,0.496,0.612
"TCGA",TRUE,"protein_coding","random",461,"SHANK3|RPL34|RNF225|CLRN2",4,0.941,0.79,1.121,0.495,0.538,0.485,0.591
"TCGA",TRUE,"protein_coding","random",462,"TCHH|CTDSP1|SRCAP|LAMA3",4,1.258,1.044,1.516,0.0158,0.573,0.515,0.631
"TCGA",TRUE,"protein_coding","random",463,"PROX2|MAN1A2|AL133500.1|RNF208",4,0.973,0.823,1.15,0.749,0.495,0.435,0.555
"TCGA",TRUE,"protein_coding","random",464,"GAD2|ZFHX4|HNRNPA3|STIM2",4,1.067,0.902,1.261,0.449,0.537,0.481,0.592
"TCGA",TRUE,"protein_coding","random",465,"SLC22A31|PCYT1B|TGS1|BOD1L2",4,0.852,0.709,1.023,0.0864,0.541,0.476,0.607
"TCGA",TRUE,"protein_coding","random",466,"NPBWR1|PRKAB2|C9orf50|GAL3ST4",4,1.077,0.917,1.265,0.366,0.523,0.467,0.579
"TCGA",TRUE,"protein_coding","random",467,"IQGAP3|SIRPA|SERPINB5|TOR2A",4,1.319,1.099,1.583,0.00291,0.577,0.522,0.633
"TCGA",TRUE,"protein_coding","random",468,"OTOF|AQP6|CMPK1|HIVEP2",4,0.889,0.756,1.046,0.158,0.513,0.457,0.57
"TCGA",TRUE,"protein_coding","random",469,"SLC6A11|CAPN6|SMIM27|THEM4",4,0.918,0.765,1.101,0.355,0.518,0.458,0.577
"TCGA",TRUE,"protein_coding","random",470,"RHOD|SOST|ANKRD13A|CFAP36",4,0.879,0.734,1.053,0.162,0.556,0.506,0.607
"TCGA",TRUE,"protein_coding","random",471,"NFS1|ATP2B2|ZNF534|MYBPC2",4,0.768,0.645,0.914,0.00294,0.582,0.528,0.635
"TCGA",TRUE,"protein_coding","random",472,"SOX17|ADAMTS8|ANKDD1B|ZSWIM7",4,0.771,0.646,0.919,0.00377,0.59,0.534,0.646
"TCGA",TRUE,"protein_coding","random",473,"IL7|MRPS24|RTP3|NXPE2",4,1.118,0.953,1.311,0.172,0.537,0.482,0.592
"TCGA",TRUE,"protein_coding","random",474,"MAP4K3|ZNF557|MRGPRX2|TMEM82",4,0.948,0.795,1.132,0.557,0.528,0.468,0.588
"TCGA",TRUE,"protein_coding","random",475,"ZNF480|LYG2|LTF|HSD11B2",4,0.898,0.749,1.076,0.244,0.504,0.444,0.564
"TCGA",TRUE,"protein_coding","random",476,"PLA2G15|LTN1|CACNG6|WDR7",4,0.928,0.785,1.098,0.385,0.528,0.476,0.581
"TCGA",TRUE,"protein_coding","random",477,"RETSAT|MGAT1|SMIM15|GID4",4,1.082,0.926,1.264,0.319,0.537,0.483,0.59
"TCGA",TRUE,"protein_coding","random",478,"STPG1|C14orf28|SCML4|FYTTD1",4,0.866,0.725,1.035,0.114,0.556,0.501,0.611
"TCGA",TRUE,"protein_coding","random",479,"ACOT9|AL133500.1|GLB1L|ETV3L",4,0.973,0.819,1.155,0.753,0.516,0.458,0.574
"TCGA",TRUE,"protein_coding","random",480,"RLBP1|TMEM164|APIP|CA7",4,0.954,0.8,1.136,0.596,0.512,0.454,0.569
"TCGA",TRUE,"protein_coding","random",481,"WIF1|RIBC2|VAPB|TRDMT1",4,0.852,0.716,1.013,0.07,0.523,0.465,0.58
"TCGA",TRUE,"protein_coding","random",482,"PSMB6|KATNB1|C7orf31|HOOK2",4,0.984,0.835,1.16,0.845,0.498,0.441,0.554
"TCGA",TRUE,"protein_coding","random",483,"AC005833.1|TPCN1|MUC13|OR51L1",4,0.98,0.813,1.181,0.832,0.478,0.421,0.534
"TCGA",TRUE,"protein_coding","random",484,"NEUROG2|TIMM17B|SSX2IP|ZNF670",4,1.074,0.905,1.275,0.412,0.531,0.474,0.587
"TCGA",TRUE,"protein_coding","random",485,"GNA13|OR2A1|RNFT1|GABRB3",4,0.985,0.834,1.164,0.862,0.542,0.484,0.6
"TCGA",TRUE,"protein_coding","random",486,"TIMP2|CA6|HTR1F|OR4C15",4,1.015,0.855,1.206,0.861,0.517,0.461,0.573
"TCGA",TRUE,"protein_coding","random",487,"ARMCX4|OSTM1|ANGPTL6|KLHL41",4,0.809,0.683,0.959,0.0147,0.588,0.533,0.644
"TCGA",TRUE,"protein_coding","random",488,"ACSL4|SERPINB9|METTL22|FRMPD1",4,1.087,0.908,1.301,0.363,0.509,0.456,0.563
"TCGA",TRUE,"protein_coding","random",489,"FHAD1|RHPN1|DDIT4L|GCM1",4,0.778,0.657,0.921,0.00359,0.569,0.512,0.625
"TCGA",TRUE,"protein_coding","random",490,"ZNF385C|YTHDF2|NLRC5|TMEM51",4,0.993,0.84,1.174,0.932,0.505,0.446,0.563
"TCGA",TRUE,"protein_coding","random",491,"POU6F2|USP15|TRAPPC6B|FUT9",4,1.104,0.933,1.307,0.25,0.526,0.469,0.582
"TCGA",TRUE,"protein_coding","random",492,"GPR68|CPM|ZG16|NOL6",4,1.018,0.846,1.225,0.849,0.507,0.449,0.564
"TCGA",TRUE,"protein_coding","random",493,"TOR1AIP2|PSMC3IP|ZMAT4|MTRNR2L3",4,1.119,0.955,1.312,0.165,0.551,0.496,0.606
"TCGA",TRUE,"protein_coding","random",494,"IPO9|GSDMD|CPSF1|UBE2I",4,1.111,0.928,1.33,0.25,0.538,0.476,0.601
"TCGA",TRUE,"protein_coding","random",495,"ZNF444|SORT1|ZNF425|EVI5L",4,0.872,0.741,1.025,0.0975,0.536,0.48,0.592
"TCGA",TRUE,"protein_coding","random",496,"SLC16A10|TRAPPC2B|CDK18|BMP15",4,0.865,0.731,1.022,0.0891,0.55,0.49,0.611
"TCGA",TRUE,"protein_coding","random",497,"E2F8|LRSAM1|TMF1|TENM4",4,1.022,0.855,1.221,0.815,0.551,0.492,0.61
"TCGA",TRUE,"protein_coding","random",498,"AHCYL1|FERMT2|STEAP1|PPDPF",4,1.231,1.027,1.474,0.0242,0.577,0.517,0.637
"TCGA",TRUE,"protein_coding","random",499,"TFPT|OR51A7|AC117457.1|IL16",4,0.8,0.658,0.973,0.0256,0.599,0.545,0.654
"TCGA",TRUE,"protein_coding","random",500,"SLC7A6|SLC49A3|CLDN19|PAPLN",4,0.677,0.563,0.814,3.27e-05,0.622,0.568,0.677
"TCGA",TRUE,"protein_coding","random",501,"CCDC85C|SMCP|RPS6KL1|RASGRF2",4,1.043,0.881,1.234,0.625,0.494,0.435,0.552
"TCGA",TRUE,"protein_coding","random",502,"ANKS1A|IGSF9B|PPP2CB|FANCD2",4,1.013,0.859,1.196,0.875,0.501,0.446,0.556
"TCGA",TRUE,"protein_coding","random",503,"DPP8|CD209|HCAR1|PRKCQ",4,0.915,0.771,1.086,0.309,0.536,0.479,0.594
"TCGA",TRUE,"protein_coding","random",504,"ADAM23|CLDN7|AJM1|COPA",4,1.103,0.922,1.32,0.283,0.538,0.481,0.595
"TCGA",TRUE,"protein_coding","random",505,"CEND1|KLHL30|ZNF226|STRBP",4,1.016,0.861,1.198,0.854,0.499,0.445,0.552
"TCGA",TRUE,"protein_coding","random",506,"CHSY1|KDM5A|CATSPER3|COMTD1",4,1.109,0.941,1.306,0.219,0.526,0.47,0.582
"TCGA",TRUE,"protein_coding","random",507,"TCF24|PRAMEF14|EPHA1|INTS9",4,1.011,0.849,1.204,0.904,0.498,0.438,0.558
"TCGA",TRUE,"protein_coding","random",508,"RETREG1|SBF2|XCL1|ACTRT2",4,0.954,0.787,1.157,0.634,0.495,0.439,0.55
"TCGA",TRUE,"protein_coding","random",509,"ZMYM3|TNP1|TRIM6|MBLAC1",4,1.034,0.867,1.234,0.707,0.526,0.466,0.587
"TCGA",TRUE,"protein_coding","random",510,"COL18A1|KCNK5|SPACA6|ZHX3",4,0.908,0.769,1.074,0.26,0.514,0.461,0.568
"TCGA",TRUE,"protein_coding","random",511,"ACIN1|KLB|TENM4|OR2W3",4,0.933,0.779,1.117,0.452,0.508,0.448,0.568
"TCGA",TRUE,"protein_coding","random",512,"TIFA|CALM2|RRAS|ECI1",4,1.121,0.953,1.317,0.167,0.527,0.471,0.584
"TCGA",TRUE,"protein_coding","random",513,"LRRC7|FOXE1|FGF9|AKAP11",4,0.913,0.773,1.079,0.286,0.527,0.472,0.582
"TCGA",TRUE,"protein_coding","random",514,"CCZ1B|CCNA1|THBS4|FAM166A",4,0.953,0.805,1.129,0.579,0.529,0.471,0.587
"TCGA",TRUE,"protein_coding","random",515,"PSTK|LCE2C|CLYBL|HEXIM1",4,0.964,0.797,1.167,0.709,0.491,0.435,0.547
"TCGA",TRUE,"protein_coding","random",516,"TRIM62|TMED10|DLG3|ADAMTS13",4,0.943,0.795,1.118,0.498,0.491,0.432,0.549
"TCGA",TRUE,"protein_coding","random",517,"ARG2|WFS1|WDR48|FEV",4,0.996,0.837,1.186,0.966,0.504,0.447,0.56
"TCGA",TRUE,"protein_coding","random",518,"C1orf216|SKOR1|NUMBL|LCE5A",4,1.153,0.973,1.367,0.1,0.532,0.477,0.588
"TCGA",TRUE,"protein_coding","random",519,"ATAD3C|ARL6IP4|GDF15|ELMOD1",4,0.787,0.664,0.933,0.00589,0.57,0.513,0.627
"TCGA",TRUE,"protein_coding","random",520,"ATP7B|ZNF750|GEMIN2|PRSS27",4,0.778,0.644,0.941,0.00952,0.549,0.488,0.61
"TCGA",TRUE,"protein_coding","random",521,"RHOBTB3|MYCBP|KIAA2012|AP3S2",4,0.9,0.756,1.072,0.237,0.512,0.458,0.566
"TCGA",TRUE,"protein_coding","random",522,"PDLIM5|S100A14|SAMD3|RASL10B",4,0.999,0.847,1.178,0.987,0.524,0.469,0.579
"TCGA",TRUE,"protein_coding","random",523,"TSPAN15|G6PD|OPLAH|ISCA2",4,1.058,0.889,1.258,0.526,0.508,0.45,0.566
"TCGA",TRUE,"protein_coding","random",524,"CRYBG3|PRM3|IDH2|CTH",4,0.881,0.738,1.052,0.162,0.502,0.446,0.558
"TCGA",TRUE,"protein_coding","random",525,"CAMK4|TEDDM1|SNX8|UGGT1",4,1.085,0.907,1.297,0.371,0.542,0.485,0.599
"TCGA",TRUE,"protein_coding","random",526,"ANK1|TMCO4|MELK|OR5B3",4,1.149,0.977,1.351,0.0922,0.542,0.483,0.602
"TCGA",TRUE,"protein_coding","random",527,"FAM153B|ZMAT4|ESCO1|ATP13A5",4,0.89,0.739,1.072,0.218,0.552,0.494,0.611
"TCGA",TRUE,"protein_coding","random",528,"SLIT3|HOXA9|VRK1|CNGB1",4,0.927,0.774,1.111,0.411,0.535,0.474,0.595
"TCGA",TRUE,"protein_coding","random",529,"SIRT1|NMRK1|TGIF2LY|TPBG",4,1.244,1.043,1.485,0.0152,0.537,0.483,0.59
"TCGA",TRUE,"protein_coding","random",530,"HMGN2|ANKRD60|ARPC4|LSM5",4,1.135,0.949,1.357,0.165,0.52,0.46,0.58
"TCGA",TRUE,"protein_coding","random",531,"CD74|CLYBL|THAP7|EPPK1",4,0.964,0.813,1.144,0.675,0.52,0.46,0.58
"TCGA",TRUE,"protein_coding","random",532,"RNF225|GKN1|ACVR1C|MLPH",4,0.884,0.739,1.059,0.181,0.538,0.48,0.597
"TCGA",TRUE,"protein_coding","random",533,"FANCD2|FBXO3|ACTRT1|OR7C2",4,1.067,0.925,1.231,0.374,0.518,0.46,0.576
"TCGA",TRUE,"protein_coding","random",534,"ATG7|MIPOL1|NMRK2|DHRS12",4,0.919,0.766,1.103,0.367,0.543,0.488,0.599
"TCGA",TRUE,"protein_coding","random",535,"SPTSSB|OSBPL7|PRSS58|IDH3G",4,1.011,0.847,1.206,0.907,0.521,0.462,0.58
"TCGA",TRUE,"protein_coding","random",536,"NANOS2|TRMT61B|RNF227|EHBP1",4,1.221,1.027,1.45,0.0233,0.562,0.504,0.621
"TCGA",TRUE,"protein_coding","random",537,"RNASE2|COL24A1|PTK2B|INHBC",4,0.973,0.828,1.142,0.735,0.516,0.457,0.575
"TCGA",TRUE,"protein_coding","random",538,"TAFA4|SPRN|AC090527.2|PNLDC1",4,0.934,0.785,1.112,0.442,0.526,0.468,0.583
"TCGA",TRUE,"protein_coding","random",539,"ACSM3|KLHL3|ATP6V1H|IL17C",4,0.906,0.76,1.08,0.272,0.559,0.499,0.618
"TCGA",TRUE,"protein_coding","random",540,"ALK|ACOXL|RAB4A|RTN4",4,0.864,0.728,1.027,0.0969,0.549,0.495,0.603
"TCGA",TRUE,"protein_coding","random",541,"C16orf46|CD52|HPCA|MAGI3",4,0.815,0.685,0.969,0.0204,0.585,0.53,0.64
"TCGA",TRUE,"protein_coding","random",542,"CEP350|FOXD4L5|DRICH1|THAP2",4,0.886,0.741,1.059,0.182,0.55,0.49,0.61
"TCGA",TRUE,"protein_coding","random",543,"PDPR|CASP4|CP|HS6ST2",4,1.092,0.93,1.282,0.282,0.527,0.468,0.586
"TCGA",TRUE,"protein_coding","random",544,"RYR3|CLN3|MYOT|AL121899.2",4,0.851,0.701,1.032,0.101,0.582,0.527,0.636
"TCGA",TRUE,"protein_coding","random",545,"EEF1AKMT3|ARHGAP33|CDIN1|SCP2D1",4,1.014,0.855,1.203,0.873,0.513,0.458,0.568
"TCGA",TRUE,"protein_coding","random",546,"GMFG|TNFRSF14|LGALS9|TCTE3",4,0.849,0.722,0.999,0.0488,0.582,0.523,0.64
"TCGA",TRUE,"protein_coding","random",547,"CFC1B|LRRC23|COL9A2|SNRNP27",4,1,0.838,1.193,0.999,0.491,0.435,0.546
"TCGA",TRUE,"protein_coding","random",548,"SOX2|UNC93B1|PNISR|ACAD10",4,0.862,0.733,1.015,0.0747,0.527,0.471,0.583
"TCGA",TRUE,"protein_coding","random",549,"GTF3C2|ZDHHC16|HNF4G|LEFTY2",4,0.947,0.8,1.121,0.526,0.534,0.475,0.594
"TCGA",TRUE,"protein_coding","random",550,"DNAJA3|ADGRF2|C17orf49|ACTR1A",4,0.949,0.795,1.133,0.563,0.505,0.444,0.567
"TCGA",TRUE,"protein_coding","random",551,"MSH5-SAPCD1|CAMK4|EXOSC3|UBE3A",4,0.909,0.753,1.097,0.32,0.52,0.459,0.581
"TCGA",TRUE,"protein_coding","random",552,"APOC4|IQCD|RYR1|SPIN2B",4,0.875,0.734,1.044,0.138,0.537,0.48,0.593
"TCGA",TRUE,"protein_coding","random",553,"NARF|AC104304.2|SPEM3|CALM1",4,0.936,0.787,1.113,0.451,0.516,0.458,0.574
"TCGA",TRUE,"protein_coding","random",554,"ZC2HC1B|COL18A1|MICAL2|SPEGNB",4,1.001,0.849,1.18,0.994,0.497,0.442,0.552
"TCGA",TRUE,"protein_coding","random",555,"MED20|PSMA8|EGFL6|GNA12",4,1.095,0.918,1.308,0.313,0.512,0.451,0.573
"TCGA",TRUE,"protein_coding","random",556,"TNFSF13B|PCGF1|SON|AMBN",4,0.977,0.821,1.163,0.794,0.545,0.492,0.597
"TCGA",TRUE,"protein_coding","random",557,"PRSS16|MMP12|CENPA|MRPS28",4,1.145,0.963,1.362,0.124,0.547,0.489,0.604
"TCGA",TRUE,"protein_coding","random",558,"AMY2B|OPN1LW|PIAS3|LSM5",4,1.044,0.874,1.247,0.634,0.516,0.457,0.575
"TCGA",TRUE,"protein_coding","random",559,"TAMM41|TRIP6|FAM193A|NFATC4",4,0.969,0.814,1.153,0.721,0.476,0.417,0.536
"TCGA",TRUE,"protein_coding","random",560,"CSGALNACT2|HMG20B|TIGD7|RABEP2",4,1.097,0.923,1.304,0.293,0.538,0.479,0.597
"TCGA",TRUE,"protein_coding","random",561,"BACH2|CCDC63|SYNJ2BP|ABCC4",4,0.901,0.756,1.075,0.247,0.54,0.48,0.6
"TCGA",TRUE,"protein_coding","random",562,"UBE2D2|SRSF11|AC233723.1|IRF7",4,0.962,0.811,1.141,0.657,0.529,0.476,0.582
"TCGA",TRUE,"protein_coding","random",563,"GFPT2|CD200|SLC38A9|STRA8",4,1.062,0.896,1.259,0.486,0.492,0.437,0.547
"TCGA",TRUE,"protein_coding","random",564,"MRPL43|BTF3L4|RORC|RRP36",4,0.972,0.822,1.15,0.742,0.482,0.429,0.536
"TCGA",TRUE,"protein_coding","random",565,"OR6M1|SCART1|ELMOD2|HMGCL",4,0.983,0.819,1.181,0.858,0.51,0.452,0.569
"TCGA",TRUE,"protein_coding","random",566,"KERA|TRIP10|LRR1|ZSCAN2",4,1.205,1.016,1.428,0.0317,0.569,0.515,0.624
"TCGA",TRUE,"protein_coding","random",567,"TEDDM1|TCF23|ZNF569|USP9Y",4,1.078,0.91,1.277,0.387,0.523,0.467,0.579
"TCGA",TRUE,"protein_coding","random",568,"TMEM88|TIMM29|PLLP|PRR23D1",4,0.923,0.779,1.093,0.355,0.533,0.48,0.585
"TCGA",TRUE,"protein_coding","random",569,"TMEM186|RFT1|ZNF786|CHTOP",4,0.996,0.834,1.19,0.967,0.492,0.432,0.553
"TCGA",TRUE,"protein_coding","random",570,"DUSP9|PLXNA1|CANT1|KIF2A",4,1.204,1.008,1.439,0.0403,0.544,0.485,0.602
"TCGA",TRUE,"protein_coding","random",571,"SCRG1|NIPAL2|WDR81|UBTD2",4,1.011,0.861,1.188,0.892,0.495,0.437,0.553
"TCGA",TRUE,"protein_coding","random",572,"PEAR1|PRSS2|C1QTNF8|CRBN",4,1.011,0.851,1.2,0.905,0.478,0.421,0.536
"TCGA",TRUE,"protein_coding","random",573,"KLK4|PTCH2|KRT75|COCH",4,0.994,0.845,1.171,0.947,0.525,0.47,0.58
"TCGA",TRUE,"protein_coding","random",574,"CWC22|GDF11|OR2J3|FRK",4,0.939,0.789,1.117,0.477,0.493,0.437,0.55
"TCGA",TRUE,"protein_coding","random",575,"VEGFB|BAG5|SLC10A1|CEMIP",4,1.142,0.976,1.336,0.0972,0.537,0.48,0.594
"TCGA",TRUE,"protein_coding","random",576,"OR9K2|TAF5|CEP350|TMEM138",4,1.008,0.856,1.187,0.921,0.528,0.472,0.585
"TCGA",TRUE,"protein_coding","random",577,"FCER1G|CCT5|LEAP2|GLRX3",4,1.07,0.897,1.276,0.452,0.499,0.442,0.556
"TCGA",TRUE,"protein_coding","random",578,"CLC|KIAA1755|UGT2B11|PECR",4,1.084,0.909,1.292,0.371,0.524,0.463,0.584
"TCGA",TRUE,"protein_coding","random",579,"TIGAR|AC138969.1|PPIF|NAA25",4,1.055,0.891,1.249,0.533,0.513,0.458,0.569
"TCGA",TRUE,"protein_coding","random",580,"VAV1|DBX2|C1orf158|RRAGB",4,0.918,0.775,1.088,0.325,0.538,0.482,0.593
"TCGA",TRUE,"protein_coding","random",581,"DMAC2L|ATPSCKMT|CBS|CRPPA",4,0.994,0.827,1.193,0.945,0.505,0.446,0.564
"TCGA",TRUE,"protein_coding","random",582,"ADAM30|SH3BP2|IFT43|LCNL1",4,0.944,0.797,1.119,0.509,0.513,0.458,0.568
"TCGA",TRUE,"protein_coding","random",583,"SLC25A52|TATDN1|OPTN|UBQLN2",4,1.181,1.013,1.378,0.0338,0.543,0.483,0.602
"TCGA",TRUE,"protein_coding","random",584,"CYP4F22|AKR1B10|TPRA1|LMBR1",4,1.232,1.032,1.47,0.0208,0.549,0.493,0.605
"TCGA",TRUE,"protein_coding","random",585,"PDZK1IP1|DCTPP1|RFX6|CYB5R3",4,0.952,0.806,1.125,0.565,0.502,0.445,0.559
"TCGA",TRUE,"protein_coding","random",586,"PLAC8L1|CDIN1|DBN1|SIK3",4,1.235,1.035,1.474,0.0191,0.591,0.536,0.646
"TCGA",TRUE,"protein_coding","random",587,"ZNF730|DOCK4|UTP20|DMRTC1",4,0.865,0.721,1.037,0.117,0.509,0.452,0.565
"TCGA",TRUE,"protein_coding","random",588,"SPATA19|SULT4A1|TGFB2|RIMS1",4,0.857,0.719,1.021,0.0838,0.542,0.481,0.604
"TCGA",TRUE,"protein_coding","random",589,"ZNF846|OR5W2|TEF|H2BC5",4,1.098,0.919,1.312,0.302,0.498,0.439,0.557
"TCGA",TRUE,"protein_coding","random",590,"GATA4|CHST14|ACYP1|NCBP3",4,1.085,0.911,1.291,0.359,0.537,0.479,0.594
"TCGA",TRUE,"protein_coding","random",591,"EIF1AD|PLCG1|BAZ1B|MAP3K11",4,1.06,0.888,1.266,0.518,0.538,0.479,0.597
"TCGA",TRUE,"protein_coding","random",592,"ALG13|SEPSECS|HAUS4|SPDYA",4,0.947,0.794,1.129,0.54,0.537,0.481,0.593
"TCGA",TRUE,"protein_coding","random",593,"CDHR2|ZNF491|EPHA7|EFTUD2",4,1.028,0.863,1.225,0.758,0.514,0.455,0.573
"TCGA",TRUE,"protein_coding","random",594,"BTBD9|PFDN4|SHCBP1L|SLFN12",4,0.825,0.685,0.994,0.0435,0.578,0.525,0.631
"TCGA",TRUE,"protein_coding","random",595,"ARL4C|TMEM220|CEACAM3|STXBP1",4,0.906,0.762,1.077,0.264,0.535,0.475,0.595
"TCGA",TRUE,"protein_coding","random",596,"ITPKA|COMMD6|UQCRC2|ZNF793",4,1.104,0.934,1.305,0.246,0.53,0.468,0.591
"TCGA",TRUE,"protein_coding","random",597,"SKOR1|WDR4|BASP1|OR52N4",4,0.965,0.807,1.153,0.692,0.486,0.432,0.541
"TCGA",TRUE,"protein_coding","random",598,"KRT16|RGS20|KRTAP4-12|SLC9A3",4,1.283,1.106,1.489,0.00101,0.57,0.519,0.622
"TCGA",TRUE,"protein_coding","random",599,"CCDC138|ENO1|NIM1K|MEGF9",4,1.204,0.999,1.452,0.0517,0.556,0.5,0.612
"TCGA",TRUE,"protein_coding","random",600,"TRIM41|RSPH14|ASB11|IGF2BP3",4,0.941,0.794,1.116,0.486,0.523,0.462,0.583
"TCGA",TRUE,"protein_coding","random",601,"INCENP|SPINK8|TET1|WDR64",4,1.212,1.024,1.435,0.0252,0.569,0.513,0.625
"TCGA",TRUE,"protein_coding","random",602,"COG7|TMEM259|GNB3|PRSS48",4,0.949,0.798,1.128,0.554,0.501,0.44,0.561
"TCGA",TRUE,"protein_coding","random",603,"OR51D1|TM4SF19-TCTEX1D2|C8B|OR11H2",4,0.837,0.683,1.027,0.0882,0.543,0.485,0.602
"TCGA",TRUE,"protein_coding","random",604,"GH2|AKAP6|LY86|FAM24A",4,0.794,0.665,0.947,0.0105,0.592,0.537,0.646
"TCGA",TRUE,"protein_coding","random",605,"EIF3D|VCAM1|TMEM30B|TRPC4",4,1.087,0.913,1.296,0.348,0.504,0.445,0.564
"TCGA",TRUE,"protein_coding","random",606,"SAPCD2|ACTRT3|PLAU|IFNA13",4,1.424,1.22,1.662,7.53e-06,0.601,0.544,0.658
"TCGA",TRUE,"protein_coding","random",607,"POLA1|KCNA10|GABRG3|ELAVL3",4,1.011,0.845,1.208,0.907,0.509,0.448,0.569
"TCGA",TRUE,"protein_coding","random",608,"ARHGEF38|LRRC15|SIGLEC7|USB1",4,0.875,0.741,1.033,0.115,0.556,0.502,0.611
"TCGA",TRUE,"protein_coding","random",609,"RBKS|LRRC49|SUPT3H|UBE2E1",4,1.013,0.852,1.203,0.886,0.5,0.441,0.56
"TCGA",TRUE,"protein_coding","random",610,"CSDE1|ABHD14B|CYTL1|DNAJB7",4,0.983,0.836,1.156,0.834,0.506,0.449,0.564
"TCGA",TRUE,"protein_coding","random",611,"MYO9A|SPC25|PRKDC|RAB40B",4,1.148,0.966,1.364,0.117,0.569,0.512,0.627
"TCGA",TRUE,"protein_coding","random",612,"MTCP1|SLC25A19|ABO|HUNK",4,0.803,0.671,0.96,0.0161,0.563,0.508,0.618
"TCGA",TRUE,"protein_coding","random",613,"TUBB1|ADA|ARHGAP19|PBX3",4,0.978,0.828,1.155,0.794,0.501,0.444,0.557
"TCGA",TRUE,"protein_coding","random",614,"C8orf34|SPDYA|PPDPFL|ASCL5",4,0.92,0.775,1.092,0.339,0.562,0.503,0.621
"TCGA",TRUE,"protein_coding","random",615,"DAO|SAP25|SLC27A5|RIN1",4,1.053,0.886,1.251,0.561,0.517,0.46,0.574
"TCGA",TRUE,"protein_coding","random",616,"HINT1|STEAP2|ZDHHC9|TTC38",4,1.095,0.925,1.295,0.292,0.515,0.463,0.567
"TCGA",TRUE,"protein_coding","random",617,"ZFP3|AC008763.2|CEACAM8|NUDT2",4,0.753,0.619,0.915,0.00433,0.582,0.522,0.641
"TCGA",TRUE,"protein_coding","random",618,"ANO2|PLAC9|PDHB|ETS1",4,0.946,0.801,1.117,0.51,0.527,0.469,0.586
"TCGA",TRUE,"protein_coding","random",619,"WIPI2|TPH1|ABCG5|CRIM1",4,1.03,0.864,1.227,0.743,0.541,0.49,0.593
"TCGA",TRUE,"protein_coding","random",620,"CD1E|AURKB|KRT3|CTRB2",4,0.927,0.785,1.095,0.374,0.524,0.466,0.582
"TCGA",TRUE,"protein_coding","random",621,"CXCL2|AL049844.1|MGAT4C|CPA1",4,0.79,0.657,0.949,0.0117,0.571,0.511,0.631
"TCGA",TRUE,"protein_coding","random",622,"DOK1|ZG16B|KLRC4|BHLHA9",4,0.99,0.831,1.181,0.915,0.519,0.465,0.574
"TCGA",TRUE,"protein_coding","random",623,"CBX4|GPR4|CCDC33|SPDYE16",4,0.99,0.835,1.173,0.905,0.503,0.447,0.559
"TCGA",TRUE,"protein_coding","random",624,"TNFSF8|HS3ST1|MRPS18C|ARHGAP23",4,0.95,0.802,1.125,0.552,0.55,0.493,0.607
"TCGA",TRUE,"protein_coding","random",625,"OR5AN1|PYGM|GIMD1|FAM181B",4,0.894,0.746,1.072,0.227,0.569,0.513,0.624
"TCGA",TRUE,"protein_coding","random",626,"RRM2|ZNF594|EBPL|MARCHF7",4,1.212,1.023,1.436,0.0259,0.57,0.513,0.627
"TCGA",TRUE,"protein_coding","random",627,"CHRNB1|AXIN1|SP7|HNRNPCL4",4,0.911,0.768,1.08,0.283,0.513,0.452,0.573
"TCGA",TRUE,"protein_coding","random",628,"PRXL2C|RBFA|PSAPL1|C11orf65",4,0.972,0.815,1.161,0.757,0.522,0.463,0.582
"TCGA",TRUE,"protein_coding","random",629,"NXPE1|PROKR2|PLXND1|CCDC30",4,0.792,0.662,0.948,0.0108,0.571,0.514,0.629
"TCGA",TRUE,"protein_coding","random",630,"NCALD|NMT2|CNPY3|GML",4,0.976,0.816,1.169,0.795,0.518,0.463,0.573
"TCGA",TRUE,"protein_coding","random",631,"PARN|CD109|TUBA4A|KRTAP5-9",4,1.366,1.137,1.641,0.000877,0.607,0.554,0.661
"TCGA",TRUE,"protein_coding","random",632,"ZNF625|RHOBTB1|RAET1L|IQCM",4,1.115,0.955,1.303,0.168,0.567,0.512,0.621
"TCGA",TRUE,"protein_coding","random",633,"NPHP3|HNRNPH1|PGR|FAM32A",4,0.987,0.831,1.172,0.884,0.52,0.464,0.576
"TCGA",TRUE,"protein_coding","random",634,"RUSF1|ZDHHC2|ENPP5|RBCK1",4,0.824,0.695,0.978,0.0269,0.565,0.51,0.621
"TCGA",TRUE,"protein_coding","random",635,"C12orf29|SLC5A3|PET117|KLC1",4,1.063,0.909,1.244,0.445,0.529,0.474,0.585
"TCGA",TRUE,"protein_coding","random",636,"GPR150|CMC1|MBTPS1|IAH1",4,1.081,0.908,1.288,0.379,0.483,0.426,0.539
"TCGA",TRUE,"protein_coding","random",637,"KCNH8|SOX11|GPR141|CWC22",4,0.977,0.822,1.161,0.789,0.503,0.444,0.562
"TCGA",TRUE,"protein_coding","random",638,"TPST2|ZCWPW1|OR12D2|SYNGR2",4,0.89,0.741,1.068,0.209,0.559,0.503,0.616
"TCGA",TRUE,"protein_coding","random",639,"RPL38|SNX6|AC091959.1|CEP164",4,1.097,0.931,1.293,0.27,0.557,0.501,0.613
"TCGA",TRUE,"protein_coding","random",640,"INTS9|KRAS|DYSF|AP5S1",4,1.03,0.863,1.229,0.745,0.501,0.442,0.56
"TCGA",TRUE,"protein_coding","random",641,"ECEL1|KCNH8|RDH16|CD79A",4,0.943,0.79,1.125,0.515,0.504,0.447,0.562
"TCGA",TRUE,"protein_coding","random",642,"OR1K1|DYNLT1|OR14L1P|TNIP2",4,1.047,0.881,1.243,0.603,0.488,0.433,0.542
"TCGA",TRUE,"protein_coding","random",643,"ASAH2|AL354761.1|HHIP|FHOD1",4,0.89,0.743,1.067,0.208,0.523,0.464,0.583
"TCGA",TRUE,"protein_coding","random",644,"HDAC6|ZNF320|PXT1|CFAP251",4,0.838,0.706,0.995,0.0434,0.559,0.5,0.619
"TCGA",TRUE,"protein_coding","random",645,"SUSD2|TMBIM6|PIRT|LUM",4,0.96,0.809,1.138,0.636,0.553,0.495,0.61
"TCGA",TRUE,"protein_coding","random",646,"C17orf49|RC3H2|PPP5C|RRP9",4,1.057,0.89,1.255,0.527,0.531,0.473,0.59
"TCGA",TRUE,"protein_coding","random",647,"GRHL3|CLDN25|MCM2|TIA1",4,0.991,0.83,1.184,0.923,0.497,0.442,0.551
"TCGA",TRUE,"protein_coding","random",648,"OLIG1|AANAT|SPOCD1|SIRT3",4,0.993,0.834,1.182,0.936,0.536,0.479,0.594
"TCGA",TRUE,"protein_coding","random",649,"DNAJC27|AC073610.2|PDGFC|ZFAND3",4,1.017,0.858,1.206,0.844,0.499,0.441,0.556
"TCGA",TRUE,"protein_coding","random",650,"IPCEF1|SKIV2L|LAMB3|TM9SF1",4,1.072,0.896,1.284,0.447,0.524,0.466,0.583
"TCGA",TRUE,"protein_coding","random",651,"NCCRP1|TMEM167B|USP53|PTPRG",4,1.044,0.885,1.231,0.613,0.52,0.461,0.579
"TCGA",TRUE,"protein_coding","random",652,"CRHR1|MCAM|PDE6D|CETP",4,1.07,0.903,1.268,0.432,0.504,0.446,0.562
"TCGA",TRUE,"protein_coding","random",653,"DOCK6|RIF1|NR3C2|MTFR1",4,1.058,0.891,1.255,0.52,0.534,0.476,0.592
"TCGA",TRUE,"protein_coding","random",654,"PTGER3|PODN|TRIM75P|CCDC112",4,0.951,0.809,1.117,0.542,0.507,0.448,0.566
"TCGA",TRUE,"protein_coding","random",655,"C5orf47|RCC1|BBS4|LMOD1",4,1.004,0.85,1.187,0.958,0.48,0.424,0.536
"TCGA",TRUE,"protein_coding","random",656,"MAGEB3|WDR36|IRF2|PDXDC1",4,1.147,0.978,1.345,0.0914,0.563,0.506,0.62
"TCGA",TRUE,"protein_coding","random",657,"CHST13|TM2D1|SLC39A14|GNL3L",4,1.097,0.921,1.307,0.299,0.528,0.471,0.585
"TCGA",TRUE,"protein_coding","random",658,"SART1|H1-5|GSKIP|F10",4,1.014,0.848,1.211,0.882,0.515,0.456,0.573
"TCGA",TRUE,"protein_coding","random",659,"ZNF621|TMED2|SERF2|ZNF155",4,1.063,0.894,1.265,0.488,0.536,0.477,0.596
"TCGA",TRUE,"protein_coding","random",660,"TAF11L14|COL5A2|ZNF18|KMT2D",4,1.005,0.858,1.177,0.954,0.507,0.453,0.562
"TCGA",TRUE,"protein_coding","random",661,"CTXN3|IL1RAPL1|TENM4|DMAC2L",4,1.008,0.838,1.212,0.933,0.496,0.433,0.559
"TCGA",TRUE,"protein_coding","random",662,"TGFB3|ELP3|CLDN9|ERC1",4,1.008,0.851,1.194,0.926,0.506,0.443,0.569
"TCGA",TRUE,"protein_coding","random",663,"FAM210A|STX19|PRKX|LAIR2",4,0.967,0.813,1.149,0.703,0.517,0.459,0.575
"TCGA",TRUE,"protein_coding","random",664,"THBS3|RBMS3|FAM50B|KIF18A",4,1.102,0.926,1.312,0.274,0.522,0.461,0.583
"TCGA",TRUE,"protein_coding","random",665,"MTMR7|DCAF6|THOC3|STAU2",4,0.895,0.758,1.057,0.192,0.518,0.466,0.57
"TCGA",TRUE,"protein_coding","random",666,"STX6|RNF217|CDY2A|RNF220",4,1.007,0.835,1.214,0.945,0.503,0.445,0.561
"TCGA",TRUE,"protein_coding","random",667,"CDKN3|CREB3L1|SPIN3|MRPS11",4,1.18,1.002,1.39,0.0473,0.584,0.529,0.64
"TCGA",TRUE,"protein_coding","random",668,"F2RL1|CSGALNACT2|GPX7|C3orf56",4,1.174,1.008,1.368,0.0394,0.536,0.474,0.598
"TCGA",TRUE,"protein_coding","random",669,"SDK2|ATP2B2|PCBD2|MT1H",4,1.059,0.892,1.258,0.513,0.503,0.443,0.563
"TCGA",TRUE,"protein_coding","random",670,"TOPORS|RTF2|OR2Y1|BARX2",4,1.171,1.004,1.365,0.044,0.56,0.507,0.613
"TCGA",TRUE,"protein_coding","random",671,"ANKFN1|DSP|TEX22|ARHGEF2",4,0.986,0.833,1.167,0.872,0.513,0.455,0.571
"TCGA",TRUE,"protein_coding","random",672,"NIBAN1|TACC3|MGAT4B|SCHIP1",4,1.055,0.882,1.26,0.559,0.508,0.447,0.568
"TCGA",TRUE,"protein_coding","random",673,"TECTB|FAXDC2|B3GNT7|CBWD1",4,0.877,0.74,1.04,0.132,0.558,0.504,0.611
"TCGA",TRUE,"protein_coding","random",674,"SURF2|OLFM2|FRMD4A|TMEM25",4,0.803,0.68,0.948,0.00973,0.566,0.506,0.626
"TCGA",TRUE,"protein_coding","random",675,"OSGEPL1|GNG2|SSX2|GPR82",4,0.808,0.674,0.968,0.0205,0.591,0.534,0.649
"TCGA",TRUE,"protein_coding","random",676,"CDC42EP4|HOXB9|OR1L1|DHX37",4,1.247,1.053,1.478,0.0107,0.583,0.526,0.641
"TCGA",TRUE,"protein_coding","random",677,"VPS28|FBLN1|MAK|MFSD9",4,1.01,0.847,1.206,0.91,0.504,0.45,0.558
"TCGA",TRUE,"protein_coding","random",678,"MAP2K7|CCRL2|LRP2|SLC35F4",4,0.931,0.782,1.109,0.425,0.506,0.446,0.565
"TCGA",TRUE,"protein_coding","random",679,"NMB|PCDHGA8|LARGE1|DESI1",4,1.177,1.004,1.38,0.044,0.577,0.522,0.632
"TCGA",TRUE,"protein_coding","random",680,"NFKBIL1|ING2|OR13C8|APOBEC3F",4,1.13,0.974,1.312,0.108,0.559,0.5,0.618
"TCGA",TRUE,"protein_coding","random",681,"MPP3|SPIC|TRIM39|ACCSL",4,0.726,0.608,0.868,0.000442,0.579,0.525,0.633
"TCGA",TRUE,"protein_coding","random",682,"COPS6|MIP|POLR2J|CEL",4,0.938,0.79,1.113,0.463,0.516,0.459,0.574
"TCGA",TRUE,"protein_coding","random",683,"IL20|ITFG1|IFT172|ZNF746",4,1.026,0.86,1.224,0.776,0.509,0.448,0.57
"TCGA",TRUE,"protein_coding","random",684,"FUNDC1|TEX261|FMO1|IWS1",4,1.11,0.933,1.322,0.239,0.532,0.474,0.59
"TCGA",TRUE,"protein_coding","random",685,"PYROXD2|GFOD2|WDR89|ENTPD1",4,0.873,0.74,1.029,0.105,0.532,0.476,0.587
"TCGA",TRUE,"protein_coding","random",686,"APBB1|OTP|PES1|RNF8",4,1.012,0.85,1.206,0.89,0.506,0.447,0.565
"TCGA",TRUE,"protein_coding","random",687,"SHOX|CIART|PAK1|C4orf17",4,1.062,0.91,1.239,0.447,0.538,0.483,0.593
"TCGA",TRUE,"protein_coding","random",688,"PLA2G2E|C1GALT1C1|TMEM121B|AP1S1",4,1.07,0.897,1.276,0.454,0.499,0.442,0.556
"TCGA",TRUE,"protein_coding","random",689,"DMRTA2|NFS1|NDUFV1|USP46",4,0.937,0.793,1.107,0.446,0.499,0.443,0.555
"TCGA",TRUE,"protein_coding","random",690,"RCE1|TRIM49D2|MED13L|SLC8A2",4,0.98,0.826,1.162,0.814,0.474,0.417,0.531
"TCGA",TRUE,"protein_coding","random",691,"SMG9|CAPN11|HSD11B1L|CD163",4,0.902,0.766,1.062,0.216,0.533,0.479,0.587
"TCGA",TRUE,"protein_coding","random",692,"SMAD3|C4A|RAB7A|DSP",4,1.112,0.927,1.332,0.253,0.544,0.485,0.603
"TCGA",TRUE,"protein_coding","random",693,"HAPLN1|EI24|FOXA1|LY6H",4,1.077,0.899,1.29,0.422,0.532,0.475,0.589
"TCGA",TRUE,"protein_coding","random",694,"PUS10|TAFA1|FGF7|OBP2B",4,0.939,0.795,1.11,0.462,0.55,0.49,0.61
"TCGA",TRUE,"protein_coding","random",695,"GLS|ARHGEF17|ABLIM2|CDC34",4,0.963,0.81,1.146,0.673,0.526,0.474,0.579
"TCGA",TRUE,"protein_coding","random",696,"RSRC2|PRRC2C|OR6Q1|CST9",4,1.063,0.91,1.243,0.44,0.527,0.469,0.584
"TCGA",TRUE,"protein_coding","random",697,"SPANXC|AP000356.5|NOTCH4|NAGPA",4,0.998,0.828,1.201,0.979,0.502,0.44,0.563
"TCGA",TRUE,"protein_coding","random",698,"UBQLN2|TARBP2|KLHDC2|BSND",4,0.985,0.827,1.173,0.866,0.508,0.452,0.564
"TCGA",TRUE,"protein_coding","random",699,"TMBIM1|CBY3|ZNF48|OR51B2",4,0.862,0.722,1.03,0.102,0.551,0.493,0.61
"TCGA",TRUE,"protein_coding","random",700,"MAGEL2|GNAS|AC010323.1|RIMBP2",4,1.039,0.876,1.232,0.659,0.521,0.466,0.576
"TCGA",TRUE,"protein_coding","random",701,"PP2D1|PIGBOS1|FBXO2|TRIM6",4,0.973,0.811,1.167,0.767,0.508,0.442,0.573
"TCGA",TRUE,"protein_coding","random",702,"ALDH1L2|CHD3|NDE1|TIMM10B",4,1.092,0.919,1.296,0.317,0.563,0.51,0.617
"TCGA",TRUE,"protein_coding","random",703,"DYNLL2|ZDHHC5|PCDHA4|SIGLEC11",4,1.01,0.848,1.202,0.913,0.5,0.438,0.562
"TCGA",TRUE,"protein_coding","random",704,"MTDH|C19orf54|PRSS35|MUCL3",4,1.05,0.876,1.259,0.598,0.527,0.47,0.585
"TCGA",TRUE,"protein_coding","random",705,"STON2|PCDHGA8|AC012213.5|PCDHGB5",4,1.143,0.978,1.335,0.0928,0.562,0.504,0.62
"TCGA",TRUE,"protein_coding","random",706,"AL359736.1|PAIP2B|RXRA|CRNN",4,0.88,0.734,1.056,0.169,0.534,0.474,0.594
"TCGA",TRUE,"protein_coding","random",707,"TDRKH|TAF11|D2HGDH|FIGNL1",4,1.025,0.866,1.214,0.77,0.515,0.457,0.573
"TCGA",TRUE,"protein_coding","random",708,"AC091959.1|CES1|IFIT1|CCDC71",4,1.005,0.846,1.194,0.955,0.494,0.438,0.55
"TCGA",TRUE,"protein_coding","random",709,"LRP3|C16orf82|CYP11A1|MAP3K13",4,1.001,0.842,1.189,0.995,0.46,0.402,0.519
"TCGA",TRUE,"protein_coding","random",710,"COL22A1|CCNI2|FAM13A|CDH24",4,1.214,1.029,1.432,0.0214,0.556,0.502,0.609
"TCGA",TRUE,"protein_coding","random",711,"ARMC6|H2BC6|ARL9|CYP2C9",4,1.07,0.905,1.266,0.428,0.524,0.467,0.581
"TCGA",TRUE,"protein_coding","random",712,"CRIP2|PTGS2|CT47B1|GFUS",4,1.098,0.935,1.289,0.253,0.553,0.497,0.609
"TCGA",TRUE,"protein_coding","random",713,"GIMAP2|HSD17B7|NFIA|HSD17B13",4,0.799,0.67,0.954,0.013,0.585,0.529,0.642
"TCGA",TRUE,"protein_coding","random",714,"CT83|FAM107B|H4C2|RAB28",4,1.148,0.968,1.361,0.112,0.549,0.491,0.606
"TCGA",TRUE,"protein_coding","random",715,"OR8B4|RTN4RL1|CCDC24|PPIP5K1",4,0.757,0.629,0.911,0.00319,0.552,0.496,0.607
"TCGA",TRUE,"protein_coding","random",716,"CLUL1|C9orf78|RIDA|DMRT2",4,0.912,0.766,1.086,0.301,0.507,0.448,0.567
"TCGA",TRUE,"protein_coding","random",717,"ANGPT1|GRB14|DDX39A|ATP1B2",4,0.951,0.808,1.118,0.542,0.502,0.444,0.56
"TCGA",TRUE,"protein_coding","random",718,"AC144573.1|NOS3|CYP26A1|PATE3",4,0.817,0.669,0.997,0.0469,0.563,0.509,0.618
"TCGA",TRUE,"protein_coding","random",719,"BHLHE41|POLR2F|TBC1D30|DQX1",4,0.913,0.768,1.085,0.302,0.52,0.467,0.573
"TCGA",TRUE,"protein_coding","random",720,"NPVF|STPG2|HABP2|FBXO38",4,0.915,0.759,1.102,0.348,0.551,0.489,0.612
"TCGA",TRUE,"protein_coding","random",721,"ZNF830|DNAJC21|ADGRD2|EPAS1",4,0.861,0.721,1.029,0.099,0.554,0.497,0.612
"TCGA",TRUE,"protein_coding","random",722,"TXNIP|CCDC181|CREBZF|OLIG3",4,0.847,0.717,1.001,0.052,0.535,0.477,0.592
"TCGA",TRUE,"protein_coding","random",723,"TEKT3|TNNT2|GLS|CCDC54",4,0.865,0.726,1.03,0.103,0.558,0.503,0.612
"TCGA",TRUE,"protein_coding","random",724,"DUSP8|BMP4|GSG1|DTHD1",4,0.944,0.798,1.118,0.506,0.508,0.451,0.565
"TCGA",TRUE,"protein_coding","random",725,"UST|MON2|ALG2|RUFY2",4,0.95,0.801,1.126,0.554,0.522,0.461,0.582
"TCGA",TRUE,"protein_coding","random",726,"KLHL3|MUCL3|GARRE1|YPEL5",4,0.867,0.729,1.031,0.108,0.576,0.517,0.634
"TCGA",TRUE,"protein_coding","random",727,"TMEM40|LRRC7|BEND6|MPEG1",4,0.957,0.818,1.12,0.585,0.548,0.494,0.601
"TCGA",TRUE,"protein_coding","random",728,"GZF1|CSRP1|KLHL35|PDIA5",4,0.858,0.722,1.021,0.0842,0.546,0.49,0.602
"TCGA",TRUE,"protein_coding","random",729,"IGBP1|CUL2|SMIM34B|SLC10A6",4,1.061,0.894,1.259,0.496,0.513,0.457,0.569
"TCGA",TRUE,"protein_coding","random",730,"BTF3|YIPF6|MRPL23|ZNF660",4,1.019,0.859,1.208,0.828,0.508,0.458,0.558
"TCGA",TRUE,"protein_coding","random",731,"ATPSCKMT|B3GNT7|MSH3|MT4",4,1.062,0.885,1.274,0.518,0.505,0.449,0.561
"TCGA",TRUE,"protein_coding","random",732,"DLGAP4|MAGEB10|LYPD6B|OR9K2",4,1.024,0.874,1.2,0.769,0.542,0.485,0.598
"TCGA",TRUE,"protein_coding","random",733,"SAE1|IRAG1|NAT14|DRICH1",4,0.948,0.802,1.122,0.535,0.526,0.474,0.578
"TCGA",TRUE,"protein_coding","random",734,"PBX1|USP17L10|CCDC149|RDH10",4,0.908,0.754,1.094,0.311,0.512,0.454,0.569
"TCGA",TRUE,"protein_coding","random",735,"RPL13|DTD1|C1QL2|POLR3GL",4,0.944,0.804,1.108,0.479,0.536,0.482,0.591
"TCGA",TRUE,"protein_coding","random",736,"ANGPTL1|ATXN2|NCBP1|AC011462.1",4,1.145,0.977,1.343,0.095,0.574,0.523,0.625
"TCGA",TRUE,"protein_coding","random",737,"SP4|PHF8|H2BC21|GPER1",4,0.971,0.82,1.15,0.734,0.509,0.453,0.564
"TCGA",TRUE,"protein_coding","random",738,"CYREN|RASSF9|IL1RL2|AC093525.2",4,1.16,0.987,1.363,0.0712,0.586,0.527,0.644
"TCGA",TRUE,"protein_coding","random",739,"CLEC7A|SLC7A1|TNFRSF10C|AK6",4,0.878,0.74,1.042,0.136,0.541,0.484,0.598
"TCGA",TRUE,"protein_coding","random",740,"ZNF248|C20orf85|TOMM20L|ZNF749",4,0.909,0.767,1.076,0.267,0.551,0.491,0.61
"TCGA",TRUE,"protein_coding","random",741,"CUEDC1|KIR2DL4|PCSK1|ASB2",4,0.893,0.755,1.056,0.187,0.532,0.47,0.594
"TCGA",TRUE,"protein_coding","random",742,"FICD|MKRN3|P4HA1|ZC2HC1A",4,1.116,0.945,1.317,0.195,0.52,0.461,0.579
"TCGA",TRUE,"protein_coding","random",743,"SRPX|APRT|LCE1B|RHOC",4,1.237,1.049,1.458,0.0114,0.559,0.501,0.616
"TCGA",TRUE,"protein_coding","random",744,"ATF7-NPFF|ANXA8L1|ERLIN1|LIMK1",4,1.191,0.993,1.428,0.0598,0.546,0.485,0.606
"TCGA",TRUE,"protein_coding","random",745,"CDC7|GLRX2|FRYL|KLLN",4,1.187,1.014,1.389,0.0333,0.566,0.509,0.623
"TCGA",TRUE,"protein_coding","random",746,"LEKR1|PPP1R18|FFAR2|HCRT",4,1.051,0.899,1.23,0.53,0.505,0.452,0.558
"TCGA",TRUE,"protein_coding","random",747,"TNFRSF17|SCN2B|BARHL1|INMT-MINDY4",4,0.737,0.606,0.895,0.00205,0.598,0.537,0.66
"TCGA",TRUE,"protein_coding","random",748,"ZNF518A|TEX50|AP000356.5|HMGA2",4,1.012,0.852,1.202,0.894,0.526,0.47,0.582
"TCGA",TRUE,"protein_coding","random",749,"ABHD3|NAP1L3|FAM193B|LRRC28",4,0.926,0.776,1.105,0.392,0.542,0.483,0.601
"TCGA",TRUE,"protein_coding","random",750,"LRTOMT|NCOR1|VWA3A|SORBS2",4,0.929,0.784,1.101,0.397,0.502,0.448,0.556
"TCGA",TRUE,"protein_coding","random",751,"GRINA|NPAT|ZNF695|MED27",4,1.076,0.907,1.277,0.399,0.529,0.47,0.587
"TCGA",TRUE,"protein_coding","random",752,"LUM|PRADC1|CASP7|CCNA2",4,1.14,0.964,1.347,0.125,0.525,0.469,0.581
"TCGA",TRUE,"protein_coding","random",753,"NAGS|AL139142.2|SLC26A3|KANSL1",4,0.815,0.68,0.976,0.0265,0.562,0.506,0.619
"TCGA",TRUE,"protein_coding","random",754,"PRRG2|RAB31|MGAT5B|NPIPA3",4,1.226,1.043,1.442,0.0136,0.554,0.498,0.609
"TCGA",TRUE,"protein_coding","random",755,"NIPBL|SLC2A1|CYP3A5|GIMAP6",4,1.126,0.955,1.329,0.159,0.531,0.475,0.587
"TCGA",TRUE,"protein_coding","random",756,"LSM4|RNF26|SOGA3|MPP1",4,1.127,0.943,1.346,0.188,0.547,0.485,0.609
"TCGA",TRUE,"protein_coding","random",757,"NSMCE3|ESX1|RALGAPB|CEP89",4,1.123,0.946,1.334,0.184,0.537,0.48,0.594
"TCGA",TRUE,"protein_coding","random",758,"CFAP69|HYPK|OLFML2A|TEX54",4,0.917,0.778,1.081,0.303,0.549,0.495,0.604
"TCGA",TRUE,"protein_coding","random",759,"KIF1C|USP12|PAPOLB|GLP2R",4,1.092,0.923,1.293,0.303,0.522,0.465,0.579
"TCGA",TRUE,"protein_coding","random",760,"OR5F1|C1QTNF3-AMACR|PLK5|ELAVL1",4,0.935,0.786,1.112,0.446,0.499,0.441,0.556
"TCGA",TRUE,"protein_coding","random",761,"MRGPRF|WDR91|SPAG5|KCNJ9",4,1.035,0.881,1.215,0.678,0.477,0.424,0.53
"TCGA",TRUE,"protein_coding","random",762,"RTBDN|C1orf115|TBX1|AP2B1",4,1.133,0.948,1.355,0.17,0.532,0.473,0.592
"TCGA",TRUE,"protein_coding","random",763,"TNR|GDF15|AC112229.3|PHEX",4,0.83,0.684,1.007,0.0594,0.578,0.522,0.635
"TCGA",TRUE,"protein_coding","random",764,"PPP6R1|NDUFA1|NKAPL|NWD1",4,0.992,0.839,1.174,0.927,0.506,0.447,0.564
"TCGA",TRUE,"protein_coding","random",765,"TMED6|OR1L8|PTH1R|ANKRD65",4,0.697,0.583,0.834,7.91e-05,0.602,0.546,0.659
"TCGA",TRUE,"protein_coding","random",766,"PTBP3|GPR15|MINAR1|CCNC",4,0.975,0.825,1.151,0.762,0.505,0.452,0.559
"TCGA",TRUE,"protein_coding","random",767,"NPIPB9|DYRK4|PURA|NARS1",4,0.942,0.79,1.123,0.504,0.513,0.453,0.573
"TCGA",TRUE,"protein_coding","random",768,"LMLN|SPTLC2|GLYATL1B|AC097636.1",4,0.889,0.747,1.058,0.186,0.518,0.46,0.576
"TCGA",TRUE,"protein_coding","random",769,"TEX38|ZP4|SLC38A10|ATP6V1B2",4,0.949,0.789,1.14,0.573,0.531,0.473,0.589
"TCGA",TRUE,"protein_coding","random",770,"SLC9C1|ZFYVE27|EZH1|HTR6",4,0.878,0.732,1.053,0.16,0.546,0.488,0.604
"TCGA",TRUE,"protein_coding","random",771,"PTPN3|RPS15|GRIN3B|LAMA2",4,1.004,0.843,1.196,0.967,0.503,0.445,0.561
"TCGA",TRUE,"protein_coding","random",772,"CALML4|UBA5|NFKBID|FAM162B",4,0.835,0.7,0.996,0.0455,0.555,0.498,0.611
"TCGA",TRUE,"protein_coding","random",773,"GAS7|BPIFB3|IL10RA|LDHC",4,0.826,0.698,0.978,0.0263,0.603,0.547,0.66
"TCGA",TRUE,"protein_coding","random",774,"C19orf84|SLC18A2|SPINK6|CD84",4,0.952,0.807,1.123,0.558,0.564,0.509,0.619
"TCGA",TRUE,"protein_coding","random",775,"DGUOK|GPR3|USB1|TCIRG1",4,0.984,0.833,1.162,0.848,0.497,0.438,0.555
"TCGA",TRUE,"protein_coding","random",776,"CCDC113|RCC2|MANF|GADD45B",4,1.106,0.926,1.321,0.264,0.561,0.505,0.616
"TCGA",TRUE,"protein_coding","random",777,"ST3GAL3|PRKG1|PLEKHM1|OOSP4B",4,0.939,0.788,1.119,0.482,0.524,0.465,0.584
"TCGA",TRUE,"protein_coding","random",778,"NFKB2|TINF2|ANK3|MUCL1",4,1.161,0.972,1.387,0.0999,0.548,0.49,0.607
"TCGA",TRUE,"protein_coding","random",779,"IL3|CIB1|ADAM18|NXT2",4,1.069,0.9,1.27,0.448,0.513,0.454,0.571
"TCGA",TRUE,"protein_coding","random",780,"AKR7A2|HIPK3|E2F1|CWF19L1",4,1.018,0.869,1.193,0.821,0.497,0.444,0.551
"TCGA",TRUE,"protein_coding","random",781,"ITGB1BP1|PMM2|RNF111|DNAJC1",4,1.238,1.046,1.464,0.0129,0.552,0.493,0.61
"TCGA",TRUE,"protein_coding","random",782,"DGKE|KATNAL2|RTL8C|SLC22A18",4,0.904,0.763,1.071,0.243,0.522,0.46,0.584
"TCGA",TRUE,"protein_coding","random",783,"GJD2|RPP25|MYH9|IGFL1",4,1.22,1.03,1.445,0.0216,0.563,0.502,0.625
"TCGA",TRUE,"protein_coding","random",784,"GEMIN2|CCDC149|DIO3|TP53TG3D",4,0.998,0.83,1.199,0.979,0.473,0.416,0.529
"TCGA",TRUE,"protein_coding","random",785,"ZNF385D|TMED1|LY6G6E|C18orf25",4,1.05,0.886,1.245,0.57,0.491,0.436,0.545
"TCGA",TRUE,"protein_coding","random",786,"DGKE|EVI5L|KRTAP29-1|PCLO",4,0.88,0.741,1.045,0.145,0.534,0.477,0.59
"TCGA",TRUE,"protein_coding","random",787,"KRT33B|TMEM60|ANKRD9|PPP2R2D",4,1.006,0.845,1.198,0.945,0.499,0.442,0.556
"TCGA",TRUE,"protein_coding","random",788,"RASSF4|LCN2|LAPTM5|MEN1",4,0.824,0.7,0.969,0.0194,0.557,0.499,0.614
"TCGA",TRUE,"protein_coding","random",789,"LACTB2|AAMP|CNTD1|COIL",4,1.013,0.851,1.206,0.886,0.498,0.443,0.553
"TCGA",TRUE,"protein_coding","random",790,"GCNT7|CCDC106|TMC4|CIT",4,0.829,0.695,0.989,0.0372,0.545,0.487,0.602
"TCGA",TRUE,"protein_coding","random",791,"SOX17|PPP6R1|G6PC2|SLC2A11",4,0.906,0.769,1.067,0.236,0.546,0.488,0.604
"TCGA",TRUE,"protein_coding","random",792,"PNPLA8|VSTM2L|ZNF607|DEFB104A",4,1.016,0.846,1.219,0.869,0.512,0.452,0.571
"TCGA",TRUE,"protein_coding","random",793,"PAX2|CCL18|APOD|ZIM2",4,0.828,0.69,0.994,0.0433,0.567,0.511,0.622
"TCGA",TRUE,"protein_coding","random",794,"RAB3A|JADE3|GCGR|UBE2K",4,1.034,0.866,1.235,0.711,0.524,0.463,0.585
"TCGA",TRUE,"protein_coding","random",795,"ZNF703|TMEM265|TTYH1|PTPN6",4,0.907,0.765,1.075,0.259,0.549,0.49,0.609
"TCGA",TRUE,"protein_coding","random",796,"PPIL3|PRKAR1A|AC093155.3|RPP25",4,1.052,0.896,1.234,0.539,0.51,0.453,0.566
"TCGA",TRUE,"protein_coding","random",797,"PKHD1L1|ADCK2|TMEM235|BABAM2",4,0.848,0.705,1.018,0.0774,0.556,0.5,0.612
"TCGA",TRUE,"protein_coding","random",798,"A1BG|SOX8|TRAM1|WFIKKN2",4,0.775,0.652,0.922,0.00395,0.601,0.542,0.66
"TCGA",TRUE,"protein_coding","random",799,"FAM131C|COA7|AWAT2|SYNJ2BP-COX16",4,1.21,1.019,1.438,0.0298,0.578,0.521,0.634
"TCGA",TRUE,"protein_coding","random",800,"CAPN6|OSBPL1A|GZMA|GPR157",4,0.961,0.809,1.143,0.656,0.521,0.457,0.584
"TCGA",TRUE,"protein_coding","random",801,"KRTAP19-3|SPTBN4|FUBP1|TFPI",4,1.047,0.907,1.209,0.528,0.569,0.512,0.626
"TCGA",TRUE,"protein_coding","random",802,"NEXMIF|BCL2L14|POLR2A|LINC02218",4,1.032,0.872,1.223,0.712,0.501,0.442,0.56
"TCGA",TRUE,"protein_coding","random",803,"ZNF83|CHRNA3|PRKN|RXFP4",4,0.961,0.808,1.143,0.655,0.523,0.466,0.581
"TCGA",TRUE,"protein_coding","random",804,"MZT1|SLC7A14|OR2T34|VWA1",4,0.988,0.83,1.176,0.891,0.507,0.45,0.563
"TCGA",TRUE,"protein_coding","random",805,"DUSP26|SRRM4|EPHA8|PSMB3",4,0.885,0.741,1.057,0.177,0.558,0.503,0.613
"TCGA",TRUE,"protein_coding","random",806,"REEP6|MIPOL1|C1GALT1|PLAAT3",4,1.077,0.9,1.288,0.417,0.54,0.478,0.602
"TCGA",TRUE,"protein_coding","random",807,"TNFRSF25|VASH2|TSSK6|PRYP3",4,0.889,0.735,1.076,0.228,0.54,0.479,0.601
"TCGA",TRUE,"protein_coding","random",808,"DENND5A|ADAMTS6|MYD88|TMEM217",4,1.086,0.904,1.304,0.377,0.514,0.451,0.577
"TCGA",TRUE,"protein_coding","random",809,"SLCO1B1|GTPBP8|GAD2|DNAH17",4,1.025,0.869,1.209,0.77,0.532,0.476,0.588
"TCGA",TRUE,"protein_coding","random",810,"KDM5C|MROH7|DDX10|RNF4",4,1.137,0.957,1.351,0.145,0.564,0.504,0.624
"TCGA",TRUE,"protein_coding","random",811,"PPP4R3A|NAV2|PSME4|RNF216",4,1.056,0.886,1.26,0.542,0.534,0.476,0.593
"TCGA",TRUE,"protein_coding","random",812,"TFAP2E|TRIML2|TRPM4|ATF5",4,1.042,0.876,1.239,0.64,0.488,0.43,0.545
"TCGA",TRUE,"protein_coding","random",813,"MASTL|PMP2|NACC2|ZNF559-ZNF177",4,1.107,0.945,1.296,0.208,0.554,0.498,0.61
"TCGA",TRUE,"protein_coding","random",814,"MRS2|AMD1|CRYBG3|SLC36A2",4,0.925,0.777,1.102,0.384,0.523,0.466,0.579
"TCGA",TRUE,"protein_coding","random",815,"NARS1|BMP4|HIF3A|COLEC11",4,1.061,0.898,1.255,0.485,0.548,0.492,0.604
"TCGA",TRUE,"protein_coding","random",816,"ALG14|ZCCHC4|YBX2|CDH8",4,0.987,0.827,1.177,0.883,0.492,0.436,0.549
"TCGA",TRUE,"protein_coding","random",817,"TAX1BP1|ARMCX3|MOBP|CREG2",4,1.331,1.094,1.62,0.0043,0.57,0.511,0.629
"TCGA",TRUE,"protein_coding","random",818,"SYT2|NCAN|OAT|ANKRD44",4,0.694,0.58,0.831,6.99e-05,0.594,0.531,0.657
"TCGA",TRUE,"protein_coding","random",819,"SHISA5|IGFBPL1|ADGRA1|RHOXF2",4,0.779,0.651,0.933,0.00663,0.565,0.514,0.616
"TCGA",TRUE,"protein_coding","random",820,"TMEM225B|FGF12|SH2D3C|METTL14",4,1.033,0.863,1.236,0.723,0.494,0.433,0.555
"TCGA",TRUE,"protein_coding","random",821,"PDCD1LG2|RPN2|ADAM9|KCNA7",4,1.258,1.06,1.493,0.00856,0.521,0.462,0.58
"TCGA",TRUE,"protein_coding","random",822,"MRPS23|USP53|CLCA4|VHL",4,0.914,0.759,1.1,0.341,0.508,0.448,0.567
"TCGA",TRUE,"protein_coding","random",823,"MPDU1|MAPK15|PPP1R3D|OR8H3",4,1.004,0.85,1.186,0.965,0.492,0.435,0.548
"TCGA",TRUE,"protein_coding","random",824,"SMPDL3B|ZNF773|PRR16|ERGIC2",4,0.96,0.798,1.156,0.67,0.497,0.433,0.56
"TCGA",TRUE,"protein_coding","random",825,"BICDL2|ZNF483|PDCD2|EHF",4,0.759,0.636,0.905,0.00217,0.543,0.489,0.597
"TCGA",TRUE,"protein_coding","random",826,"TBC1D31|ZPBP|IMPA1|OXSR1",4,1.191,1.008,1.406,0.0397,0.561,0.5,0.621
"TCGA",TRUE,"protein_coding","random",827,"TRIM50|ZIC5|RALGAPA2|TDRD7",4,1.02,0.857,1.214,0.824,0.464,0.407,0.522
"TCGA",TRUE,"protein_coding","random",828,"GSX1|GLYCTK|GPR1|ADGRF2",4,1.091,0.934,1.274,0.271,0.543,0.487,0.599
"TCGA",TRUE,"protein_coding","random",829,"TNFSF8|SLCO1A2|ARHGAP21|NANS",4,1.039,0.874,1.235,0.665,0.52,0.462,0.578
"TCGA",TRUE,"protein_coding","random",830,"ZNF571|VEGFA|UBE2C|ZSWIM8",4,1.075,0.915,1.263,0.382,0.54,0.488,0.591
"TCGA",TRUE,"protein_coding","random",831,"PEX5L|DEDD2|SLC13A1|CLEC7A",4,1.032,0.875,1.218,0.705,0.506,0.447,0.565
"TCGA",TRUE,"protein_coding","random",832,"CHTF8|PGAP2|THSD8|SUMO1",4,1.07,0.902,1.27,0.437,0.555,0.504,0.606
"TCGA",TRUE,"protein_coding","random",833,"ZNF177|ECT2|IL31|LY6G5B",4,1.119,0.958,1.306,0.157,0.536,0.479,0.592
"TCGA",TRUE,"protein_coding","random",834,"MED11|CENPT|DCHS1|KLRF1",4,0.908,0.769,1.072,0.253,0.529,0.472,0.586
"TCGA",TRUE,"protein_coding","random",835,"KIAA2026|KIAA1217|TMEM201|RASGRF2",4,0.964,0.817,1.139,0.667,0.509,0.452,0.566
"TCGA",TRUE,"protein_coding","random",836,"C14orf93|LHX6|MRPS6|PAX2",4,0.968,0.804,1.165,0.728,0.513,0.453,0.573
"TCGA",TRUE,"protein_coding","random",837,"PHKA2|PARD3|TMEM200A|RGPD8",4,0.968,0.815,1.149,0.708,0.493,0.432,0.554
"TCGA",TRUE,"protein_coding","random",838,"INAFM2|ITIH5|HPCAL1|PACSIN3",4,0.984,0.837,1.157,0.845,0.533,0.48,0.586
"TCGA",TRUE,"protein_coding","random",839,"RNF122|TIFA|TTC30B|CBX8",4,0.972,0.818,1.156,0.752,0.511,0.457,0.565
"TCGA",TRUE,"protein_coding","random",840,"APBB2|FLT4|P2RY2|CUL9",4,1.004,0.847,1.189,0.964,0.5,0.442,0.558
"TCGA",TRUE,"protein_coding","random",841,"LUC7L2|ITGB1BP1|SRSF8|SMURF2",4,0.909,0.75,1.102,0.332,0.507,0.445,0.568
"TCGA",TRUE,"protein_coding","random",842,"ESRRG|C16orf71|BAIAP2L1|GTF2I",4,1.066,0.898,1.266,0.462,0.521,0.465,0.576
"TCGA",TRUE,"protein_coding","random",843,"CAPRIN1|LILRA5|KDM2B|MTHFS",4,1.082,0.919,1.273,0.344,0.523,0.471,0.576
"TCGA",TRUE,"protein_coding","random",844,"NUP210|TFPT|DDX59|THSD7A",4,1.038,0.869,1.239,0.683,0.513,0.456,0.57
"TCGA",TRUE,"protein_coding","random",845,"CSK|GSTA1|CHRNB1|OR4C11",4,0.818,0.695,0.963,0.016,0.554,0.493,0.615
"TCGA",TRUE,"protein_coding","random",846,"TMEM156|OR4A47|NECTIN2|IMP3",4,1.04,0.865,1.25,0.676,0.499,0.436,0.563
"TCGA",TRUE,"protein_coding","random",847,"NHEJ1|NR1H2|ZEB1|KRT9",4,1.392,1.176,1.647,0.000117,0.604,0.549,0.658
"TCGA",TRUE,"protein_coding","random",848,"ERG28|RNF4|YBX2|TRAPPC6A",4,1.159,0.969,1.386,0.107,0.544,0.487,0.601
"TCGA",TRUE,"protein_coding","random",849,"LDAH|PPIA|MFN1|SYT13",4,1.28,1.084,1.512,0.00357,0.571,0.51,0.631
"TCGA",TRUE,"protein_coding","random",850,"ADNP|GCNT3|ATP13A2|FLRT1",4,1.087,0.916,1.291,0.34,0.542,0.487,0.597
"TCGA",TRUE,"protein_coding","random",851,"BOP1|IDO2|WFIKKN2|CNPY1",4,0.872,0.725,1.049,0.147,0.544,0.483,0.606
"TCGA",TRUE,"protein_coding","random",852,"ADRA2B|OR10G9|ALDOC|PNMA8B",4,0.979,0.828,1.158,0.805,0.516,0.461,0.571
"TCGA",TRUE,"protein_coding","random",853,"ELF4|CMTM8|DEFB121|PWWP2B",4,1.142,0.956,1.364,0.144,0.541,0.483,0.598
"TCGA",TRUE,"protein_coding","random",854,"PINK1|CBL|SLC7A7|ERVV-1",4,1.021,0.867,1.201,0.807,0.486,0.429,0.543
"TCGA",TRUE,"protein_coding","random",855,"RNF103-CHMP3|BLOC1S1|SEC61A2|UHRF1BP1",4,1.062,0.902,1.25,0.47,0.53,0.472,0.587
"TCGA",TRUE,"protein_coding","random",856,"GPR149|HELB|FDXR|ALDH1A3",4,1.052,0.884,1.253,0.566,0.492,0.434,0.55
"TCGA",TRUE,"protein_coding","random",857,"ARHGEF15|RBM19|EEF2KMT|ZNF433",4,1.023,0.859,1.217,0.801,0.534,0.478,0.59
"TCGA",TRUE,"protein_coding","random",858,"UGT1A3|KRTAP10-2|AIMP2|MAMLD1",4,1.133,0.962,1.336,0.135,0.522,0.465,0.578
"TCGA",TRUE,"protein_coding","random",859,"CYBA|ALKBH6|AL353588.1|METTL6",4,0.932,0.787,1.104,0.414,0.529,0.466,0.591
"TCGA",TRUE,"protein_coding","random",860,"MT1F|MKKS|UBXN2A|ZNF180",4,1.128,0.947,1.343,0.178,0.54,0.484,0.596
"TCGA",TRUE,"protein_coding","random",861,"PDCL|AGT|MAN1C1|PRAMEF4",4,0.925,0.772,1.107,0.394,0.529,0.471,0.586
"TCGA",TRUE,"protein_coding","random",862,"DDX58|PIM2|EDRF1|ZNF33B",4,0.879,0.735,1.052,0.159,0.54,0.482,0.597
"TCGA",TRUE,"protein_coding","random",863,"POLR3C|IL4I1|MMP24OS|DHX58",4,0.93,0.79,1.095,0.385,0.56,0.501,0.619
"TCGA",TRUE,"protein_coding","random",864,"GET4|RIMKLB|TFCP2|MAN1A1",4,0.981,0.821,1.173,0.837,0.508,0.449,0.566
"TCGA",TRUE,"protein_coding","random",865,"SGCE|FAM47E|IQANK1|EXTL1",4,0.923,0.766,1.112,0.397,0.511,0.453,0.57
"TCGA",TRUE,"protein_coding","random",866,"TCIRG1|F10|SNAP29|MRPL38",4,0.892,0.748,1.064,0.203,0.553,0.49,0.616
"TCGA",TRUE,"protein_coding","random",867,"PSMG2|DCUN1D1|TP53BP1|CCR2",4,1.006,0.845,1.198,0.946,0.484,0.427,0.542
"TCGA",TRUE,"protein_coding","random",868,"RPS4X|ATXN2|GPX4|PJA1",4,1.01,0.849,1.201,0.909,0.505,0.448,0.562
"TCGA",TRUE,"protein_coding","random",869,"MTX2|MYL10|PCOLCE2|RAB3B",4,1.294,1.101,1.521,0.00178,0.59,0.535,0.645
"TCGA",TRUE,"protein_coding","random",870,"ZNF609|DUSP22|FBXO41|OR5AC2",4,0.896,0.751,1.068,0.22,0.521,0.461,0.581
"TCGA",TRUE,"protein_coding","random",871,"AADAC|KLHL12|EIF3L|H2AB3",4,1.15,0.972,1.361,0.103,0.537,0.477,0.597
"TCGA",TRUE,"protein_coding","random",872,"SCAMP4|GNG14|SCYGR2|ORC2",4,1.104,0.922,1.323,0.281,0.544,0.488,0.6
"TCGA",TRUE,"protein_coding","random",873,"BCL3|PLXNC1|ATF7IP|KRT19",4,0.97,0.818,1.151,0.728,0.51,0.453,0.567
"TCGA",TRUE,"protein_coding","random",874,"AP3D1|SEC23IP|PWP2|FAM156A",4,1.086,0.908,1.298,0.366,0.567,0.513,0.62
"TCGA",TRUE,"protein_coding","random",875,"ZNF146|FBXW5|DOLK|ODF2L",4,1.149,0.968,1.363,0.112,0.559,0.5,0.618
"TCGA",TRUE,"protein_coding","random",876,"NOG|CRHBP|IL1RAPL1|SCTR",4,0.833,0.702,0.989,0.0373,0.584,0.53,0.639
"TCGA",TRUE,"protein_coding","random",877,"FUT9|ECHDC1|SEMA5B|SUCLG2",4,1.129,0.956,1.333,0.154,0.526,0.469,0.583
"TCGA",TRUE,"protein_coding","random",878,"ZNF728|TPH1|CDC23|SPAG7",4,0.979,0.818,1.172,0.818,0.491,0.431,0.552
"TCGA",TRUE,"protein_coding","random",879,"OR12D2|GNA11|NSG2|LRRIQ3",4,1.027,0.865,1.22,0.758,0.535,0.486,0.584
"TCGA",TRUE,"protein_coding","random",880,"IFIT5|PARP6|SLC5A9|ANKRD24",4,0.873,0.734,1.039,0.128,0.556,0.495,0.618
"TCGA",TRUE,"protein_coding","random",881,"SPCS2|SLC34A2|FAAH|RPS6KA6",4,0.771,0.654,0.909,0.00193,0.592,0.535,0.649
"TCGA",TRUE,"protein_coding","random",882,"PSCA|PGAP6|TSPAN6|CYTIP",4,0.973,0.817,1.159,0.758,0.498,0.436,0.56
"TCGA",TRUE,"protein_coding","random",883,"DCDC2|DLGAP3|KCNJ2|FBXO42",4,0.956,0.803,1.137,0.609,0.508,0.449,0.566
"TCGA",TRUE,"protein_coding","random",884,"OR13H1|CTNNBIP1|GPR83|PNPLA2",4,1.083,0.909,1.292,0.372,0.539,0.482,0.596
"TCGA",TRUE,"protein_coding","random",885,"MELK|ARHGAP12|CAPN13|GFOD2",4,1.07,0.909,1.26,0.417,0.558,0.503,0.613
"TCGA",TRUE,"protein_coding","random",886,"NCMAP|PADI3|CYRIA|CCDC186",4,0.836,0.698,1.002,0.0523,0.551,0.494,0.607
"TCGA",TRUE,"protein_coding","random",887,"R3HDML|KMT2A|RAB5IF|AMY1C",4,1.093,0.93,1.285,0.281,0.556,0.504,0.607
"TCGA",TRUE,"protein_coding","random",888,"PPP1R2|FAM90A23P|RALYL|COL18A1",4,1.011,0.887,1.153,0.866,0.521,0.464,0.578
"TCGA",TRUE,"protein_coding","random",889,"TDRD15|NFE2L3|ADPRHL1|ESF1",4,1.182,0.998,1.401,0.0531,0.558,0.505,0.612
"TCGA",TRUE,"protein_coding","random",890,"WDR97|GDPD3|RGPD3|TUBA4A",4,0.956,0.804,1.137,0.61,0.489,0.43,0.547
"TCGA",TRUE,"protein_coding","random",891,"HAMP|MYO10|SPAG1|NR0B1",4,1.127,0.944,1.345,0.187,0.521,0.46,0.582
"TCGA",TRUE,"protein_coding","random",892,"ADGRG2|OR6X1|MAP3K7|ADGRF2",4,0.976,0.812,1.174,0.799,0.493,0.43,0.556
"TCGA",TRUE,"protein_coding","random",893,"MAGEA2B|MRPL54|ABCE1|CHD5",4,1.131,0.955,1.34,0.152,0.553,0.496,0.61
"TCGA",TRUE,"protein_coding","random",894,"POTEG|IQCN|ZBTB16|CD248",4,0.984,0.826,1.171,0.853,0.513,0.456,0.57
"TCGA",TRUE,"protein_coding","random",895,"PARK7|AGTPBP1|AQP11|SYT5",4,1.116,0.938,1.327,0.215,0.532,0.478,0.586
"TCGA",TRUE,"protein_coding","random",896,"TAF6|EIF3I|AGAP1|CYP4A11",4,1.16,0.985,1.367,0.0749,0.59,0.534,0.646
"TCGA",TRUE,"protein_coding","random",897,"IRX5|RBM10|GRK6|ELMOD2",4,0.841,0.714,0.991,0.0391,0.562,0.505,0.618
"TCGA",TRUE,"protein_coding","random",898,"VWA3A|WASF3|SPOCK3|ESF1",4,0.971,0.813,1.159,0.742,0.485,0.427,0.543
"TCGA",TRUE,"protein_coding","random",899,"OR2T6|DAZ2|ACAD11|RAB23",4,1.102,0.939,1.294,0.235,0.519,0.463,0.574
"TCGA",TRUE,"protein_coding","random",900,"MSRB3|RGS10|ASDURF|SZRD1",4,1.004,0.844,1.193,0.968,0.478,0.416,0.539
"TCGA",TRUE,"protein_coding","random",901,"F11R|GCK|CD33|AXIN1",4,0.917,0.773,1.088,0.32,0.574,0.519,0.629
"TCGA",TRUE,"protein_coding","random",902,"SPDYE2|OR4A47|ARL9|PROP1",4,0.928,0.777,1.107,0.406,0.529,0.469,0.59
"TCGA",TRUE,"protein_coding","random",903,"DACT3|C9orf78|BAG5|CTHRC1",4,1.226,1.028,1.462,0.0235,0.551,0.495,0.607
"TCGA",TRUE,"protein_coding","random",904,"ZNF80|SGK3|PSMB11|SLC17A3",4,0.803,0.666,0.968,0.0212,0.569,0.508,0.63
"TCGA",TRUE,"protein_coding","random",905,"SLC17A2|H3C15|HS6ST2|RINT1",4,1.059,0.887,1.264,0.527,0.539,0.481,0.598
"TCGA",TRUE,"protein_coding","random",906,"SPDYE5|ST8SIA4|KCND2|DENND6A",4,0.959,0.807,1.139,0.632,0.513,0.455,0.571
"TCGA",TRUE,"protein_coding","random",907,"AKIRIN2|NKD1|MYEOV|NSUN3",4,0.971,0.817,1.154,0.738,0.472,0.412,0.531
"TCGA",TRUE,"protein_coding","random",908,"AKNA|TAF11L2|MRPL3|FXN",4,0.82,0.68,0.989,0.0379,0.529,0.473,0.586
"TCGA",TRUE,"protein_coding","random",909,"SLC25A26|UBIAD1|DIAPH2|DAB1",4,1.129,0.943,1.351,0.186,0.527,0.468,0.586
"TCGA",TRUE,"protein_coding","random",910,"CDKN1C|CSRP1|IL17RC|MICA",4,1.088,0.912,1.298,0.347,0.488,0.434,0.542
"TCGA",TRUE,"protein_coding","random",911,"ABI3|KMT2C|TNKS|COQ7",4,0.813,0.692,0.954,0.0112,0.563,0.507,0.62
"TCGA",TRUE,"protein_coding","random",912,"DNAJC18|FNDC1|CFHR2|TMEM14C",4,1.079,0.908,1.281,0.389,0.515,0.46,0.571
"TCGA",TRUE,"protein_coding","random",913,"MEF2B|ZNF484|ARHGAP21|CSRNP1",4,1.015,0.854,1.208,0.862,0.504,0.448,0.561
"TCGA",TRUE,"protein_coding","random",914,"MRPL2|C1GALT1C1|SNW1|H3-4",4,1.163,0.972,1.39,0.0982,0.564,0.508,0.619
"TCGA",TRUE,"protein_coding","random",915,"OPN1SW|NACC1|NUDT21|ARHGAP20",4,1.052,0.892,1.242,0.546,0.535,0.478,0.591
"TCGA",TRUE,"protein_coding","random",916,"FPGT-TNNI3K|ZNF618|TRIQK|TRIL",4,1.04,0.876,1.235,0.655,0.51,0.447,0.573
"TCGA",TRUE,"protein_coding","random",917,"SMUG1|H3-4|GAGE10|EZH1",4,0.94,0.784,1.126,0.5,0.511,0.454,0.568
"TCGA",TRUE,"protein_coding","random",918,"TEX45|PDPK1|SREBF1|ZNF91",4,0.814,0.691,0.958,0.0134,0.537,0.482,0.592
"TCGA",TRUE,"protein_coding","random",919,"SERAC1|DOK3|SPANXB1|OPA1",4,1.071,0.901,1.273,0.439,0.515,0.456,0.573
"TCGA",TRUE,"protein_coding","random",920,"C1orf35|FANCE|NKX3-2|MRPL57",4,1.076,0.906,1.279,0.403,0.527,0.469,0.585
"TCGA",TRUE,"protein_coding","random",921,"TXNIP|IQGAP3|RAB6B|PON1",4,1.117,0.938,1.331,0.212,0.513,0.452,0.574
"TCGA",TRUE,"protein_coding","random",922,"VPS52|ACSL5|ATP2B3|DIO1",4,0.883,0.743,1.049,0.157,0.532,0.475,0.589
"TCGA",TRUE,"protein_coding","random",923,"TCERG1L|HHIP|TRHDE|SARM1",4,0.819,0.684,0.98,0.0297,0.556,0.495,0.618
"TCGA",TRUE,"protein_coding","random",924,"CD300LF|IRF9|AC008676.3|GCA",4,0.845,0.72,0.992,0.0392,0.599,0.543,0.656
"TCGA",TRUE,"protein_coding","random",925,"OST4|FUT11|RELT|ITPKA",4,1.107,0.929,1.319,0.257,0.5,0.442,0.557
"TCGA",TRUE,"protein_coding","random",926,"GUCA1A|ARPC1A|MFSD10|SORBS1",4,1.175,0.986,1.401,0.0712,0.543,0.489,0.597
"TCGA",TRUE,"protein_coding","random",927,"FOXR2|THSD1|ITIH1|TMEM45B",4,0.795,0.658,0.961,0.0178,0.578,0.517,0.639
"TCGA",TRUE,"protein_coding","random",928,"VDAC3|PMS1|CDCA3|GOLGA8N",4,1.082,0.908,1.289,0.378,0.538,0.479,0.597
"TCGA",TRUE,"protein_coding","random",929,"SLC18A1|DHX58|ATP6V0D2|PITPNM2",4,0.844,0.714,0.997,0.0458,0.594,0.539,0.649
"TCGA",TRUE,"protein_coding","random",930,"IL6|QPCT|VPS39|CCDC167",4,0.961,0.805,1.146,0.656,0.49,0.431,0.549
"TCGA",TRUE,"protein_coding","random",931,"FANCD2|KRTAP10-10|SLC9A9|OR2J1",4,0.951,0.793,1.141,0.589,0.501,0.445,0.557
"TCGA",TRUE,"protein_coding","random",932,"EBLN2|KCNIP4|C1orf35|TLCD3B",4,0.945,0.794,1.125,0.528,0.512,0.452,0.572
"TCGA",TRUE,"protein_coding","random",933,"GAPDH|OPTN|PRSS48|TBX15",4,1.266,1.058,1.514,0.00992,0.57,0.516,0.624
"TCGA",TRUE,"protein_coding","random",934,"PSMD10|DDX11|USP40|ST3GAL5",4,0.984,0.837,1.157,0.843,0.51,0.454,0.566
"TCGA",TRUE,"protein_coding","random",935,"ZNHIT1|SCN9A|ARMC6|FNBP1L",4,0.982,0.832,1.159,0.832,0.481,0.427,0.535
"TCGA",TRUE,"protein_coding","random",936,"PCDHGA2|SLITRK3|DAOA|ZNF891",4,0.876,0.726,1.057,0.167,0.506,0.451,0.56
"TCGA",TRUE,"protein_coding","random",937,"SMG5|PCDHB4|GTF2B|PRUNE2",4,0.975,0.836,1.138,0.75,0.489,0.435,0.544
"TCGA",TRUE,"protein_coding","random",938,"MTR|POLR2L|IL31|COX17",4,1.041,0.88,1.233,0.638,0.49,0.432,0.548
"TCGA",TRUE,"protein_coding","random",939,"ARPP19|EPS8L3|ADAM8|PLXNB1",4,1.123,0.938,1.345,0.206,0.541,0.483,0.598
"TCGA",TRUE,"protein_coding","random",940,"PTGER1|C6orf47|KLHL38|KANSL1",4,0.913,0.772,1.08,0.288,0.545,0.49,0.6
"TCGA",TRUE,"protein_coding","random",941,"CCR5|NPPA|NMNAT2|MCU",4,0.936,0.789,1.11,0.445,0.526,0.469,0.584
"TCGA",TRUE,"protein_coding","random",942,"SYT9|ZNF354B|B3GNT5|RGMB",4,1.114,0.942,1.317,0.207,0.517,0.454,0.58
"TCGA",TRUE,"protein_coding","random",943,"ZNF121|IQCA1|MUL1|IQCF3",4,1.09,0.93,1.278,0.288,0.515,0.462,0.569
"TCGA",TRUE,"protein_coding","random",944,"GATAD1|ZNF722P|GPR4|NAP1L1",4,1.078,0.917,1.268,0.364,0.55,0.495,0.606
"TCGA",TRUE,"protein_coding","random",945,"FAHD2B|OMP|EIF4E2|UQCRC1",4,1.046,0.881,1.241,0.609,0.512,0.457,0.567
"TCGA",TRUE,"protein_coding","random",946,"SPINT3|LBX2|TP53AIP1|FBP2",4,0.902,0.76,1.07,0.238,0.535,0.482,0.588
"TCGA",TRUE,"protein_coding","random",947,"MAP4K5|SH3GLB1|LRRC29|ZNF331",4,0.985,0.831,1.169,0.867,0.49,0.434,0.547
"TCGA",TRUE,"protein_coding","random",948,"SPDYE17|DGKD|FBRS|NR1I3",4,0.955,0.806,1.132,0.597,0.496,0.441,0.55
"TCGA",TRUE,"protein_coding","random",949,"ADAM23|TMEFF1|SLC22A9|TMEM175",4,0.943,0.782,1.138,0.542,0.542,0.484,0.601
"TCGA",TRUE,"protein_coding","random",950,"OR5D13|SMIM7|LTF|ASB9",4,0.838,0.696,1.009,0.0628,0.551,0.496,0.606
"TCGA",TRUE,"protein_coding","random",951,"TP73|DNAL4|OVOL3|FBN1",4,1.146,0.961,1.365,0.129,0.543,0.483,0.603
"TCGA",TRUE,"protein_coding","random",952,"C12orf54|IRS2|MTTP|ILK",4,0.96,0.81,1.137,0.634,0.5,0.441,0.558
"TCGA",TRUE,"protein_coding","random",953,"IQCC|LPCAT3|MIA|RIMS3",4,0.833,0.697,0.996,0.0456,0.547,0.487,0.607
"TCGA",TRUE,"protein_coding","random",954,"ELAC2|DDX25|MCMDC2|PARP3",4,0.903,0.764,1.068,0.233,0.52,0.464,0.577
"TCGA",TRUE,"protein_coding","random",955,"TEX45|SGCZ|TRIM40|PRRC1",4,1.173,0.995,1.381,0.0567,0.594,0.537,0.65
"TCGA",TRUE,"protein_coding","random",956,"PSME3IP1|ZC3HC1|FUT5|MRTO4",4,1.129,0.959,1.329,0.146,0.562,0.503,0.621
"TCGA",TRUE,"protein_coding","random",957,"ARPC3|GABARAPL1|LINGO1|MESP2",4,1.136,0.951,1.358,0.16,0.542,0.483,0.601
"TCGA",TRUE,"protein_coding","random",958,"SGMS1|PTPN12|FAM114A1|TBC1D7",4,1.227,1.022,1.473,0.0281,0.553,0.495,0.611
"TCGA",TRUE,"protein_coding","random",959,"NAA35|ATP6V0A1|RPP30|PRAMEF33",4,0.921,0.789,1.074,0.294,0.473,0.417,0.529
"TCGA",TRUE,"protein_coding","random",960,"EEF2K|KRT6B|C11orf58|HNMT",4,0.995,0.837,1.183,0.954,0.486,0.429,0.542
"TCGA",TRUE,"protein_coding","random",961,"SAV1|PRKCB|LAMP5|GIMD1",4,0.949,0.803,1.121,0.537,0.545,0.486,0.604
"TCGA",TRUE,"protein_coding","random",962,"BOLA3|NUDT21|AC007906.2|OAZ2",4,1.055,0.88,1.265,0.56,0.511,0.453,0.569
"TCGA",TRUE,"protein_coding","random",963,"COMMD4|DNAI3|CAPG|CLEC16A",4,0.981,0.828,1.161,0.82,0.523,0.469,0.576
"TCGA",TRUE,"protein_coding","random",964,"ABCB5|KIF6|C16orf72|CNPY1",4,1.021,0.859,1.213,0.817,0.504,0.447,0.562
"TCGA",TRUE,"protein_coding","random",965,"FNBP1|PRMT6|FAM151B|AICDA",4,0.921,0.791,1.072,0.286,0.55,0.498,0.602
"TCGA",TRUE,"protein_coding","random",966,"UGT8|PCDH12|CLEC20A|H4C11",4,1.026,0.864,1.218,0.771,0.517,0.46,0.575
"TCGA",TRUE,"protein_coding","random",967,"CCDC54|KDM6A|RASSF7|RBM17",4,0.922,0.769,1.106,0.382,0.527,0.469,0.586
"TCGA",TRUE,"protein_coding","random",968,"DEFB131B|PTGIR|PDK4|ZNF789",4,0.927,0.779,1.103,0.393,0.543,0.483,0.603
"TCGA",TRUE,"protein_coding","random",969,"ADRA2A|EMG1|UNC93B1|ATP2A2",4,1.032,0.869,1.226,0.717,0.494,0.436,0.552
"TCGA",TRUE,"protein_coding","random",970,"IFIT3|EPB41L5|TMEM102|HACL1",4,0.987,0.833,1.169,0.877,0.516,0.462,0.57
"TCGA",TRUE,"protein_coding","random",971,"NWD2|LYZL4|SLC15A2|SFT2D2",4,0.863,0.717,1.039,0.119,0.549,0.49,0.608
"TCGA",TRUE,"protein_coding","random",972,"FOXP1|FAM243A|GALNS|ABHD4",4,1.273,1.066,1.52,0.00768,0.594,0.538,0.649
"TCGA",TRUE,"protein_coding","random",973,"ZNF506|MSC|NUDT5|ZNF415",4,0.956,0.803,1.139,0.616,0.538,0.479,0.597
"TCGA",TRUE,"protein_coding","random",974,"CD83|CCR9|C2orf69|TM4SF1",4,0.965,0.808,1.154,0.698,0.53,0.469,0.59
"TCGA",TRUE,"protein_coding","random",975,"FMO5|NAT9|BAZ1A|ACSL3",4,1.04,0.889,1.215,0.627,0.536,0.482,0.589
"TCGA",TRUE,"protein_coding","random",976,"SELENBP1|SPG11|MEF2A|UIMC1",4,0.926,0.776,1.106,0.399,0.53,0.475,0.585
"TCGA",TRUE,"protein_coding","random",977,"SPIN2A|CA13|TEFM|PAPSS2",4,0.86,0.72,1.029,0.0989,0.539,0.479,0.6
"TCGA",TRUE,"protein_coding","random",978,"OR2T11|GLT1D1|CDH17|IFNA4",4,1.07,0.91,1.258,0.415,0.536,0.477,0.595
"TCGA",TRUE,"protein_coding","random",979,"ZFP1|NPRL3|KLK14|UXS1",4,0.935,0.788,1.11,0.442,0.512,0.453,0.571
"TCGA",TRUE,"protein_coding","random",980,"C12orf43|ARNT|STING1|ALG14",4,1.013,0.848,1.211,0.883,0.498,0.436,0.56
"TCGA",TRUE,"protein_coding","random",981,"LFNG|PMVK|INSR|ZNF326",4,0.934,0.787,1.11,0.44,0.516,0.459,0.573
"TCGA",TRUE,"protein_coding","random",982,"KCNV1|TUBA4A|RHBDF1|PBLD",4,1.265,1.063,1.506,0.00817,0.582,0.524,0.639
"TCGA",TRUE,"protein_coding","random",983,"A3GALT2|CLCN3|CPSF1|CLEC4M",4,1.048,0.883,1.244,0.592,0.531,0.477,0.584
"TCGA",TRUE,"protein_coding","random",984,"CTSB|MAPK8IP1|PIK3R5|INTU",4,0.846,0.716,0.999,0.0492,0.569,0.512,0.627
"TCGA",TRUE,"protein_coding","random",985,"DNAJC15|H4C13|ZNF878|MEPE",4,0.992,0.835,1.179,0.931,0.49,0.432,0.549
"TCGA",TRUE,"protein_coding","random",986,"COBLL1|PRKAG3|NCBP1|OR6C3",4,1.045,0.871,1.254,0.635,0.48,0.422,0.538
"TCGA",TRUE,"protein_coding","random",987,"IKZF3|HOXC8|CYP26B1|TTLL2",4,0.827,0.697,0.981,0.0292,0.578,0.525,0.632
"TCGA",TRUE,"protein_coding","random",988,"CDO1|PDCD6|APOA2|BCKDHB",4,0.857,0.714,1.03,0.0996,0.523,0.461,0.585
"TCGA",TRUE,"protein_coding","random",989,"NOP56|SLC2A10|IFITM1|ATXN7L3",4,1.145,0.96,1.365,0.131,0.565,0.507,0.624
"TCGA",TRUE,"protein_coding","random",990,"NEURL1B|LYPLA2|ZKSCAN2|LYZL1",4,0.973,0.814,1.163,0.765,0.516,0.456,0.576
"TCGA",TRUE,"protein_coding","random",991,"AHCY|RANGRF|SLITRK6|KCNT2",4,1.013,0.855,1.201,0.878,0.518,0.461,0.574
"TCGA",TRUE,"protein_coding","random",992,"EIF6|TEX11|CC2D2B|TICRR",4,1.096,0.931,1.291,0.271,0.524,0.468,0.579
"TCGA",TRUE,"protein_coding","random",993,"MRPL58|NBPF19|BTF3L4|CASK",4,1.094,0.93,1.288,0.279,0.53,0.471,0.59
"TCGA",TRUE,"protein_coding","random",994,"ITFG2|USF3|LMTK2|RNF135",4,0.958,0.805,1.141,0.633,0.521,0.465,0.578
"TCGA",TRUE,"protein_coding","random",995,"FGF12|NUDT16L1|PSMB1|PDF",4,1.184,0.99,1.418,0.0649,0.553,0.494,0.612
"TCGA",TRUE,"protein_coding","random",996,"PTGIS|ANOS1|ARFGAP2|PIGK",4,0.928,0.784,1.098,0.382,0.547,0.49,0.603
"TCGA",TRUE,"protein_coding","random",997,"ABRAXAS2|GARRE1|SRF|PAPLN",4,0.953,0.814,1.114,0.544,0.529,0.471,0.587
"TCGA",TRUE,"protein_coding","random",998,"RILP|CNOT3|EIF2B4|KCTD17",4,1.002,0.853,1.178,0.981,0.484,0.427,0.54
"TCGA",TRUE,"protein_coding","random",999,"ZSWIM3|PXT1|IL16|MITF",4,0.765,0.648,0.902,0.00144,0.6,0.544,0.656
"TCGA",TRUE,"protein_coding","random",1000,"SGF29|SPOCD1|FUT11|SNN",4,0.86,0.718,1.031,0.103,0.563,0.504,0.623
"TCGA",TRUE,"proliferation_matched","random",1,"TTLL4|METTL7A|B9D2|TCOF1",4,1.008,0.85,1.195,0.925,0.505,0.45,0.56
"TCGA",TRUE,"proliferation_matched","random",2,"TCF3|EP400|ANKRA2|CCT5",4,1.193,0.999,1.423,0.0508,0.563,0.51,0.617
"TCGA",TRUE,"proliferation_matched","random",3,"IGF2BP2|TCP1|NEIL3|CYP4Z1",4,1.282,1.07,1.535,0.00693,0.592,0.529,0.654
"TCGA",TRUE,"proliferation_matched","random",4,"PRKDC|NDRG2|NUF2|FTSJ3",4,1.254,1.05,1.497,0.0125,0.574,0.518,0.63
"TCGA",TRUE,"proliferation_matched","random",5,"SLC16A11|LRR1|ZNF429|AGR3",4,0.801,0.673,0.953,0.0124,0.557,0.502,0.613
"TCGA",TRUE,"proliferation_matched","random",6,"EIF5B|POLQ|PLAC9|GDF10",4,1.129,0.954,1.337,0.159,0.534,0.479,0.589
"TCGA",TRUE,"proliferation_matched","random",7,"GTF2IRD2|PSME3|NSUN2|MFSD4A",4,0.999,0.837,1.193,0.994,0.502,0.446,0.558
"TCGA",TRUE,"proliferation_matched","random",8,"SLPI|LOXL2|CENPO|SLC39A14",4,1.458,1.229,1.73,1.58e-05,0.609,0.553,0.664
"TCGA",TRUE,"proliferation_matched","random",9,"NEIL1|GINS4|BRCA2|RSRC1",4,1.08,0.913,1.278,0.369,0.536,0.482,0.589
"TCGA",TRUE,"proliferation_matched","random",10,"GNG4|DNAJC14|NAA25|DKC1",4,1.182,1,1.396,0.0495,0.583,0.528,0.637
"TCGA",TRUE,"proliferation_matched","random",11,"ABCE1|CD302|TDRD10|BRIP1",4,0.939,0.792,1.113,0.465,0.55,0.491,0.61
"TCGA",TRUE,"proliferation_matched","random",12,"ACLY|EME1|DEPDC1|SCP2",4,1.236,1.043,1.465,0.0143,0.573,0.516,0.631
"TCGA",TRUE,"proliferation_matched","random",13,"MAD2L1|SELENOW|KIF22|DAPK2",4,0.976,0.824,1.157,0.781,0.536,0.479,0.593
"TCGA",TRUE,"proliferation_matched","random",14,"LETM1|PSME4|CHRDL1|SKP2",4,1.067,0.904,1.26,0.44,0.542,0.487,0.598
"TCGA",TRUE,"proliferation_matched","random",15,"FEN1|ADA|SSB|HDGF",4,1.322,1.109,1.576,0.00183,0.614,0.559,0.67
"TCGA",TRUE,"proliferation_matched","random",16,"GTSE1|GGH|TLR5|SMARCD3",4,1.052,0.899,1.232,0.528,0.493,0.437,0.549
"TCGA",TRUE,"proliferation_matched","random",17,"CFAP221|IPO8|CDV3|RMDN2",4,0.901,0.751,1.08,0.26,0.537,0.476,0.598
"TCGA",TRUE,"proliferation_matched","random",18,"BUB3|RDM1|URB2|ABCE1",4,1.24,1.05,1.464,0.0113,0.581,0.527,0.636
"TCGA",TRUE,"proliferation_matched","random",19,"CHD7|CDKL2|NCAPD2|ASF1B",4,1.069,0.903,1.267,0.437,0.521,0.462,0.58
"TCGA",TRUE,"proliferation_matched","random",20,"MARS1|CCDC28A|DHX8|C1QTNF7",4,0.816,0.696,0.957,0.0125,0.563,0.507,0.62
"TCGA",TRUE,"proliferation_matched","random",21,"FANCD2|WBP11|ZDHHC1|CAPS",4,1.038,0.875,1.232,0.668,0.53,0.471,0.589
"TCGA",TRUE,"proliferation_matched","random",22,"ZFP91|HNRNPM|MIS18A|SMIM1",4,1.246,1.047,1.484,0.0135,0.585,0.526,0.643
"TCGA",TRUE,"proliferation_matched","random",23,"ZDHHC1|AGMAT|CENPI|RIPK2",4,1.237,1.052,1.454,0.00995,0.581,0.527,0.635
"TCGA",TRUE,"proliferation_matched","random",24,"YES1|TMEM130|ATP1A2|KIF3C",4,0.964,0.814,1.142,0.673,0.538,0.478,0.598
"TCGA",TRUE,"proliferation_matched","random",25,"PDLIM2|TYMS|TMEM163|PPRC1",4,0.954,0.809,1.126,0.578,0.531,0.477,0.586
"TCGA",TRUE,"proliferation_matched","random",26,"RACGAP1|RANGAP1|LEFTY2|RAN",4,1.252,1.057,1.483,0.0093,0.585,0.526,0.644
"TCGA",TRUE,"proliferation_matched","random",27,"DNAJB11|BRI3BP|LIG1|WDR62",4,1.23,1.042,1.452,0.0143,0.591,0.538,0.644
"TCGA",TRUE,"proliferation_matched","random",28,"CASQ2|SPINDOC|TMEM243|CDK12",4,0.924,0.778,1.098,0.37,0.562,0.508,0.616
"TCGA",TRUE,"proliferation_matched","random",29,"MTURN|MOAP1|LMNB1|PCLAF",4,0.998,0.841,1.185,0.981,0.492,0.434,0.551
"TCGA",TRUE,"proliferation_matched","random",30,"LTC4S|SPAG5|ITIH3|SART3",4,1.019,0.865,1.201,0.819,0.494,0.438,0.549
"TCGA",TRUE,"proliferation_matched","random",31,"ENPP5|KIF20B|TLR5|TNPO3",4,0.957,0.804,1.138,0.618,0.526,0.471,0.58
"TCGA",TRUE,"proliferation_matched","random",32,"NRDC|CKAP2L|PGAM1|INMT",4,1.304,1.105,1.54,0.00169,0.588,0.529,0.646
"TCGA",TRUE,"proliferation_matched","random",33,"KHDRBS1|SFTPB|RASL11A|UBXN7",4,0.879,0.744,1.039,0.13,0.538,0.48,0.595
"TCGA",TRUE,"proliferation_matched","random",34,"PUS10|PSMC3IP|C1QTNF7|BBS4",4,0.887,0.749,1.052,0.168,0.557,0.499,0.615
"TCGA",TRUE,"proliferation_matched","random",35,"DDIAS|GSK3B|PDLIM2|CACNA2D2",4,0.934,0.783,1.115,0.451,0.517,0.46,0.573
"TCGA",TRUE,"proliferation_matched","random",36,"F8|ACRV1|PRIM2|PLA2G1B",4,0.982,0.822,1.174,0.842,0.496,0.436,0.556
"TCGA",TRUE,"proliferation_matched","random",37,"PPAT|TTK|ROGDI|SFTPD",4,0.961,0.811,1.138,0.642,0.508,0.45,0.567
"TCGA",TRUE,"proliferation_matched","random",38,"XPOT|ZCWPW2|URB2|DSCC1",4,1.135,0.959,1.342,0.142,0.56,0.506,0.614
"TCGA",TRUE,"proliferation_matched","random",39,"HELQ|PARP1|CHIA|SPATS2",4,0.977,0.822,1.161,0.79,0.505,0.446,0.563
"TCGA",TRUE,"proliferation_matched","random",40,"WASF1|CYP4Z1|FTSJ3|EIF3A",4,1.133,0.947,1.355,0.172,0.565,0.511,0.619
"TCGA",TRUE,"proliferation_matched","random",41,"EZH2|PCGF6|PEBP4|NASP",4,0.977,0.829,1.15,0.777,0.486,0.426,0.546
"TCGA",TRUE,"proliferation_matched","random",42,"FAM111B|IMMT|TCF19|ZFP91",4,1.274,1.076,1.509,0.00506,0.588,0.53,0.647
"TCGA",TRUE,"proliferation_matched","random",43,"DHX57|TMBIM4|NAPSA|CBX5",4,0.9,0.755,1.073,0.241,0.534,0.477,0.591
"TCGA",TRUE,"proliferation_matched","random",44,"NFXL1|EMCN|POFUT1|NCAPD2",4,1.278,1.078,1.516,0.00472,0.588,0.535,0.641
"TCGA",TRUE,"proliferation_matched","random",45,"LEO1|RAB17|MC5R|NSD2",4,1.099,0.929,1.301,0.272,0.552,0.5,0.605
"TCGA",TRUE,"proliferation_matched","random",46,"NOLC1|ITM2B|SUV39H1|ZNF491",4,1.013,0.857,1.198,0.877,0.504,0.446,0.562
"TCGA",TRUE,"proliferation_matched","random",47,"SGO2|SSB|GBX2|KIF11",4,1.294,1.092,1.534,0.00299,0.598,0.541,0.654
"TCGA",TRUE,"proliferation_matched","random",48,"PGAM1|PSRC1|CENPA|SRPK1",4,1.355,1.137,1.613,0.000661,0.598,0.543,0.654
"TCGA",TRUE,"proliferation_matched","random",49,"ANKRA2|POLR3A|COLGALT1|ESPL1",4,1.295,1.091,1.537,0.00308,0.586,0.531,0.641
"TCGA",TRUE,"proliferation_matched","random",50,"CCDC77|SSRP1|SPDL1|CDC25C",4,1.363,1.139,1.631,0.00073,0.603,0.545,0.661
"TCGA",TRUE,"proliferation_matched","random",51,"PYROXD2|TCEAL1|WAPL|EIF5B",4,1.062,0.897,1.258,0.485,0.53,0.469,0.591
"TCGA",TRUE,"proliferation_matched","random",52,"FPGT-TNNI3K|EHBP1|MTHFD1|RSRC1",4,1.476,1.242,1.753,9.27e-06,0.627,0.573,0.681
"TCGA",TRUE,"proliferation_matched","random",53,"RAB35|PFKP|IPPK|GCN1",4,1.359,1.148,1.609,0.000373,0.617,0.563,0.671
"TCGA",TRUE,"proliferation_matched","random",54,"NOP58|ANKFN1|SCGB3A2|ZNF658",4,0.874,0.735,1.039,0.127,0.541,0.484,0.598
"TCGA",TRUE,"proliferation_matched","random",55,"FANCD2|YES1|GAPDH|TMTC3",4,1.401,1.182,1.66,9.77e-05,0.607,0.551,0.663
"TCGA",TRUE,"proliferation_matched","random",56,"ZNF367|VEGFD|CCNA2|GHRL",4,1.023,0.866,1.208,0.792,0.496,0.441,0.552
"TCGA",TRUE,"proliferation_matched","random",57,"MYBL2|UCK2|NUDT16L1|NCAPG",4,1.333,1.12,1.585,0.00118,0.603,0.545,0.66
"TCGA",TRUE,"proliferation_matched","random",58,"MAPK10|SLC5A6|ZNF491|ZNF552",4,0.868,0.727,1.037,0.118,0.552,0.49,0.614
"TCGA",TRUE,"proliferation_matched","random",59,"ZBTB2|CAVIN2|NAA15|SHCBP1",4,1.171,0.993,1.381,0.0612,0.546,0.49,0.603
"TCGA",TRUE,"proliferation_matched","random",60,"FIGNL1|CAD|INMT|MCM5",4,1.152,0.978,1.356,0.0896,0.569,0.512,0.625
"TCGA",TRUE,"proliferation_matched","random",61,"ZSWIM7|NUP50|CENPM|DTYMK",4,1.239,1.058,1.453,0.00797,0.581,0.523,0.638
"TCGA",TRUE,"proliferation_matched","random",62,"FMO4|INSYN1|AMY2B|SMPD4",4,0.826,0.691,0.986,0.0343,0.565,0.508,0.622
"TCGA",TRUE,"proliferation_matched","random",63,"TMPRSS2|BUB1|SUPT16H|LRRC36",4,0.887,0.734,1.073,0.217,0.511,0.449,0.572
"TCGA",TRUE,"proliferation_matched","random",64,"RNF34|SGO2|SKP2|HMMR",4,1.259,1.059,1.498,0.00918,0.588,0.533,0.642
"TCGA",TRUE,"proliferation_matched","random",65,"TK1|CBX1|SNRNP200|ZWINT",4,1.238,1.038,1.476,0.0173,0.582,0.526,0.639
"TCGA",TRUE,"proliferation_matched","random",66,"SLC39A14|TONSL|ZNF396|U2SURP",4,1.18,1,1.392,0.0494,0.586,0.535,0.637
"TCGA",TRUE,"proliferation_matched","random",67,"PPAT|TTI1|GANAB|GTPBP4",4,1.267,1.071,1.498,0.00566,0.592,0.538,0.647
"TCGA",TRUE,"proliferation_matched","random",68,"PIGR|ZCWPW2|PSMD11|TIMELESS",4,1.026,0.862,1.222,0.77,0.513,0.449,0.576
"TCGA",TRUE,"proliferation_matched","random",69,"PXMP4|ORC1|NOL11|DNAJC14",4,1.128,0.951,1.337,0.168,0.553,0.498,0.607
"TCGA",TRUE,"proliferation_matched","random",70,"NUP37|CATSPERE|BRD4|RFC3",4,1.078,0.915,1.271,0.368,0.56,0.507,0.614
"TCGA",TRUE,"proliferation_matched","random",71,"ZNF540|UCK2|HELLS|CDCA2",4,1.211,1.023,1.433,0.0259,0.586,0.529,0.642
"TCGA",TRUE,"proliferation_matched","random",72,"POLR1A|CLN5|WFDC2|SGPL1",4,0.89,0.756,1.048,0.163,0.542,0.485,0.599
"TCGA",TRUE,"proliferation_matched","random",73,"ASPM|IQGAP3|C11orf54|TICRR",4,1.291,1.084,1.536,0.00408,0.593,0.542,0.644
"TCGA",TRUE,"proliferation_matched","random",74,"FAAH|CENPP|AGPS|ROBO2",4,0.969,0.815,1.153,0.725,0.504,0.443,0.566
"TCGA",TRUE,"proliferation_matched","random",75,"HSPD1|SEPTIN4|CENPF|PPRC1",4,1.205,1.01,1.438,0.0387,0.572,0.516,0.627
"TCGA",TRUE,"proliferation_matched","random",76,"SPATA6|DHFR|HPSE2|ADAMTS8",4,0.836,0.704,0.993,0.0416,0.555,0.494,0.616
"TCGA",TRUE,"proliferation_matched","random",77,"TNFSF12|RIF1|LYRM9|POFUT1",4,1.033,0.868,1.23,0.711,0.503,0.448,0.558
"TCGA",TRUE,"proliferation_matched","random",78,"HEMK1|CYP4A11|TRAIP|IQGAP3",4,0.998,0.853,1.168,0.983,0.485,0.428,0.541
"TCGA",TRUE,"proliferation_matched","random",79,"QSOX2|ORC1|CCDC28A|ZCWPW2",4,0.95,0.805,1.121,0.542,0.499,0.444,0.554
"TCGA",TRUE,"proliferation_matched","random",80,"DNM1L|FMO4|TICRR|DONSON",4,1.156,0.972,1.374,0.101,0.542,0.489,0.595
"TCGA",TRUE,"proliferation_matched","random",81,"SCN4B|ARHGEF39|ARV1|NCAPD2",4,1.146,0.971,1.352,0.108,0.553,0.494,0.613
"TCGA",TRUE,"proliferation_matched","random",82,"EFTUD2|TUBG1|FGD1|BICDL2",4,1.062,0.893,1.264,0.497,0.535,0.474,0.597
"TCGA",TRUE,"proliferation_matched","random",83,"CBX5|GNMT|C17orf50|CRYM",4,0.818,0.687,0.973,0.0236,0.554,0.496,0.611
"TCGA",TRUE,"proliferation_matched","random",84,"DHX8|WNT11|MIS18BP1|HROB",4,1.118,0.954,1.31,0.168,0.575,0.52,0.629
"TCGA",TRUE,"proliferation_matched","random",85,"OGN|SGO2|PPIL6|PPM1M",4,0.921,0.781,1.086,0.329,0.563,0.505,0.621
"TCGA",TRUE,"proliferation_matched","random",86,"TIMELESS|SLC5A6|AGR3|DNAJC11",4,1.169,0.991,1.38,0.0643,0.568,0.514,0.623
"TCGA",TRUE,"proliferation_matched","random",87,"PA2G4|IL33|ESCO2|MAPRE1",4,1.211,1.013,1.449,0.0361,0.56,0.503,0.617
"TCGA",TRUE,"proliferation_matched","random",88,"TMEM132E|NDC80|FAM189A2|RAP1GAP",4,0.931,0.781,1.111,0.428,0.52,0.459,0.58
"TCGA",TRUE,"proliferation_matched","random",89,"LMNB1|CISH|LIG1|GGTLC1",4,0.89,0.754,1.05,0.167,0.54,0.481,0.599
"TCGA",TRUE,"proliferation_matched","random",90,"FPGT-TNNI3K|EPHX2|IPO9|CAT",4,0.872,0.738,1.031,0.11,0.554,0.498,0.61
"TCGA",TRUE,"proliferation_matched","random",91,"RERG|TWNK|BRCA2|SGCA",4,1.087,0.914,1.293,0.345,0.543,0.482,0.603
"TCGA",TRUE,"proliferation_matched","random",92,"C18orf54|RSPO2|CENPI|TNPO3",4,1.244,1.05,1.474,0.0114,0.584,0.531,0.638
"TCGA",TRUE,"proliferation_matched","random",93,"MTIF2|CD59|NPC2|NR3C2",4,0.879,0.74,1.043,0.139,0.552,0.493,0.61
"TCGA",TRUE,"proliferation_matched","random",94,"ZNF688|XPNPEP1|SGO1|MIS18A",4,1.286,1.083,1.527,0.00417,0.579,0.519,0.639
"TCGA",TRUE,"proliferation_matched","random",95,"WDR5|MCM4|B9D2|WDHD1",4,1.376,1.155,1.639,0.000343,0.61,0.555,0.666
"TCGA",TRUE,"proliferation_matched","random",96,"KIF15|CCNE1|ZSWIM7|TMEM163",4,0.977,0.832,1.147,0.776,0.515,0.461,0.569
"TCGA",TRUE,"proliferation_matched","random",97,"ANG|PRPF40A|C16orf89|NSD2",4,1.028,0.872,1.211,0.745,0.53,0.477,0.583
"TCGA",TRUE,"proliferation_matched","random",98,"TICRR|NEK2|ANG|PFKP",4,1.441,1.206,1.723,6.04e-05,0.616,0.56,0.673
"TCGA",TRUE,"proliferation_matched","random",99,"NAA15|TEDC2|CCT5|MTOR",4,1.271,1.074,1.505,0.00534,0.584,0.529,0.64
"TCGA",TRUE,"proliferation_matched","random",100,"ESPL1|SUSD2|BLM|TEAD4",4,1.256,1.055,1.495,0.0104,0.564,0.507,0.621
"TCGA",TRUE,"proliferation_matched","random",101,"PCNX3|NUP155|PTBP1|CTSH",4,1.078,0.904,1.286,0.401,0.542,0.486,0.597
"TCGA",TRUE,"proliferation_matched","random",102,"ACSM1|TSC22D3|AREL1|CMAS",4,1.155,0.965,1.381,0.116,0.515,0.457,0.574
"TCGA",TRUE,"proliferation_matched","random",103,"PXMP4|MSH2|SLC27A1|TRPA1",4,0.945,0.793,1.126,0.525,0.476,0.418,0.535
"TCGA",TRUE,"proliferation_matched","random",104,"CIP2A|REEP5|PA2G4|TSC22D3",4,1.217,1.01,1.466,0.0391,0.535,0.475,0.595
"TCGA",TRUE,"proliferation_matched","random",105,"ORC1|ATP1A2|MCMBP|CREBRF",4,1.076,0.908,1.274,0.399,0.503,0.441,0.565
"TCGA",TRUE,"proliferation_matched","random",106,"RILP|HNRNPA3|CHEK1|CAB39L",4,1.123,0.951,1.326,0.173,0.548,0.491,0.605
"TCGA",TRUE,"proliferation_matched","random",107,"CDT1|RAB17|KPNA2|DDX54",4,1.301,1.081,1.566,0.0053,0.604,0.548,0.66
"TCGA",TRUE,"proliferation_matched","random",108,"RAB3B|ARV1|ANKRD18B|POLQ",4,1.319,1.111,1.566,0.00154,0.606,0.551,0.661
"TCGA",TRUE,"proliferation_matched","random",109,"ZDHHC1|PPP1CC|ADGRF5|ATR",4,0.845,0.703,1.017,0.075,0.544,0.48,0.608
"TCGA",TRUE,"proliferation_matched","random",110,"USP31|CKAP2L|UCK2|PTBP1",4,1.378,1.159,1.639,0.000282,0.624,0.57,0.677
"TCGA",TRUE,"proliferation_matched","random",111,"ATR|IGF2BP1|ZNF688|GAS2L3",4,1.269,1.07,1.505,0.00616,0.577,0.523,0.632
"TCGA",TRUE,"proliferation_matched","random",112,"HNRNPM|HMGB2|QTRT2|CPAMD8",4,1.121,0.94,1.337,0.202,0.526,0.469,0.583
"TCGA",TRUE,"proliferation_matched","random",113,"SMC2|CAPS|SKA1|NAA15",4,1.305,1.097,1.552,0.00266,0.586,0.53,0.643
"TCGA",TRUE,"proliferation_matched","random",114,"ZCWPW2|NCAPH|VRK2|KIF4A",4,1.352,1.128,1.621,0.00108,0.576,0.522,0.63
"TCGA",TRUE,"proliferation_matched","random",115,"VIRMA|POLD3|MSH6|TMEM243",4,1.152,0.975,1.361,0.096,0.552,0.496,0.608
"TCGA",TRUE,"proliferation_matched","random",116,"PRC1|MYBL2|PSME4|IPO9",4,1.264,1.073,1.488,0.00511,0.592,0.539,0.646
"TCGA",TRUE,"proliferation_matched","random",117,"VSIG2|SLC7A5|ANKIB1|CAV3",4,0.901,0.756,1.074,0.246,0.519,0.461,0.577
"TCGA",TRUE,"proliferation_matched","random",118,"CENPH|NOP58|SELENOW|C18orf54",4,1.266,1.059,1.514,0.00979,0.581,0.523,0.64
"TCGA",TRUE,"proliferation_matched","random",119,"STRAP|NUDT7|TAF2|FAAH",4,1.104,0.931,1.308,0.255,0.548,0.488,0.608
"TCGA",TRUE,"proliferation_matched","random",120,"SRGAP1|ZNF384|NOLC1|TACC3",4,1.427,1.197,1.7,7.04e-05,0.623,0.567,0.679
"TCGA",TRUE,"proliferation_matched","random",121,"SEPTIN4|HNRNPU|ANAPC1|PLOD2",4,1.213,1.033,1.425,0.0187,0.596,0.543,0.649
"TCGA",TRUE,"proliferation_matched","random",122,"SLC52A1|CHEK1|HMMR|CLEC3B",4,1.085,0.911,1.293,0.36,0.516,0.454,0.578
"TCGA",TRUE,"proliferation_matched","random",123,"TMPRSS2|TMEM50B|FAM76A|SMDT1",4,0.707,0.591,0.847,0.000162,0.609,0.552,0.666
"TCGA",TRUE,"proliferation_matched","random",124,"OPA1|LARP1|STRAP|ISG20L2",4,1.313,1.11,1.552,0.00146,0.601,0.547,0.655
"TCGA",TRUE,"proliferation_matched","random",125,"C1orf21|ORC6|NUP153|FGGY",4,1.067,0.885,1.287,0.495,0.527,0.468,0.587
"TCGA",TRUE,"proliferation_matched","random",126,"FMO5|ZNF146|TCEA3|PSMD2",4,1.089,0.913,1.299,0.345,0.528,0.464,0.591
"TCGA",TRUE,"proliferation_matched","random",127,"NUP50|CSE1L|ABCA8|DNMT3B",4,1.141,0.969,1.343,0.113,0.587,0.532,0.642
"TCGA",TRUE,"proliferation_matched","random",128,"CDCA5|ANKIB1|DHX9|PCNX3",4,1.245,1.05,1.476,0.0115,0.592,0.54,0.644
"TCGA",TRUE,"proliferation_matched","random",129,"ARHGAP11A|ZNF536|HNRNPA2B1|MCM7",4,1.211,1.023,1.432,0.0258,0.582,0.525,0.639
"TCGA",TRUE,"proliferation_matched","random",130,"PLLP|CDCA8|ZNF724|CRYZL1",4,1.043,0.877,1.241,0.633,0.491,0.432,0.55
"TCGA",TRUE,"proliferation_matched","random",131,"TNPO3|CDKL2|FKBP4|PAXIP1",4,1.139,0.959,1.352,0.138,0.553,0.498,0.607
"TCGA",TRUE,"proliferation_matched","random",132,"TRRAP|SAPCD2|CCAR1|DSP",4,1.176,0.984,1.406,0.0751,0.572,0.519,0.626
"TCGA",TRUE,"proliferation_matched","random",133,"CENPA|MOAP1|TEPP|PBXIP1",4,0.843,0.707,1.005,0.0572,0.571,0.512,0.63
"TCGA",TRUE,"proliferation_matched","random",134,"ABCF1|SPC24|ZNF552|SYNCRIP",4,1.174,0.984,1.4,0.0748,0.578,0.522,0.633
"TCGA",TRUE,"proliferation_matched","random",135,"DNAJC11|POLR1G|SLC4A5|B9D2",4,0.996,0.845,1.175,0.963,0.471,0.415,0.528
"TCGA",TRUE,"proliferation_matched","random",136,"BRCA1|POLD1|VIRMA|GATA1",4,1.142,0.967,1.349,0.118,0.564,0.507,0.621
"TCGA",TRUE,"proliferation_matched","random",137,"CITED2|ATAD5|CPQ|SHH",4,0.94,0.791,1.118,0.485,0.548,0.487,0.609
"TCGA",TRUE,"proliferation_matched","random",138,"SETD4|ATP13A4|ABCE1|SIRT3",4,0.828,0.7,0.981,0.0289,0.557,0.498,0.616
"TCGA",TRUE,"proliferation_matched","random",139,"GATA1|SHMT2|ZNF19|HLA-DMA",4,0.735,0.618,0.873,0.000478,0.591,0.537,0.646
"TCGA",TRUE,"proliferation_matched","random",140,"NSD2|GPI|DHFR|H2AZ1",4,1.385,1.167,1.643,0.00019,0.594,0.534,0.655
"TCGA",TRUE,"proliferation_matched","random",141,"POP1|EIF4G1|NOP58|TAF2",4,1.341,1.131,1.591,0.000727,0.608,0.554,0.661
"TCGA",TRUE,"proliferation_matched","random",142,"FHL1|RAB3B|PDLIM2|WASF1",4,1.08,0.915,1.276,0.364,0.533,0.474,0.591
"TCGA",TRUE,"proliferation_matched","random",143,"CTSH|MAD2L1|TARS1|RANBP1",4,1.125,0.953,1.328,0.164,0.551,0.497,0.606
"TCGA",TRUE,"proliferation_matched","random",144,"NUP62|LRR1|FGGY|IMMT",4,1.217,1.022,1.45,0.0278,0.568,0.508,0.628
"TCGA",TRUE,"proliferation_matched","random",145,"RASSF7|SYNJ2|FBXO43|GSTM5",4,1.068,0.904,1.26,0.44,0.52,0.465,0.576
"TCGA",TRUE,"proliferation_matched","random",146,"SLC22A31|ZNF441|IMMT|TSLP",4,0.732,0.62,0.865,0.000244,0.595,0.539,0.652
"TCGA",TRUE,"proliferation_matched","random",147,"F8|SETD4|CENPF|NAA25",4,1.043,0.882,1.235,0.622,0.544,0.486,0.603
"TCGA",TRUE,"proliferation_matched","random",148,"TPM3|E2F8|TNFSF13|SGPL1",4,1.164,0.972,1.395,0.0989,0.551,0.493,0.609
"TCGA",TRUE,"proliferation_matched","random",149,"SDR42E2|SMDT1|SFXN1|GRAMD2A",4,0.909,0.766,1.079,0.276,0.539,0.484,0.594
"TCGA",TRUE,"proliferation_matched","random",150,"POFUT1|EPOP|BUB3|P4HTM",4,1.143,0.965,1.354,0.121,0.571,0.514,0.628
"TCGA",TRUE,"proliferation_matched","random",151,"DHX33|PPM1G|ZNF658|NCAPG",4,1.256,1.061,1.488,0.00806,0.606,0.552,0.661
"TCGA",TRUE,"proliferation_matched","random",152,"WNT11|SPATA5|BMS1|VAMP2",4,1.081,0.913,1.279,0.369,0.559,0.503,0.615
"TCGA",TRUE,"proliferation_matched","random",153,"LSM12|UGGT1|CEBPA|KMT5A",4,1.129,0.96,1.328,0.144,0.566,0.514,0.619
"TCGA",TRUE,"proliferation_matched","random",154,"ADGRF5|XPO1|SF3B3|BRIP1",4,1.042,0.876,1.239,0.641,0.518,0.461,0.574
"TCGA",TRUE,"proliferation_matched","random",155,"MTA2|FMO4|CPQ|SF3B3",4,0.958,0.81,1.133,0.616,0.486,0.429,0.543
"TCGA",TRUE,"proliferation_matched","random",156,"LIG3|E2F2|MTFR1L|GPRC5C",4,0.913,0.765,1.091,0.317,0.529,0.466,0.591
"TCGA",TRUE,"proliferation_matched","random",157,"WDR75|BBS4|CCDC86|SMG7",4,1.275,1.076,1.51,0.00489,0.594,0.54,0.648
"TCGA",TRUE,"proliferation_matched","random",158,"TTI1|PPIL6|UBXN7|GTF2IRD2",4,1.023,0.858,1.219,0.803,0.531,0.476,0.586
"TCGA",TRUE,"proliferation_matched","random",159,"CBX1|CKAP2L|PTBP1|ART4",4,1.231,1.037,1.461,0.0172,0.58,0.521,0.638
"TCGA",TRUE,"proliferation_matched","random",160,"MELK|FIGNL1|RANGAP1|SNTN",4,1.179,0.996,1.396,0.0564,0.561,0.499,0.623
"TCGA",TRUE,"proliferation_matched","random",161,"FMO3|NPC2|ANKRA2|ELN",4,0.827,0.702,0.974,0.0232,0.592,0.539,0.645
"TCGA",TRUE,"proliferation_matched","random",162,"ABCA8|FOXK2|CENPA|ANKFN1",4,1.067,0.903,1.262,0.445,0.532,0.473,0.59
"TCGA",TRUE,"proliferation_matched","random",163,"MTFR2|RAN|ARL6IP6|CYBRD1",4,1.294,1.102,1.52,0.00167,0.58,0.526,0.635
"TCGA",TRUE,"proliferation_matched","random",164,"CSE1L|GTF2IRD2|KIF3C|USP32",4,1.113,0.94,1.318,0.214,0.545,0.492,0.599
"TCGA",TRUE,"proliferation_matched","random",165,"ENTPD3|BLM|SENP8|RUBCN",4,0.903,0.761,1.071,0.241,0.543,0.487,0.599
"TCGA",TRUE,"proliferation_matched","random",166,"BRI3BP|FAM83D|ALDH2|TYMS",4,1.301,1.096,1.544,0.00264,0.603,0.549,0.656
"TCGA",TRUE,"proliferation_matched","random",167,"PARG|GGTLC1|C5orf49|ZFP91",4,0.922,0.779,1.09,0.341,0.54,0.485,0.595
"TCGA",TRUE,"proliferation_matched","random",168,"NEIL3|CAT|SLC22A31|TTF2",4,0.923,0.78,1.091,0.345,0.533,0.473,0.593
"TCGA",TRUE,"proliferation_matched","random",169,"NAA15|SKA1|KIF4A|CDKN3",4,1.38,1.153,1.651,0.000445,0.595,0.537,0.653
"TCGA",TRUE,"proliferation_matched","random",170,"DROSHA|HNRNPD|C1QTNF7|TEAD4",4,1.13,0.952,1.341,0.162,0.538,0.48,0.595
"TCGA",TRUE,"proliferation_matched","random",171,"BORCS7|CENPM|SMG7|MGP",4,1.035,0.874,1.225,0.69,0.526,0.469,0.582
"TCGA",TRUE,"proliferation_matched","random",172,"PPAT|STING1|TMEM232|GATA1",4,0.893,0.752,1.06,0.197,0.539,0.48,0.598
"TCGA",TRUE,"proliferation_matched","random",173,"ZNF491|NR3C2|EFCAB6|PSRC1",4,0.829,0.69,0.996,0.045,0.537,0.475,0.599
"TCGA",TRUE,"proliferation_matched","random",174,"EIF4G1|SLC5A6|SART3|CKS1B",4,1.314,1.112,1.552,0.0013,0.611,0.559,0.662
"TCGA",TRUE,"proliferation_matched","random",175,"ATP1A2|TPM3|TYRP1|SHMT2",4,1.046,0.885,1.237,0.596,0.512,0.455,0.569
"TCGA",TRUE,"proliferation_matched","random",176,"SRGAP1|SRPK1|TBC1D31|CCDC150",4,1.275,1.079,1.508,0.00437,0.598,0.546,0.65
"TCGA",TRUE,"proliferation_matched","random",177,"XPO5|CHRDL1|CENPN|PRPF4",4,1.097,0.934,1.288,0.258,0.556,0.501,0.612
"TCGA",TRUE,"proliferation_matched","random",178,"DHRS12|TMEM243|FAAH|SYNJ2",4,0.74,0.616,0.89,0.00135,0.582,0.526,0.637
"TCGA",TRUE,"proliferation_matched","random",179,"SKA3|TOPBP1|CHADL|MSH6",4,1.145,0.969,1.351,0.111,0.551,0.496,0.606
"TCGA",TRUE,"proliferation_matched","random",180,"FEN1|DDX11|HSPB7|IPO9",4,1.231,1.032,1.468,0.0211,0.59,0.535,0.646
"TCGA",TRUE,"proliferation_matched","random",181,"ZNF697|DLGAP5|E2F7|QSER1",4,1.461,1.232,1.732,1.26e-05,0.634,0.58,0.689
"TCGA",TRUE,"proliferation_matched","random",182,"ECT2|SSB|CENPF|GSK3B",4,1.364,1.147,1.623,0.000443,0.613,0.562,0.664
"TCGA",TRUE,"proliferation_matched","random",183,"RRM1|UBE2S|AQP4|RNF34",4,1.164,0.979,1.384,0.0856,0.548,0.49,0.606
"TCGA",TRUE,"proliferation_matched","random",184,"FAM72C|ZNF367|TOMM40|ST3GAL5",4,1.186,1.001,1.405,0.0489,0.555,0.499,0.611
"TCGA",TRUE,"proliferation_matched","random",185,"PXMP4|LRRC36|ADHFE1|CCDC28A",4,0.665,0.558,0.792,4.58e-06,0.61,0.556,0.664
"TCGA",TRUE,"proliferation_matched","random",186,"MCM10|NAA50|SMARCD3|BRI3BP",4,1.201,1.021,1.413,0.027,0.583,0.532,0.635
"TCGA",TRUE,"proliferation_matched","random",187,"CEP128|TNPO3|CBX7|ARHGAP11A",4,1.18,0.995,1.398,0.0565,0.568,0.513,0.622
"TCGA",TRUE,"proliferation_matched","random",188,"PBK|TTI1|WASF1|MBIP",4,1.114,0.941,1.319,0.211,0.538,0.483,0.592
"TCGA",TRUE,"proliferation_matched","random",189,"CLUL1|IGF2BP3|CDC25C|CDCA3",4,1.252,1.056,1.485,0.00977,0.567,0.509,0.625
"TCGA",TRUE,"proliferation_matched","random",190,"CEP78|RRM1|PMM1|COLGALT1",4,1.25,1.062,1.472,0.00738,0.571,0.512,0.63
"TCGA",TRUE,"proliferation_matched","random",191,"SCLT1|ADAM12|UBTD1|TOP2A",4,1.293,1.082,1.546,0.00474,0.561,0.505,0.617
"TCGA",TRUE,"proliferation_matched","random",192,"BARD1|TMPRSS2|WNT11|GINS2",4,0.95,0.798,1.133,0.57,0.515,0.454,0.577
"TCGA",TRUE,"proliferation_matched","random",193,"CCNB2|ATR|CAPN8|CDK2",4,1.231,1.043,1.452,0.0139,0.575,0.524,0.627
"TCGA",TRUE,"proliferation_matched","random",194,"TMEM163|USP14|RECQL|CAT",4,0.927,0.783,1.097,0.378,0.537,0.479,0.594
"TCGA",TRUE,"proliferation_matched","random",195,"TMEM232|INCENP|PARP1|NCAPG",4,1.352,1.128,1.621,0.00113,0.592,0.536,0.648
"TCGA",TRUE,"proliferation_matched","random",196,"CDCA5|ORC6|LYRM9|FGGY",4,1.16,0.986,1.365,0.0743,0.55,0.495,0.604
"TCGA",TRUE,"proliferation_matched","random",197,"SLC15A2|ACBD4|FAM76A|CPAMD8",4,0.704,0.586,0.844,0.000157,0.602,0.543,0.66
"TCGA",TRUE,"proliferation_matched","random",198,"FAM162B|CDK5R1|DNM1L|STIL",4,1.249,1.044,1.494,0.0151,0.569,0.511,0.627
"TCGA",TRUE,"proliferation_matched","random",199,"PLA2G4F|MELK|FMO4|CABCOCO1",4,0.83,0.69,0.997,0.0466,0.564,0.503,0.625
"TCGA",TRUE,"proliferation_matched","random",200,"SET|PSMD1|PPP2R5A|XPO5",4,1.196,1.008,1.419,0.0399,0.563,0.508,0.619
"TCGA",TRUE,"proliferation_matched","random",201,"CENPN|SNRPD1|RAD23B|SSX2IP",4,1.295,1.091,1.537,0.0031,0.601,0.543,0.659
"TCGA",TRUE,"proliferation_matched","random",202,"MED11|OGN|CD164L2|VAMP2",4,0.795,0.673,0.939,0.00677,0.582,0.53,0.635
"TCGA",TRUE,"proliferation_matched","random",203,"TACC3|INHBE|CD1E|HSD17B6",4,0.876,0.741,1.036,0.122,0.575,0.52,0.63
"TCGA",TRUE,"proliferation_matched","random",204,"RAD23B|GAS2L3|NSD2|KIF23",4,1.383,1.162,1.647,0.000265,0.596,0.538,0.655
"TCGA",TRUE,"proliferation_matched","random",205,"GTPBP4|COX16|TNFSF12|KIF3C",4,1.038,0.874,1.234,0.669,0.518,0.462,0.574
"TCGA",TRUE,"proliferation_matched","random",206,"CENPI|NUP210|SMDT1|ESF1",4,1.103,0.941,1.293,0.227,0.556,0.504,0.609
"TCGA",TRUE,"proliferation_matched","random",207,"UBE2T|IRAK1|CKAP5|RECQL4",4,1.221,1.022,1.458,0.0278,0.578,0.52,0.636
"TCGA",TRUE,"proliferation_matched","random",208,"MOAP1|PARPBP|RC3H2|SMARCD1",4,1.035,0.872,1.229,0.695,0.544,0.491,0.597
"TCGA",TRUE,"proliferation_matched","random",209,"STC2|STRIP2|NSD2|HAGH",4,1.3,1.092,1.546,0.00315,0.598,0.538,0.658
"TCGA",TRUE,"proliferation_matched","random",210,"TTLL4|TRIP13|OGN|ZNF688",4,1.039,0.875,1.233,0.666,0.514,0.451,0.577
"TCGA",TRUE,"proliferation_matched","random",211,"POLE2|POLQ|CCNE2|SYNJ2",4,1.227,1.041,1.447,0.0146,0.57,0.517,0.623
"TCGA",TRUE,"proliferation_matched","random",212,"WAPL|GPR108|HSD17B6|B3GNT8",4,0.801,0.677,0.947,0.00934,0.59,0.53,0.65
"TCGA",TRUE,"proliferation_matched","random",213,"PSMD12|IPO8|MTIF2|UBL3",4,1.167,0.985,1.383,0.074,0.546,0.49,0.602
"TCGA",TRUE,"proliferation_matched","random",214,"ECRG4|ITIH3|PLCD1|UNG",4,0.951,0.805,1.122,0.549,0.53,0.471,0.59
"TCGA",TRUE,"proliferation_matched","random",215,"C4BPA|ATR|TEPP|C5orf38",4,0.718,0.602,0.857,0.000237,0.594,0.529,0.659
"TCGA",TRUE,"proliferation_matched","random",216,"BUB1B|MED1|BDH2|PTBP1",4,1.268,1.06,1.515,0.0092,0.611,0.556,0.666
"TCGA",TRUE,"proliferation_matched","random",217,"EIF4EBP1|PLK4|PRCD|SHH",4,1.047,0.878,1.249,0.609,0.523,0.464,0.582
"TCGA",TRUE,"proliferation_matched","random",218,"PLA2G10|EFCC1|LSM12|SFXN1",4,1.01,0.856,1.192,0.905,0.508,0.451,0.565
"TCGA",TRUE,"proliferation_matched","random",219,"CCNA2|NASP|VAMP2|LIG1",4,1.172,0.994,1.382,0.0587,0.582,0.525,0.639
"TCGA",TRUE,"proliferation_matched","random",220,"CDC25C|ELANE|KIF11|SELENOP",4,1.208,1.021,1.43,0.028,0.531,0.475,0.588
"TCGA",TRUE,"proliferation_matched","random",221,"ADH1A|ADIPOR2|STIL|GLOD5",4,1.27,1.06,1.521,0.00948,0.554,0.495,0.613
"TCGA",TRUE,"proliferation_matched","random",222,"CRYL1|DSCC1|SPATS2|TMEM125",4,0.957,0.803,1.142,0.628,0.509,0.451,0.568
"TCGA",TRUE,"proliferation_matched","random",223,"MAD2L1|SBNO1|HAUS6|EHBP1",4,1.289,1.091,1.523,0.00291,0.609,0.555,0.663
"TCGA",TRUE,"proliferation_matched","random",224,"NSD2|HPGDS|DNMT1|BMS1",4,1.061,0.889,1.266,0.51,0.52,0.463,0.577
"TCGA",TRUE,"proliferation_matched","random",225,"GINS1|IQGAP3|LZTFL1|BBS4",4,1.154,0.983,1.356,0.0809,0.552,0.496,0.608
"TCGA",TRUE,"proliferation_matched","random",226,"INPP5K|ECT2|FANCD2|FOLR1",4,1.103,0.925,1.315,0.277,0.533,0.472,0.595
"TCGA",TRUE,"proliferation_matched","random",227,"SGO1|DBF4|LYAR|SCNN1B",4,1.232,1.032,1.472,0.0209,0.564,0.507,0.622
"TCGA",TRUE,"proliferation_matched","random",228,"RGCC|OTC|MCMBP|REEP5",4,0.953,0.806,1.126,0.569,0.545,0.489,0.601
"TCGA",TRUE,"proliferation_matched","random",229,"DBF4|TNFSF13|MYOCD|CDCA8",4,1.152,0.967,1.371,0.113,0.524,0.463,0.585
"TCGA",TRUE,"proliferation_matched","random",230,"PRRC2A|METTL7A|TMEM50B|NUP37",4,0.894,0.756,1.057,0.191,0.542,0.484,0.599
"TCGA",TRUE,"proliferation_matched","random",231,"WBP11|B3GNT5|ARV1|RNF168",4,1.383,1.178,1.625,7.78e-05,0.612,0.555,0.669
"TCGA",TRUE,"proliferation_matched","random",232,"RACGAP1|RMI2|BMS1|TCEAL1",4,1.254,1.05,1.497,0.0123,0.562,0.504,0.621
"TCGA",TRUE,"proliferation_matched","random",233,"ANKIB1|TUBB|BMS1|E2F3",4,1.143,0.96,1.36,0.134,0.562,0.508,0.616
"TCGA",TRUE,"proliferation_matched","random",234,"TLR2|NDNF|SGPL1|ACRV1",4,0.874,0.732,1.043,0.135,0.545,0.487,0.602
"TCGA",TRUE,"proliferation_matched","random",235,"PCDH20|FKBP4|HEATR1|CD302",4,1.083,0.919,1.277,0.339,0.511,0.456,0.566
"TCGA",TRUE,"proliferation_matched","random",236,"CYB5R1|NCBP1|SPC25|DNAJB11",4,1.316,1.106,1.566,0.002,0.581,0.521,0.64
"TCGA",TRUE,"proliferation_matched","random",237,"SNRNP200|TOMM70|AGR3|TLK2",4,1.077,0.906,1.28,0.402,0.534,0.482,0.587
"TCGA",TRUE,"proliferation_matched","random",238,"CLSPN|RECQL|IPO8|MCM8",4,1.248,1.053,1.477,0.0104,0.586,0.532,0.641
"TCGA",TRUE,"proliferation_matched","random",239,"SPC25|CENPN|SGO1|MBIP",4,1.245,1.052,1.474,0.0108,0.572,0.517,0.627
"TCGA",TRUE,"proliferation_matched","random",240,"LMNB1|BIRC5|HNRNPR|BUB3",4,1.411,1.186,1.678,0.000101,0.607,0.549,0.665
"TCGA",TRUE,"proliferation_matched","random",241,"SUSD2|NASP|C1orf112|PRMT2",4,0.949,0.804,1.119,0.532,0.532,0.475,0.588
"TCGA",TRUE,"proliferation_matched","random",242,"ADGRF5|PNPT1|RERG|SCLT1",4,1.017,0.855,1.209,0.85,0.502,0.443,0.561
"TCGA",TRUE,"proliferation_matched","random",243,"RFWD3|SRSF1|SYNJ2|SKA2",4,1.223,1.032,1.451,0.0205,0.565,0.508,0.621
"TCGA",TRUE,"proliferation_matched","random",244,"ATP1A2|NEDD1|BORCS7|INCENP",4,1.173,0.985,1.396,0.073,0.561,0.501,0.621
"TCGA",TRUE,"proliferation_matched","random",245,"PBXIP1|ACBD4|UNG|ACLY",4,0.974,0.828,1.145,0.75,0.494,0.435,0.552
"TCGA",TRUE,"proliferation_matched","random",246,"HLF|TMPRSS2|MTOR|NCAPG",4,0.855,0.718,1.017,0.0774,0.53,0.464,0.597
"TCGA",TRUE,"proliferation_matched","random",247,"ISG20L2|FAM111B|AURKB|MICAL3",4,1.325,1.116,1.575,0.00136,0.616,0.56,0.672
"TCGA",TRUE,"proliferation_matched","random",248,"CCT6B|IL12RB2|ACOX2|MYOCD",4,0.828,0.711,0.964,0.0149,0.587,0.53,0.645
"TCGA",TRUE,"proliferation_matched","random",249,"PRKDC|MAMDC2|DLEC1|NDC80",4,1.092,0.924,1.292,0.302,0.54,0.482,0.597
"TCGA",TRUE,"proliferation_matched","random",250,"CX3CR1|NCAPD2|SMC6|RTN4RL1",4,0.953,0.805,1.128,0.573,0.511,0.453,0.569
"TCGA",TRUE,"proliferation_matched","random",251,"NEIL1|TMEM232|HASPIN|OTC",4,0.835,0.699,0.998,0.0476,0.536,0.478,0.594
"TCGA",TRUE,"proliferation_matched","random",252,"POFUT1|VCP|CEP55|HLTF",4,1.287,1.076,1.539,0.00575,0.58,0.526,0.635
"TCGA",TRUE,"proliferation_matched","random",253,"NUP205|PSMC3IP|KIF2C|GPRC5C",4,1.2,1.012,1.423,0.0365,0.576,0.52,0.632
"TCGA",TRUE,"proliferation_matched","random",254,"TLR5|QSOX2|ADH1B|RFC5",4,0.933,0.789,1.103,0.416,0.516,0.457,0.575
"TCGA",TRUE,"proliferation_matched","random",255,"EFTUD2|CRBN|EMC1|TRIM59",4,1.123,0.938,1.345,0.206,0.513,0.453,0.573
"TCGA",TRUE,"proliferation_matched","random",256,"MTA2|SPC24|SENP1|FPGT-TNNI3K",4,1.271,1.063,1.519,0.00857,0.573,0.516,0.63
"TCGA",TRUE,"proliferation_matched","random",257,"SLC35A1|CEP97|KLC4|E2F3",4,0.983,0.828,1.167,0.845,0.467,0.41,0.524
"TCGA",TRUE,"proliferation_matched","random",258,"RAD51|RAB3B|ASAP1|FGGY",4,1.403,1.17,1.684,0.000268,0.601,0.545,0.658
"TCGA",TRUE,"proliferation_matched","random",259,"CST5|MCM8|LIG1|DHX37",4,1.127,0.949,1.337,0.173,0.575,0.522,0.628
"TCGA",TRUE,"proliferation_matched","random",260,"ITIH5|C1orf116|EMCN|POLR1G",4,0.967,0.822,1.138,0.687,0.532,0.478,0.587
"TCGA",TRUE,"proliferation_matched","random",261,"CMAS|PIFO|ZNF697|DKC1",4,1.263,1.063,1.502,0.00802,0.613,0.557,0.67
"TCGA",TRUE,"proliferation_matched","random",262,"CKAP2L|BUB1|IPO8|HPGD",4,1.338,1.117,1.602,0.00154,0.598,0.542,0.653
"TCGA",TRUE,"proliferation_matched","random",263,"E2F3|SUV39H2|TPI1|TMEM132A",4,1.193,0.998,1.426,0.053,0.563,0.505,0.621
"TCGA",TRUE,"proliferation_matched","random",264,"CDK1|CATSPERE|AURKB|KIF22",4,1.135,0.962,1.339,0.134,0.554,0.499,0.609
"TCGA",TRUE,"proliferation_matched","random",265,"HMGB2|UGGT1|CAD|PPM1M",4,1.075,0.91,1.269,0.396,0.536,0.482,0.59
"TCGA",TRUE,"proliferation_matched","random",266,"HDAC2|SLC5A9|AGO2|ZNF367",4,1.124,0.946,1.335,0.183,0.555,0.5,0.609
"TCGA",TRUE,"proliferation_matched","random",267,"ADH1B|TCF19|TWNK|YKT6",4,1.176,0.993,1.393,0.061,0.578,0.518,0.637
"TCGA",TRUE,"proliferation_matched","random",268,"KBTBD3|CAPN8|SET|DARS2",4,1.108,0.932,1.317,0.244,0.544,0.489,0.6
"TCGA",TRUE,"proliferation_matched","random",269,"CDK12|LRRC59|NUP210|CCT6B",4,1.058,0.881,1.27,0.548,0.532,0.475,0.59
"TCGA",TRUE,"proliferation_matched","random",270,"ADAMTS4|UBR5|SARAF|EMCN",4,1.031,0.878,1.211,0.707,0.494,0.435,0.553
"TCGA",TRUE,"proliferation_matched","random",271,"SENP1|DEK|NAA50|C5orf34",4,1.196,1.011,1.416,0.0371,0.565,0.512,0.617
"TCGA",TRUE,"proliferation_matched","random",272,"SMIM7|SFTA2|SNRPD1|IGF2BP1",4,1.044,0.88,1.237,0.622,0.526,0.469,0.583
"TCGA",TRUE,"proliferation_matched","random",273,"STRIP2|TUBA1C|SLC5A6|PARPBP",4,1.342,1.131,1.594,0.00078,0.591,0.536,0.646
"TCGA",TRUE,"proliferation_matched","random",274,"SCNN1B|PLAC9|NEMP1|C4BPA",4,0.792,0.668,0.939,0.00711,0.576,0.515,0.637
"TCGA",TRUE,"proliferation_matched","random",275,"PTDSS1|TASOR2|PCLAF|CCNDBP1",4,1.202,1.019,1.418,0.0287,0.555,0.498,0.611
"TCGA",TRUE,"proliferation_matched","random",276,"INSYN1|ABHD14A|DSP|CENPU",4,1.005,0.859,1.176,0.947,0.503,0.443,0.563
"TCGA",TRUE,"proliferation_matched","random",277,"RC3H2|ZNF540|KIF18A|HIF1A",4,1.051,0.889,1.242,0.563,0.511,0.453,0.569
"TCGA",TRUE,"proliferation_matched","random",278,"AREL1|FHL1|CEP78|ZNF19",4,0.9,0.747,1.083,0.264,0.507,0.446,0.567
"TCGA",TRUE,"proliferation_matched","random",279,"GHRL|HUWE1|RNFT2|ACTR2",4,1.022,0.858,1.218,0.806,0.51,0.458,0.561
"TCGA",TRUE,"proliferation_matched","random",280,"NFIX|PLA2G4F|MCM4|C1QTNF7",4,0.838,0.697,1.006,0.0579,0.549,0.488,0.61
"TCGA",TRUE,"proliferation_matched","random",281,"CTSH|C17orf50|KIF4A|SMIM13",4,1.026,0.871,1.207,0.76,0.492,0.434,0.55
"TCGA",TRUE,"proliferation_matched","random",282,"SPC25|DTL|GINS3|SPDL1",4,1.378,1.158,1.64,0.000299,0.606,0.55,0.661
"TCGA",TRUE,"proliferation_matched","random",283,"EIF3A|ESF1|DLGAP5|SLC15A2",4,1.18,0.996,1.399,0.0559,0.58,0.524,0.636
"TCGA",TRUE,"proliferation_matched","random",284,"NUP210|SKA1|USP1|CCDC115",4,1.198,1.013,1.416,0.0343,0.568,0.513,0.623
"TCGA",TRUE,"proliferation_matched","random",285,"SLC22A3|ADAM12|HEMK1|CHCHD3",4,1.133,0.948,1.355,0.169,0.533,0.481,0.585
"TCGA",TRUE,"proliferation_matched","random",286,"PCLAF|PLCD1|BORA|LCOR",4,1.241,1.047,1.471,0.0128,0.573,0.513,0.632
"TCGA",TRUE,"proliferation_matched","random",287,"AGO2|ZNF846|PTBP1|HNRNPA2B1",4,1.23,1.028,1.47,0.0235,0.576,0.519,0.632
"TCGA",TRUE,"proliferation_matched","random",288,"CLUL1|RAB3B|UCK2|CCNA2",4,1.356,1.138,1.617,0.000664,0.616,0.564,0.668
"TCGA",TRUE,"proliferation_matched","random",289,"WDR43|CD300LG|SASS6|TCEA3",4,0.947,0.793,1.13,0.543,0.506,0.449,0.563
"TCGA",TRUE,"proliferation_matched","random",290,"PNPT1|SKP2|PARG|ABCE1",4,1.168,0.994,1.372,0.0592,0.567,0.513,0.621
"TCGA",TRUE,"proliferation_matched","random",291,"DNMT3B|CDC7|PSMD11|BORA",4,1.188,1.015,1.391,0.0319,0.582,0.528,0.637
"TCGA",TRUE,"proliferation_matched","random",292,"CCNE1|TESMIN|FCGRT|SCN4B",4,1.044,0.88,1.24,0.619,0.493,0.435,0.552
"TCGA",TRUE,"proliferation_matched","random",293,"NCL|UBTD1|CLSPN|CRIP1",4,1.144,0.946,1.384,0.165,0.535,0.476,0.593
"TCGA",TRUE,"proliferation_matched","random",294,"SACS|FAAH|CHADL|OPA1",4,0.876,0.722,1.063,0.179,0.521,0.459,0.582
"TCGA",TRUE,"proliferation_matched","random",295,"NDRG2|RBM28|TIPIN|CHRDL1",4,0.842,0.7,1.013,0.0676,0.531,0.473,0.588
"TCGA",TRUE,"proliferation_matched","random",296,"ZNF536|CYBRD1|TSC22D3|CHEK2",4,0.834,0.701,0.993,0.0419,0.565,0.506,0.623
"TCGA",TRUE,"proliferation_matched","random",297,"EIF4EBP1|MMS22L|FMO4|UBXN7",4,1.057,0.883,1.266,0.544,0.541,0.486,0.597
"TCGA",TRUE,"proliferation_matched","random",298,"SSB|GGH|DNAJC2|EHBP1",4,1.335,1.132,1.573,0.000585,0.618,0.563,0.674
"TCGA",TRUE,"proliferation_matched","random",299,"IPO8|URB2|HNRNPA3|ECT2",4,1.254,1.062,1.482,0.00775,0.596,0.543,0.649
"TCGA",TRUE,"proliferation_matched","random",300,"CGAS|MCM3|NOP58|SPC24",4,1.2,1.017,1.416,0.031,0.595,0.539,0.65
"TCGA",TRUE,"proliferation_matched","random",301,"ART4|PYROXD2|TNFSF12|CLEC3B",4,0.767,0.648,0.908,0.00205,0.597,0.544,0.651
"TCGA",TRUE,"proliferation_matched","random",302,"SMDT1|SKA3|CLUL1|PTTG1",4,1.081,0.909,1.284,0.378,0.531,0.471,0.591
"TCGA",TRUE,"proliferation_matched","random",303,"PSRC1|DELE1|P4HTM|E2F7",4,1.245,1.052,1.473,0.0107,0.589,0.531,0.646
"TCGA",TRUE,"proliferation_matched","random",304,"FANCI|ZBTB2|HSPB7|ZMAT1",4,0.934,0.786,1.111,0.441,0.502,0.439,0.564
"TCGA",TRUE,"proliferation_matched","random",305,"SUZ12|ESF1|FMO4|YKT6",4,1.167,0.976,1.395,0.0907,0.548,0.488,0.607
"TCGA",TRUE,"proliferation_matched","random",306,"SKA1|RBM28|KHSRP|GTF2IRD2B",4,1.145,0.966,1.356,0.118,0.585,0.53,0.641
"TCGA",TRUE,"proliferation_matched","random",307,"PPRC1|MTHFD1L|EXO1|ZNF846",4,1.2,1.022,1.41,0.0261,0.599,0.547,0.652
"TCGA",TRUE,"proliferation_matched","random",308,"ANKIB1|CHAF1A|SPTLC3|PGAM5",4,1.176,0.998,1.387,0.0535,0.576,0.522,0.629
"TCGA",TRUE,"proliferation_matched","random",309,"FAM72D|GTF2IRD2B|CAB39L|DDN",4,1.004,0.858,1.175,0.958,0.497,0.442,0.553
"TCGA",TRUE,"proliferation_matched","random",310,"CDK1|SPDL1|SLC16A1|FAM72A",4,1.438,1.202,1.72,7.12e-05,0.613,0.557,0.668
"TCGA",TRUE,"proliferation_matched","random",311,"ANKIB1|AREL1|TIMELESS|KLF15",4,1.114,0.942,1.316,0.207,0.555,0.505,0.606
"TCGA",TRUE,"proliferation_matched","random",312,"HNRNPA2B1|CS|RPTOR|NCAPD3",4,1.208,1.009,1.445,0.0392,0.584,0.529,0.639
"TCGA",TRUE,"proliferation_matched","random",313,"RAB10|NCBP1|HAGH|POP1",4,1.22,1.034,1.441,0.0185,0.552,0.493,0.612
"TCGA",TRUE,"proliferation_matched","random",314,"LMF1|ZMAT1|B9D2|TTF2",4,0.867,0.732,1.027,0.0977,0.555,0.5,0.609
"TCGA",TRUE,"proliferation_matched","random",315,"ATP2A2|NUP37|ADH1A|RPTOR",4,1.266,1.065,1.505,0.00746,0.614,0.56,0.669
"TCGA",TRUE,"proliferation_matched","random",316,"DLEC1|MCM3|CACNB1|GNG7",4,0.724,0.609,0.86,0.000246,0.581,0.524,0.638
"TCGA",TRUE,"proliferation_matched","random",317,"IL11RA|ZNF658|EME1|DNAJB11",4,0.96,0.803,1.148,0.655,0.517,0.457,0.577
"TCGA",TRUE,"proliferation_matched","random",318,"TIMM10B|FANCA|ERLIN1|TMEM9B",4,1.063,0.899,1.257,0.477,0.525,0.469,0.581
"TCGA",TRUE,"proliferation_matched","random",319,"FOLR1|MYBL1|FEN1|ZNF596",4,0.827,0.696,0.984,0.032,0.571,0.512,0.63
"TCGA",TRUE,"proliferation_matched","random",320,"CCNB1|RGCC|GABARAPL2|MICAL3",4,1.32,1.104,1.578,0.00237,0.579,0.52,0.638
"TCGA",TRUE,"proliferation_matched","random",321,"CLN5|KIF20B|LRPPRC|B3GNT5",4,1.213,1.032,1.426,0.0195,0.575,0.518,0.631
"TCGA",TRUE,"proliferation_matched","random",322,"IMMT|ZNF724|METTL7A|TUBA1C",4,1.071,0.905,1.267,0.423,0.512,0.455,0.57
"TCGA",TRUE,"proliferation_matched","random",323,"ELAVL1|ANKFN1|ECHDC2|KIF18A",4,1.057,0.887,1.261,0.535,0.541,0.484,0.598
"TCGA",TRUE,"proliferation_matched","random",324,"NKIRAS1|ACOX2|FAM111B|MED1",4,0.943,0.791,1.124,0.511,0.507,0.449,0.565
"TCGA",TRUE,"proliferation_matched","random",325,"N4BP2L1|ROBO2|SCTR|MYO19",4,0.907,0.767,1.073,0.256,0.553,0.493,0.613
"TCGA",TRUE,"proliferation_matched","random",326,"CENPL|CD59|HELQ|MTFR2",4,1.117,0.942,1.324,0.204,0.517,0.46,0.573
"TCGA",TRUE,"proliferation_matched","random",327,"TTF2|DENND1A|CEBPA|RNFT2",4,1.062,0.897,1.256,0.485,0.545,0.492,0.598
"TCGA",TRUE,"proliferation_matched","random",328,"GFY|PTTG1|NUP50|SLC15A2",4,1.119,0.948,1.321,0.182,0.565,0.509,0.622
"TCGA",TRUE,"proliferation_matched","random",329,"RECQL|CLUL1|CASP2|RAD54B",4,1.113,0.936,1.323,0.227,0.536,0.476,0.595
"TCGA",TRUE,"proliferation_matched","random",330,"C10orf143|CCDC150|IPPK|IPO8",4,1.041,0.881,1.231,0.635,0.517,0.461,0.574
"TCGA",TRUE,"proliferation_matched","random",331,"CBX5|PHKB|PEX11G|INPP5K",4,1.023,0.869,1.203,0.787,0.514,0.459,0.569
"TCGA",TRUE,"proliferation_matched","random",332,"UBTD1|RAB17|PPM1M|HIF1A",4,0.858,0.732,1.005,0.0572,0.599,0.547,0.651
"TCGA",TRUE,"proliferation_matched","random",333,"CST5|DHX37|ZNF441|BUB3",4,1.046,0.877,1.249,0.616,0.528,0.47,0.586
"TCGA",TRUE,"proliferation_matched","random",334,"OAS3|MSH6|ATP13A4|SNRPD1",4,1.146,0.966,1.36,0.117,0.551,0.493,0.609
"TCGA",TRUE,"proliferation_matched","random",335,"FAM72A|MTHFD1L|NAPSA|TESMIN",4,1.206,1.014,1.435,0.0345,0.571,0.515,0.628
"TCGA",TRUE,"proliferation_matched","random",336,"CENPN|LIG3|HELQ|PEX11G",4,1.129,0.957,1.333,0.15,0.554,0.496,0.612
"TCGA",TRUE,"proliferation_matched","random",337,"MGP|CLEC4F|BDH2|PSME4",4,0.815,0.689,0.963,0.0162,0.568,0.51,0.626
"TCGA",TRUE,"proliferation_matched","random",338,"HDAC2|FANCA|CCNB2|ANG",4,1.263,1.067,1.494,0.00658,0.592,0.534,0.65
"TCGA",TRUE,"proliferation_matched","random",339,"XPNPEP1|ECT2|LARP1|KPNA1",4,1.359,1.146,1.612,0.000413,0.603,0.55,0.656
"TCGA",TRUE,"proliferation_matched","random",340,"TWNK|DSN1|HNMT|CCDC86",4,1.078,0.91,1.278,0.384,0.556,0.495,0.617
"TCGA",TRUE,"proliferation_matched","random",341,"LYRM9|CLK4|CYBRD1|CKS1B",4,1.014,0.856,1.202,0.873,0.477,0.42,0.535
"TCGA",TRUE,"proliferation_matched","random",342,"CDK2|UCK2|WDR5|ANKRD18B",4,1.33,1.122,1.576,0.000997,0.628,0.573,0.682
"TCGA",TRUE,"proliferation_matched","random",343,"IQGAP3|ANAPC1|RAP1GAP|ADIPOR2",4,1.285,1.086,1.52,0.00341,0.6,0.549,0.651
"TCGA",TRUE,"proliferation_matched","random",344,"PUS1|OGN|HPGDS|GAL",4,0.936,0.791,1.107,0.438,0.506,0.449,0.563
"TCGA",TRUE,"proliferation_matched","random",345,"E2F3|SPATA5|IRAK1|MCM3",4,1.236,1.039,1.469,0.0168,0.596,0.542,0.651
"TCGA",TRUE,"proliferation_matched","random",346,"CCNDBP1|NCAPD3|SLC38A7|RAN",4,1.202,1.012,1.429,0.0363,0.577,0.521,0.632
"TCGA",TRUE,"proliferation_matched","random",347,"FANCM|TESMIN|DDN|WDR5",4,1.183,0.998,1.401,0.0524,0.584,0.532,0.636
"TCGA",TRUE,"proliferation_matched","random",348,"GPR108|GRAMD2A|NKIRAS2|AMY2B",4,0.855,0.722,1.013,0.0698,0.542,0.486,0.597
"TCGA",TRUE,"proliferation_matched","random",349,"H2AX|VSIG2|SCGB3A1|DHX9",4,0.924,0.781,1.093,0.358,0.528,0.47,0.586
"TCGA",TRUE,"proliferation_matched","random",350,"RTN4RL1|LARP1|TTK|CENPA",4,1.268,1.074,1.497,0.00507,0.594,0.539,0.649
"TCGA",TRUE,"proliferation_matched","random",351,"KHDRBS1|NAPSA|SSBP2|MIEF2",4,0.931,0.788,1.098,0.395,0.54,0.482,0.598
"TCGA",TRUE,"proliferation_matched","random",352,"RAD51|MDC1|BIRC5|MSH6",4,1.197,1.012,1.416,0.0353,0.566,0.51,0.622
"TCGA",TRUE,"proliferation_matched","random",353,"FCGRT|KLHDC1|SHMT2|SASS6",4,0.917,0.773,1.088,0.322,0.539,0.484,0.594
"TCGA",TRUE,"proliferation_matched","random",354,"CHAF1B|KNTC1|BRIP1|RECQL4",4,1.211,1.023,1.434,0.0264,0.572,0.518,0.625
"TCGA",TRUE,"proliferation_matched","random",355,"DLC1|YPEL3|TTI1|TICRR",4,1.037,0.884,1.217,0.655,0.517,0.464,0.569
"TCGA",TRUE,"proliferation_matched","random",356,"ALYREF|CDK2|TTI1|GPRC5C",4,1.204,1.011,1.433,0.0373,0.554,0.498,0.61
"TCGA",TRUE,"proliferation_matched","random",357,"PRR15L|RECQL4|DKC1|CDK1",4,1.148,0.97,1.358,0.11,0.565,0.508,0.621
"TCGA",TRUE,"proliferation_matched","random",358,"NUP107|MYBL1|MC5R|PIGR",4,0.837,0.706,0.992,0.0398,0.577,0.521,0.634
"TCGA",TRUE,"proliferation_matched","random",359,"WDR75|SUPT16H|RAB35|NDRG2",4,1.225,1.03,1.458,0.0222,0.593,0.537,0.65
"TCGA",TRUE,"proliferation_matched","random",360,"MED11|RECQL|ROBO2|SAP130",4,1.069,0.898,1.272,0.453,0.523,0.464,0.582
"TCGA",TRUE,"proliferation_matched","random",361,"PCDH20|PEBP4|CCAR1|CCNE2",4,0.913,0.764,1.092,0.319,0.518,0.455,0.582
"TCGA",TRUE,"proliferation_matched","random",362,"VIRMA|KIF20B|CEP55|ACOX2",4,1.192,1.009,1.407,0.0384,0.568,0.513,0.624
"TCGA",TRUE,"proliferation_matched","random",363,"FKBP4|TIMELESS|BDH2|C4orf46",4,1.299,1.098,1.537,0.00228,0.592,0.536,0.647
"TCGA",TRUE,"proliferation_matched","random",364,"VCP|MGP|UBE3C|PUS10",4,1.015,0.86,1.198,0.859,0.492,0.433,0.55
"TCGA",TRUE,"proliferation_matched","random",365,"PVR|DNMT3A|GSTM5|ACTN1",4,1.211,1.022,1.436,0.027,0.564,0.509,0.619
"TCGA",TRUE,"proliferation_matched","random",366,"POLE2|HAGH|SNTN|SMG7",4,0.977,0.815,1.17,0.796,0.497,0.437,0.557
"TCGA",TRUE,"proliferation_matched","random",367,"ENPP5|RAB17|DBF4|GAL",4,0.965,0.804,1.157,0.698,0.484,0.426,0.543
"TCGA",TRUE,"proliferation_matched","random",368,"CENPA|SRSF9|ANKDD1B|HPSE2",4,1.073,0.914,1.259,0.391,0.519,0.463,0.575
"TCGA",TRUE,"proliferation_matched","random",369,"MYBPHL|TUBG1|DVL3|AL365205.1",4,0.967,0.827,1.132,0.679,0.524,0.468,0.58
"TCGA",TRUE,"proliferation_matched","random",370,"WNT11|CCNJ|SRGAP1|GINS4",4,1.092,0.922,1.293,0.31,0.559,0.504,0.614
"TCGA",TRUE,"proliferation_matched","random",371,"C5orf38|RHEX|SUZ12|NAA25",4,0.883,0.741,1.053,0.168,0.543,0.482,0.605
"TCGA",TRUE,"proliferation_matched","random",372,"LEFTY2|POLR1A|GARS1|RNF34",4,1.09,0.919,1.293,0.324,0.564,0.51,0.618
"TCGA",TRUE,"proliferation_matched","random",373,"FANCA|XPO1|LRPPRC|CYB5A",4,1.107,0.935,1.311,0.236,0.541,0.482,0.599
"TCGA",TRUE,"proliferation_matched","random",374,"CKAP4|C5orf49|HNRNPM|ABCF1",4,1.237,1.016,1.506,0.0343,0.6,0.544,0.656
"TCGA",TRUE,"proliferation_matched","random",375,"POLA1|GGH|NEIL3|PLBD2",4,1.285,1.081,1.528,0.00444,0.58,0.522,0.638
"TCGA",TRUE,"proliferation_matched","random",376,"KIF3C|SART3|CIP2A|VRK2",4,1.248,1.053,1.478,0.0104,0.579,0.527,0.631
"TCGA",TRUE,"proliferation_matched","random",377,"GCN1|TBX4|TEDC2|MCM8",4,1.164,0.983,1.379,0.078,0.584,0.532,0.637
"TCGA",TRUE,"proliferation_matched","random",378,"FSBP|DROSHA|BAZ1B|CCNK",4,1.16,0.97,1.388,0.105,0.561,0.506,0.616
"TCGA",TRUE,"proliferation_matched","random",379,"PRRC2C|SRPK1|PCNX3|BOP1",4,1.252,1.043,1.501,0.0156,0.587,0.536,0.639
"TCGA",TRUE,"proliferation_matched","random",380,"CCNB2|IPO9|CHD7|PLOD2",4,1.266,1.069,1.499,0.00617,0.586,0.528,0.643
"TCGA",TRUE,"proliferation_matched","random",381,"SUV39H1|CENPW|RAD51AP1|F8",4,1.144,0.969,1.35,0.111,0.54,0.478,0.602
"TCGA",TRUE,"proliferation_matched","random",382,"ERCC6L|RAN|CD1C|ECHDC2",4,0.961,0.811,1.138,0.642,0.523,0.464,0.582
"TCGA",TRUE,"proliferation_matched","random",383,"MTHFD1|ITIH5|SLC52A1|ATP1A2",4,0.887,0.747,1.054,0.174,0.538,0.479,0.597
"TCGA",TRUE,"proliferation_matched","random",384,"TTPAL|C1orf116|FAM111B|NEMP1",4,1.228,1.031,1.462,0.0211,0.56,0.504,0.615
"TCGA",TRUE,"proliferation_matched","random",385,"FXR1|GATA1|PIFO|PSMC3IP",4,1.026,0.868,1.212,0.765,0.523,0.462,0.584
"TCGA",TRUE,"proliferation_matched","random",386,"PSMD2|DAPK2|HSPB7|DELE1",4,0.937,0.789,1.113,0.457,0.544,0.49,0.599
"TCGA",TRUE,"proliferation_matched","random",387,"CYP4X1|KNSTRN|BARD1|ESCO2",4,1.227,1.035,1.455,0.0187,0.575,0.521,0.629
"TCGA",TRUE,"proliferation_matched","random",388,"DEPDC1B|FAM189A2|C16orf89|FAM76A",4,0.774,0.651,0.919,0.00352,0.565,0.507,0.623
"TCGA",TRUE,"proliferation_matched","random",389,"PVR|RSPO2|QSOX2|AGR3",4,1.09,0.93,1.279,0.286,0.563,0.51,0.617
"TCGA",TRUE,"proliferation_matched","random",390,"ABCF1|ZFP2|CEP152|MCM2",4,1.151,0.97,1.366,0.108,0.579,0.527,0.631
"TCGA",TRUE,"proliferation_matched","random",391,"DDX54|ATP13A3|BORCS7|ADGRF5",4,0.956,0.811,1.126,0.59,0.503,0.442,0.564
"TCGA",TRUE,"proliferation_matched","random",392,"CDC7|EME1|NUBP1|FAM72B",4,1.233,1.039,1.464,0.0164,0.577,0.519,0.635
"TCGA",TRUE,"proliferation_matched","random",393,"GSTM5|ANGPTL5|LRR1|ACCS",4,0.759,0.635,0.906,0.00232,0.595,0.545,0.646
"TCGA",TRUE,"proliferation_matched","random",394,"N4BP2L2|DDN|TCF19|INPP5K",4,0.914,0.774,1.079,0.287,0.524,0.468,0.581
"TCGA",TRUE,"proliferation_matched","random",395,"KIF4A|GNG4|TOMM70|HNRNPA3",4,1.246,1.05,1.478,0.0119,0.584,0.53,0.639
"TCGA",TRUE,"proliferation_matched","random",396,"RAB10|SMC1A|ATP1A2|CRYZL1",4,1.021,0.852,1.222,0.823,0.49,0.428,0.552
"TCGA",TRUE,"proliferation_matched","random",397,"PRC1|FGD1|PPAT|CAMKK2",4,1.364,1.151,1.617,0.000349,0.621,0.568,0.675
"TCGA",TRUE,"proliferation_matched","random",398,"CHCHD3|GRIA1|CACNA2D2|SLC5A9",4,0.788,0.658,0.943,0.00926,0.58,0.524,0.637
"TCGA",TRUE,"proliferation_matched","random",399,"ZNF19|ADHFE1|SLC5A9|TTPAL",4,0.798,0.669,0.952,0.0122,0.553,0.495,0.61
"TCGA",TRUE,"proliferation_matched","random",400,"MTHFD1|HMGA1|PUS1|CHEK1",4,1.371,1.15,1.635,0.000442,0.619,0.563,0.676
"TCGA",TRUE,"proliferation_matched","random",401,"GNG4|FTSJ3|E2F8|HAGH",4,1.145,0.953,1.377,0.147,0.564,0.502,0.625
"TCGA",TRUE,"proliferation_matched","random",402,"HAUS6|DENND1A|CCAR1|QTRT2",4,1.105,0.929,1.313,0.26,0.564,0.514,0.614
"TCGA",TRUE,"proliferation_matched","random",403,"TICRR|KIF18B|SDR42E2|CARF",4,1.109,0.936,1.315,0.233,0.533,0.477,0.588
"TCGA",TRUE,"proliferation_matched","random",404,"NFXL1|DDX54|CIP2A|RBM28",4,1.241,1.05,1.466,0.0112,0.615,0.563,0.667
"TCGA",TRUE,"proliferation_matched","random",405,"TSPAN4|GNPNAT1|DDN|DSP",4,1.199,1.005,1.43,0.0438,0.561,0.503,0.619
"TCGA",TRUE,"proliferation_matched","random",406,"GFRA1|BRI3BP|HJURP|ELANE",4,1.192,1.014,1.401,0.0335,0.57,0.515,0.625
"TCGA",TRUE,"proliferation_matched","random",407,"SCGB3A2|CENPI|VANGL1|BUB1B",4,1.339,1.124,1.595,0.00105,0.598,0.542,0.653
"TCGA",TRUE,"proliferation_matched","random",408,"TTPAL|SMC1A|ACSM1|BRIP1",4,1.198,1.003,1.431,0.0464,0.556,0.499,0.613
"TCGA",TRUE,"proliferation_matched","random",409,"MPHOSPH9|CEBPA|CCNF|RIOK1",4,1.018,0.863,1.199,0.835,0.503,0.448,0.558
"TCGA",TRUE,"proliferation_matched","random",410,"TAF2|ECHDC2|CCNB2|CHEK2",4,1.075,0.916,1.26,0.377,0.554,0.499,0.609
"TCGA",TRUE,"proliferation_matched","random",411,"SPAG5|CITED2|ANAPC1|DLGAP5",4,1.304,1.103,1.541,0.00185,0.598,0.546,0.651
"TCGA",TRUE,"proliferation_matched","random",412,"SLC7A5|CLN5|PRMT2|SPTLC3",4,0.968,0.812,1.153,0.713,0.503,0.445,0.561
"TCGA",TRUE,"proliferation_matched","random",413,"CGAS|DHX33|AUNIP|TSC22D3",4,1.189,1.003,1.409,0.0457,0.576,0.518,0.634
"TCGA",TRUE,"proliferation_matched","random",414,"E2F1|FAM222A|LRPPRC|EVA1C",4,1.107,0.946,1.295,0.207,0.559,0.507,0.611
"TCGA",TRUE,"proliferation_matched","random",415,"BAZ2A|CHAF1B|DRP2|TACC3",4,1.384,1.156,1.656,0.000403,0.609,0.554,0.664
"TCGA",TRUE,"proliferation_matched","random",416,"UBA6|SKP2|TMEM132E|RAB17",4,1.13,0.949,1.344,0.17,0.561,0.501,0.621
"TCGA",TRUE,"proliferation_matched","random",417,"ENTPD3|IGF2BP2|RNASE1|SCNN1B",4,0.793,0.668,0.942,0.00823,0.569,0.511,0.627
"TCGA",TRUE,"proliferation_matched","random",418,"FBXL18|CCT6B|CLK4|GSTM5",4,0.846,0.708,1.009,0.0635,0.558,0.503,0.613
"TCGA",TRUE,"proliferation_matched","random",419,"FANCM|TCEAL1|CLEC9A|DNMT1",4,0.922,0.771,1.104,0.379,0.53,0.47,0.59
"TCGA",TRUE,"proliferation_matched","random",420,"C1QTNF7|VIPR1|NFXL1|ACSS1",4,0.702,0.582,0.846,0.000205,0.572,0.509,0.634
"TCGA",TRUE,"proliferation_matched","random",421,"POLR1A|SKA2|ABCC6|RMDN2",4,0.849,0.71,1.015,0.0729,0.559,0.496,0.623
"TCGA",TRUE,"proliferation_matched","random",422,"SH3PXD2B|CASQ2|ESCO2|ZBTB2",4,1.122,0.941,1.337,0.2,0.53,0.474,0.587
"TCGA",TRUE,"proliferation_matched","random",423,"LOXL2|NAA50|PLA2G10|BOP1",4,1.388,1.169,1.649,0.000183,0.617,0.56,0.674
"TCGA",TRUE,"proliferation_matched","random",424,"HSPD1|SAPCD2|TYMS|MC5R",4,1.426,1.193,1.704,9.44e-05,0.614,0.558,0.67
"TCGA",TRUE,"proliferation_matched","random",425,"SKA1|VMAC|TTK|CNOT9",4,1.191,1.008,1.407,0.0402,0.573,0.52,0.627
"TCGA",TRUE,"proliferation_matched","random",426,"CDC20|SASS6|BARD1|VRK2",4,1.264,1.067,1.499,0.00688,0.589,0.536,0.643
"TCGA",TRUE,"proliferation_matched","random",427,"CCDC159|NUF2|TMEM91|XPO5",4,0.991,0.846,1.16,0.906,0.49,0.432,0.548
"TCGA",TRUE,"proliferation_matched","random",428,"MYO19|TNFSF12|SRSF9|KBTBD3",4,1.078,0.908,1.28,0.389,0.536,0.478,0.594
"TCGA",TRUE,"proliferation_matched","random",429,"VCP|TMEM163|CENPP|RNFT2",4,0.961,0.808,1.144,0.656,0.491,0.432,0.551
"TCGA",TRUE,"proliferation_matched","random",430,"CCAR1|NUP188|RIOK1|EMC1",4,1.116,0.942,1.323,0.205,0.557,0.5,0.615
"TCGA",TRUE,"proliferation_matched","random",431,"TMEM9B|SENP1|BARD1|ZBTB2",4,1.066,0.894,1.269,0.477,0.519,0.46,0.577
"TCGA",TRUE,"proliferation_matched","random",432,"CENPL|PRR11|TASOR2|CAND1",4,1.226,1.037,1.448,0.0167,0.56,0.509,0.612
"TCGA",TRUE,"proliferation_matched","random",433,"CYBRD1|TMEM100|NOL11|WBP11",4,1.194,1.007,1.417,0.0417,0.534,0.476,0.592
"TCGA",TRUE,"proliferation_matched","random",434,"LEO1|SNTN|ADHFE1|CRYZL1",4,0.806,0.683,0.953,0.0114,0.572,0.516,0.628
"TCGA",TRUE,"proliferation_matched","random",435,"UBL3|ISG20L2|NUP37|CD59",4,1.138,0.96,1.351,0.137,0.528,0.469,0.587
"TCGA",TRUE,"proliferation_matched","random",436,"PLK1|PPRC1|CLEC3B|MGP",4,1.035,0.879,1.218,0.683,0.523,0.468,0.577
"TCGA",TRUE,"proliferation_matched","random",437,"EIF4EBP3|HNMT|ZNF491|POFUT1",4,0.906,0.762,1.078,0.265,0.527,0.471,0.584
"TCGA",TRUE,"proliferation_matched","random",438,"TMEM132C|ABCF1|CYBRD1|FAM83A",4,1.104,0.928,1.313,0.265,0.537,0.482,0.592
"TCGA",TRUE,"proliferation_matched","random",439,"ABCE1|DNMT3A|CAB39L|TMEM59",4,1.057,0.892,1.254,0.522,0.52,0.462,0.579
"TCGA",TRUE,"proliferation_matched","random",440,"HNRNPD|BORA|CKAP4|SPAG5",4,1.386,1.165,1.649,0.00023,0.608,0.551,0.665
"TCGA",TRUE,"proliferation_matched","random",441,"CREBRF|PRKDC|DHX8|KIF3C",4,1.104,0.935,1.302,0.243,0.535,0.478,0.591
"TCGA",TRUE,"proliferation_matched","random",442,"DHX33|FBXO5|POC1A|PPRC1",4,1.204,1.019,1.423,0.0294,0.587,0.529,0.646
"TCGA",TRUE,"proliferation_matched","random",443,"TCF3|EMC1|UBE2S|CAPN3",4,1.158,0.966,1.388,0.113,0.544,0.487,0.601
"TCGA",TRUE,"proliferation_matched","random",444,"CLEC9A|SCP2|DDX54|IGF2BP3",4,1.154,0.964,1.383,0.119,0.528,0.467,0.59
"TCGA",TRUE,"proliferation_matched","random",445,"DHX57|AGR3|CENPO|RUBCN",4,1.027,0.873,1.208,0.749,0.525,0.47,0.579
"TCGA",TRUE,"proliferation_matched","random",446,"DONSON|SMARCD1|ENTPD7|FANCB",4,1.15,0.977,1.352,0.0921,0.564,0.513,0.615
"TCGA",TRUE,"proliferation_matched","random",447,"ZNF146|BAZ1B|HROB|SLC15A2",4,1.112,0.933,1.326,0.237,0.546,0.489,0.604
"TCGA",TRUE,"proliferation_matched","random",448,"FSBP|BRD4|YPEL5|UBA6",4,1.225,1.038,1.445,0.0166,0.553,0.494,0.613
"TCGA",TRUE,"proliferation_matched","random",449,"SRSF9|RMDN2|TMEM50B|CAD",4,0.915,0.773,1.084,0.304,0.534,0.475,0.593
"TCGA",TRUE,"proliferation_matched","random",450,"ART4|FAM72B|SRSF1|RASSF7",4,1.201,1.023,1.411,0.0251,0.546,0.491,0.602
"TCGA",TRUE,"proliferation_matched","random",451,"HOPX|ARL6IP6|DBF4|RIF1",4,1.158,0.982,1.364,0.0808,0.539,0.483,0.595
"TCGA",TRUE,"proliferation_matched","random",452,"GATA1|FGGY|PCDH20|NASP",4,0.856,0.715,1.025,0.0906,0.55,0.492,0.608
"TCGA",TRUE,"proliferation_matched","random",453,"SLC15A2|PLLP|ADH1B|CD81",4,0.807,0.681,0.957,0.0139,0.581,0.523,0.64
"TCGA",TRUE,"proliferation_matched","random",454,"SPATA6|STIP1|TCF21|SUPT16H",4,0.934,0.785,1.111,0.441,0.489,0.429,0.549
"TCGA",TRUE,"proliferation_matched","random",455,"MYBPHL|GPR19|STMN1|OAS3",4,1.046,0.885,1.235,0.6,0.503,0.445,0.562
"TCGA",TRUE,"proliferation_matched","random",456,"ANP32E|SMDT1|TTI1|SULT1A1",4,0.966,0.819,1.14,0.686,0.499,0.442,0.555
"TCGA",TRUE,"proliferation_matched","random",457,"DHRS12|SYNCRIP|BRCA1|CTSH",4,0.853,0.709,1.026,0.0907,0.528,0.471,0.585
"TCGA",TRUE,"proliferation_matched","random",458,"IPPK|PXMP4|NEK2|CCNE2",4,1.162,0.99,1.363,0.0668,0.568,0.512,0.623
"TCGA",TRUE,"proliferation_matched","random",459,"LEFTY2|MTA2|ATR|CYB5A",4,0.919,0.766,1.103,0.365,0.539,0.477,0.601
"TCGA",TRUE,"proliferation_matched","random",460,"TESMIN|GMPS|SACS|NONO",4,1.375,1.156,1.635,0.000321,0.622,0.57,0.675
"TCGA",TRUE,"proliferation_matched","random",461,"UHRF1|TSC22D3|POP1|NPC2",4,1.108,0.935,1.314,0.234,0.515,0.459,0.572
"TCGA",TRUE,"proliferation_matched","random",462,"MCM3|CDCA5|CABCOCO1|SMC2",4,1.307,1.104,1.549,0.00192,0.603,0.547,0.659
"TCGA",TRUE,"proliferation_matched","random",463,"WNT11|XPO5|PPIL6|PLK1",4,1.122,0.953,1.32,0.166,0.575,0.521,0.63
"TCGA",TRUE,"proliferation_matched","random",464,"SLC7A1|AGPS|NUDT16L1|RAD21",4,1.275,1.076,1.511,0.00501,0.571,0.514,0.628
"TCGA",TRUE,"proliferation_matched","random",465,"NAA50|FCGRT|PYROXD2|RECQL4",4,0.962,0.815,1.135,0.646,0.512,0.455,0.569
"TCGA",TRUE,"proliferation_matched","random",466,"ECRG4|CTPS1|POLE|PKMYT1",4,1.224,1.034,1.449,0.0189,0.574,0.52,0.629
"TCGA",TRUE,"proliferation_matched","random",467,"DLEC1|NKIRAS2|CLUL1|ELN",4,0.803,0.677,0.953,0.0118,0.567,0.51,0.625
"TCGA",TRUE,"proliferation_matched","random",468,"HOPX|MCM4|MED11|CLEC9A",4,0.888,0.751,1.05,0.165,0.563,0.508,0.618
"TCGA",TRUE,"proliferation_matched","random",469,"ADAR|DSCC1|CDC7|SMC1A",4,1.24,1.048,1.467,0.0122,0.581,0.525,0.636
"TCGA",TRUE,"proliferation_matched","random",470,"TCOF1|CAPN8|SMPD4|POLA1",4,1.163,0.972,1.391,0.0991,0.565,0.511,0.619
"TCGA",TRUE,"proliferation_matched","random",471,"KIFC1|CCDC150|BMS1|TLR5",4,1.141,0.957,1.359,0.141,0.549,0.497,0.601
"TCGA",TRUE,"proliferation_matched","random",472,"BORCS7|C1orf116|CBX7|CHIA",4,0.748,0.627,0.892,0.00121,0.594,0.538,0.649
"TCGA",TRUE,"proliferation_matched","random",473,"SF3B3|SFTA3|UGGT1|ZNF367",4,0.994,0.836,1.182,0.945,0.486,0.43,0.541
"TCGA",TRUE,"proliferation_matched","random",474,"TOPBP1|MCM3|RAD51|CCNF",4,1.22,1.032,1.442,0.0198,0.58,0.526,0.633
"TCGA",TRUE,"proliferation_matched","random",475,"ZNF384|FMO5|HLA-DMA|CENPW",4,0.938,0.794,1.107,0.447,0.502,0.442,0.563
"TCGA",TRUE,"proliferation_matched","random",476,"ROBO2|PARP1|EHBP1|SCP2",4,1.28,1.074,1.526,0.00593,0.57,0.513,0.628
"TCGA",TRUE,"proliferation_matched","random",477,"PIFO|KIFC1|DLC1|FMO4",4,0.821,0.697,0.968,0.0192,0.573,0.514,0.632
"TCGA",TRUE,"proliferation_matched","random",478,"MDC1|ANG|CENPH|GPD1L",4,0.867,0.726,1.036,0.116,0.527,0.471,0.582
"TCGA",TRUE,"proliferation_matched","random",479,"XRCC2|BARD1|PSMD11|CENPK",4,1.315,1.108,1.561,0.00174,0.592,0.538,0.647
"TCGA",TRUE,"proliferation_matched","random",480,"CHRDL1|WASF1|ISG20L2|PCCA",4,0.971,0.816,1.156,0.74,0.507,0.449,0.565
"TCGA",TRUE,"proliferation_matched","random",481,"ZNF596|PLOD2|FKBP4|C5orf38",4,1.129,0.945,1.349,0.18,0.529,0.471,0.588
"TCGA",TRUE,"proliferation_matched","random",482,"SUV39H2|DSCC1|CLPB|CKS1B",4,1.173,0.995,1.382,0.0574,0.569,0.513,0.624
"TCGA",TRUE,"proliferation_matched","random",483,"CDC27|NUP205|TRIM13|ASF1B",4,1.192,1.003,1.418,0.0462,0.567,0.511,0.622
"TCGA",TRUE,"proliferation_matched","random",484,"FAM76A|SRSF1|DBF4|ZNF540",4,0.9,0.75,1.079,0.256,0.548,0.488,0.608
"TCGA",TRUE,"proliferation_matched","random",485,"PARP1|CENPP|TROAP|DDX54",4,1.321,1.108,1.575,0.00192,0.592,0.535,0.649
"TCGA",TRUE,"proliferation_matched","random",486,"RSPO2|TCOF1|CACNB1|SIRT3",4,0.858,0.726,1.015,0.0733,0.55,0.495,0.606
"TCGA",TRUE,"proliferation_matched","random",487,"RASSF7|MSH2|POLE|ACTN1",4,1.278,1.075,1.519,0.00555,0.594,0.54,0.649
"TCGA",TRUE,"proliferation_matched","random",488,"UBR5|CENPM|THOP1|CRYL1",4,1.144,0.97,1.348,0.11,0.552,0.495,0.609
"TCGA",TRUE,"proliferation_matched","random",489,"MYBL1|POLE|PEBP4|NCAPD3",4,0.953,0.804,1.13,0.579,0.506,0.45,0.561
"TCGA",TRUE,"proliferation_matched","random",490,"KIF22|PPIF|ZNF384|SCGB3A2",4,1.161,0.971,1.389,0.101,0.543,0.488,0.599
"TCGA",TRUE,"proliferation_matched","random",491,"BRI3BP|ZNF146|PENK|IL12RB2",4,1.126,0.955,1.328,0.159,0.548,0.494,0.603
"TCGA",TRUE,"proliferation_matched","random",492,"GINS1|NCOA6|LETM1|MCM3",4,1.255,1.053,1.496,0.011,0.594,0.542,0.646
"TCGA",TRUE,"proliferation_matched","random",493,"TTI1|ZNF429|EMCN|CD59",4,0.913,0.767,1.087,0.306,0.528,0.47,0.586
"TCGA",TRUE,"proliferation_matched","random",494,"TTK|NUBP1|BAZ2A|USP42",4,1.148,0.963,1.367,0.123,0.553,0.493,0.613
"TCGA",TRUE,"proliferation_matched","random",495,"MED1|ZNF658|CENPN|ELANE",4,1.077,0.909,1.277,0.392,0.535,0.476,0.595
"TCGA",TRUE,"proliferation_matched","random",496,"MED11|TCF19|TMEM243|CDC27",4,1.069,0.908,1.257,0.423,0.516,0.457,0.574
"TCGA",TRUE,"proliferation_matched","random",497,"GGTLC1|ACOX2|MAD2L1|MYOZ1",4,0.702,0.59,0.835,6.75e-05,0.594,0.538,0.651
"TCGA",TRUE,"proliferation_matched","random",498,"NUP50|MCM8|CDC7|CEP55",4,1.288,1.091,1.521,0.00278,0.603,0.55,0.657
"TCGA",TRUE,"proliferation_matched","random",499,"DAPK2|FUCA1|UBAP2|FAM162B",4,0.748,0.622,0.898,0.00189,0.594,0.538,0.651
"TCGA",TRUE,"proliferation_matched","random",500,"TUBG1|ZNF429|CKAP2|UTP20",4,1.045,0.877,1.245,0.622,0.531,0.473,0.588
"TCGA",TRUE,"proliferation_matched","random",501,"ANLN|NEIL3|PTBP1|RRP12",4,1.363,1.144,1.623,0.000514,0.612,0.552,0.671
"TCGA",TRUE,"proliferation_matched","random",502,"GPD1L|CDCA8|AGPS|PIGW",4,1.074,0.902,1.278,0.422,0.516,0.461,0.572
"TCGA",TRUE,"proliferation_matched","random",503,"RANGAP1|EXO1|TESMIN|CISH",4,1.327,1.114,1.581,0.00151,0.615,0.562,0.668
"TCGA",TRUE,"proliferation_matched","random",504,"CDC25C|YES1|IQGAP3|PARPBP",4,1.364,1.138,1.634,0.000759,0.593,0.538,0.648
"TCGA",TRUE,"proliferation_matched","random",505,"ADIPOR2|GCN1|HSPD1|EFCAB6",4,1.328,1.128,1.562,0.000651,0.624,0.572,0.675
"TCGA",TRUE,"proliferation_matched","random",506,"POLQ|FANCA|RDM1|CDV3",4,1.209,1.02,1.433,0.0289,0.567,0.514,0.62
"TCGA",TRUE,"proliferation_matched","random",507,"SELENOI|LIG1|OIP5|IL33",4,1.253,1.073,1.462,0.00428,0.604,0.552,0.656
"TCGA",TRUE,"proliferation_matched","random",508,"GANAB|SMIM13|MAPK10|CACNB1",4,1.01,0.85,1.201,0.908,0.525,0.466,0.584
"TCGA",TRUE,"proliferation_matched","random",509,"ATAD2|LMF1|UBTD1|PAICS",4,1.172,0.981,1.401,0.0804,0.539,0.481,0.597
"TCGA",TRUE,"proliferation_matched","random",510,"NAPSA|ZBTB2|DHFR|CD1E",4,0.773,0.65,0.92,0.00372,0.586,0.531,0.641
"TCGA",TRUE,"proliferation_matched","random",511,"TRAIP|POLR3A|EIF5B|FAAP24",4,1.128,0.951,1.338,0.167,0.569,0.513,0.624
"TCGA",TRUE,"proliferation_matched","random",512,"DHX36|HELLS|CYB5D2|PYROXD2",4,1.195,1.009,1.416,0.0391,0.563,0.503,0.623
"TCGA",TRUE,"proliferation_matched","random",513,"BMS1|HLF|BIRC5|SCTR",4,0.962,0.806,1.148,0.665,0.509,0.445,0.573
"TCGA",TRUE,"proliferation_matched","random",514,"SHCBP1|NOM1|EVA1C|METTL7A",4,1.044,0.881,1.237,0.62,0.507,0.45,0.564
"TCGA",TRUE,"proliferation_matched","random",515,"B3GNT5|MELK|SSBP2|TMEM132E",4,1.366,1.138,1.639,0.000809,0.581,0.525,0.637
"TCGA",TRUE,"proliferation_matched","random",516,"CNTFR|LMF1|PRIM2|MED11",4,0.928,0.784,1.098,0.382,0.533,0.48,0.586
"TCGA",TRUE,"proliferation_matched","random",517,"BMS1|ZNF146|DDX55|PKMYT1",4,1.246,1.052,1.477,0.0111,0.604,0.551,0.656
"TCGA",TRUE,"proliferation_matched","random",518,"NEIL3|ZNF688|PKMYT1|CCT6A",4,1.4,1.173,1.672,0.000197,0.607,0.548,0.667
"TCGA",TRUE,"proliferation_matched","random",519,"STING1|RIPK2|CHD7|KPNA2",4,1.177,0.987,1.404,0.0699,0.527,0.465,0.589
"TCGA",TRUE,"proliferation_matched","random",520,"LYRM1|C5orf38|VEGFD|EIF3B",4,0.828,0.701,0.979,0.0275,0.563,0.505,0.621
"TCGA",TRUE,"proliferation_matched","random",521,"IL11RA|PCDH20|TMEM42|CCT6B",4,0.827,0.697,0.981,0.029,0.585,0.53,0.64
"TCGA",TRUE,"proliferation_matched","random",522,"CDC20|PSME3|KIF20A|CBX5",4,1.464,1.219,1.758,4.54e-05,0.623,0.565,0.681
"TCGA",TRUE,"proliferation_matched","random",523,"PRPF19|PRMT2|IARS1|UBE2T",4,1.229,1.027,1.471,0.0241,0.588,0.531,0.646
"TCGA",TRUE,"proliferation_matched","random",524,"CEBPA|PSAT1|DBF4|TCF19",4,1.085,0.919,1.28,0.336,0.517,0.461,0.572
"TCGA",TRUE,"proliferation_matched","random",525,"TOP3A|TEPP|ALDH2|YPEL5",4,0.702,0.588,0.837,8.38e-05,0.613,0.558,0.667
"TCGA",TRUE,"proliferation_matched","random",526,"RAN|DDX11|PPIL6|GANAB",4,1.313,1.084,1.592,0.0054,0.599,0.541,0.656
"TCGA",TRUE,"proliferation_matched","random",527,"ASPM|NEDD1|BORCS7|GHRL",4,1.066,0.904,1.257,0.447,0.515,0.461,0.57
"TCGA",TRUE,"proliferation_matched","random",528,"SMIM1|NUP210|ZNF429|SMG7",4,0.845,0.704,1.014,0.0709,0.534,0.476,0.592
"TCGA",TRUE,"proliferation_matched","random",529,"PPIL6|SLC15A2|EHBP1|CDT1",4,1.204,1.019,1.423,0.0289,0.581,0.528,0.634
"TCGA",TRUE,"proliferation_matched","random",530,"KBTBD3|ENPP5|GINS1|SFTA3",4,0.682,0.567,0.819,4.16e-05,0.609,0.552,0.667
"TCGA",TRUE,"proliferation_matched","random",531,"KLF15|POFUT1|C4orf46|STIP1",4,1.141,0.956,1.362,0.144,0.536,0.479,0.593
"TCGA",TRUE,"proliferation_matched","random",532,"FPGT-TNNI3K|KNTC1|FIGNL1|HMGA1",4,1.262,1.064,1.498,0.00761,0.579,0.527,0.631
"TCGA",TRUE,"proliferation_matched","random",533,"NFXL1|MYBL2|PRPF19|LETM1",4,1.313,1.105,1.561,0.00202,0.62,0.566,0.674
"TCGA",TRUE,"proliferation_matched","random",534,"FAM189A2|SYNJ2|SLC7A5|C10orf143",4,0.843,0.712,0.998,0.0472,0.534,0.476,0.593
"TCGA",TRUE,"proliferation_matched","random",535,"EVA1C|C1orf112|CHCHD3|KPNA2",4,1.268,1.075,1.495,0.00476,0.577,0.521,0.632
"TCGA",TRUE,"proliferation_matched","random",536,"DROSHA|SNRPF|TSPAN4|CMA1",4,0.957,0.805,1.138,0.621,0.507,0.447,0.567
"TCGA",TRUE,"proliferation_matched","random",537,"ZWILCH|SART3|IARS1|CDC27",4,1.238,1.053,1.456,0.00983,0.601,0.546,0.656
"TCGA",TRUE,"proliferation_matched","random",538,"CHEK2|CNTFR|CYB5A|SRSF1",4,0.912,0.766,1.087,0.305,0.531,0.469,0.593
"TCGA",TRUE,"proliferation_matched","random",539,"DEK|SHCBP1|RPTOR|FKBP4",4,1.42,1.196,1.686,6.13e-05,0.61,0.556,0.664
"TCGA",TRUE,"proliferation_matched","random",540,"AREL1|FKBP4|DSN1|SMIM13",4,1.242,1.044,1.478,0.0146,0.575,0.522,0.628
"TCGA",TRUE,"proliferation_matched","random",541,"ZNF19|HCFC1|KHSRP|MTOR",4,1.003,0.846,1.188,0.975,0.546,0.489,0.603
"TCGA",TRUE,"proliferation_matched","random",542,"CCDC150|SUSD2|NUP50|CAMKK2",4,1.096,0.928,1.294,0.282,0.555,0.499,0.611
"TCGA",TRUE,"proliferation_matched","random",543,"RAP1GAP|GTSE1|HAUS6|CS",4,1.108,0.937,1.31,0.232,0.555,0.5,0.611
"TCGA",TRUE,"proliferation_matched","random",544,"PUS1|TAOK1|VEGFD|SNRPD1",4,1.018,0.862,1.204,0.83,0.544,0.488,0.599
"TCGA",TRUE,"proliferation_matched","random",545,"NEDD1|CDK1|RERG|PGAM1",4,1.471,1.224,1.768,3.76e-05,0.621,0.566,0.676
"TCGA",TRUE,"proliferation_matched","random",546,"SNRPA1|MAD2L1|SELENOW|HLA-DMA",4,1.015,0.857,1.202,0.862,0.487,0.431,0.544
"TCGA",TRUE,"proliferation_matched","random",547,"CDKN3|PRR15L|ADAMTS4|AC068831.6",4,1.337,1.127,1.586,0.000869,0.569,0.513,0.625
"TCGA",TRUE,"proliferation_matched","random",548,"RAD23B|PENK|UBE2C|MTBP",4,1.278,1.082,1.509,0.00389,0.583,0.525,0.642
"TCGA",TRUE,"proliferation_matched","random",549,"FANCI|CCNJ|TARS1|FIP1L1",4,1.179,1,1.389,0.0497,0.581,0.527,0.636
"TCGA",TRUE,"proliferation_matched","random",550,"HPGDS|EPOP|ERO1A|FAM72B",4,1.16,0.974,1.381,0.095,0.562,0.501,0.623
"TCGA",TRUE,"proliferation_matched","random",551,"HJURP|N4BP2L2|TESMIN|NASP",4,1.262,1.068,1.492,0.00625,0.6,0.547,0.652
"TCGA",TRUE,"proliferation_matched","random",552,"RAD21|CYP4A11|ZFP91|DNAJC9",4,1.262,1.073,1.483,0.00489,0.582,0.524,0.641
"TCGA",TRUE,"proliferation_matched","random",553,"PYROXD2|NASP|IGF2BP3|EFCC1",4,0.918,0.777,1.084,0.314,0.511,0.454,0.568
"TCGA",TRUE,"proliferation_matched","random",554,"NCOA6|VIRMA|SRSF1|TTI1",4,1.194,1.005,1.418,0.0433,0.566,0.511,0.621
"TCGA",TRUE,"proliferation_matched","random",555,"CTSV|DHFR|SLC5A9|CENPO",4,1.34,1.128,1.592,0.000862,0.599,0.545,0.654
"TCGA",TRUE,"proliferation_matched","random",556,"CENPO|PDCD11|SLC7A5|SPATA5",4,1.317,1.11,1.562,0.00157,0.618,0.565,0.672
"TCGA",TRUE,"proliferation_matched","random",557,"SLC38A1|SLC7A5|PCNA|DROSHA",4,1.168,0.987,1.382,0.0715,0.585,0.529,0.642
"TCGA",TRUE,"proliferation_matched","random",558,"CLEC4F|SRSF1|TNPO3|KLHDC1",4,0.947,0.798,1.123,0.529,0.531,0.475,0.586
"TCGA",TRUE,"proliferation_matched","random",559,"ZNF846|ADAM12|IQGAP3|TIMM10B",4,1.12,0.944,1.328,0.195,0.528,0.473,0.583
"TCGA",TRUE,"proliferation_matched","random",560,"PA2G4|VAMP2|ABHD14A|GNPNAT1",4,1.065,0.895,1.266,0.479,0.561,0.503,0.619
"TCGA",TRUE,"proliferation_matched","random",561,"FAAH|STC2|MYO19|MPHOSPH9",4,1.048,0.886,1.24,0.584,0.545,0.489,0.601
"TCGA",TRUE,"proliferation_matched","random",562,"CLPB|DBF4B|RBPMS|FUCA1",4,0.792,0.675,0.928,0.00402,0.575,0.518,0.633
"TCGA",TRUE,"proliferation_matched","random",563,"BUB3|C1QTNF7|RECQL4|TSPAN4",4,1.085,0.917,1.283,0.342,0.503,0.439,0.566
"TCGA",TRUE,"proliferation_matched","random",564,"PSME3|NFXL1|GARS1|ZNF429",4,1.123,0.952,1.324,0.169,0.572,0.513,0.631
"TCGA",TRUE,"proliferation_matched","random",565,"LARP1|TIPIN|PENK|MGP",4,1.04,0.872,1.24,0.663,0.516,0.458,0.575
"TCGA",TRUE,"proliferation_matched","random",566,"NAA50|CRIP1|CYBRD1|E2F1",4,1.181,0.994,1.404,0.0587,0.533,0.476,0.589
"TCGA",TRUE,"proliferation_matched","random",567,"TUBB|EP400|TCF21|EIF4EBP1",4,1.049,0.888,1.238,0.576,0.562,0.509,0.615
"TCGA",TRUE,"proliferation_matched","random",568,"EIF3B|RASSF7|TROAP|PEBP4",4,1.111,0.935,1.322,0.232,0.542,0.488,0.595
"TCGA",TRUE,"proliferation_matched","random",569,"TASOR2|PAXIP1|AL365205.1|CKAP2L",4,1.149,0.975,1.353,0.097,0.557,0.506,0.608
"TCGA",TRUE,"proliferation_matched","random",570,"PSME3|SAP130|ARHGEF39|GTF2IRD2",4,1.176,0.995,1.391,0.0575,0.592,0.54,0.645
"TCGA",TRUE,"proliferation_matched","random",571,"RERG|RAB3B|COLGALT1|BTNL9",4,1.171,0.989,1.387,0.0676,0.57,0.517,0.622
"TCGA",TRUE,"proliferation_matched","random",572,"CENPO|KIF23|ZCWPW2|DNAJC2",4,1.246,1.048,1.482,0.0126,0.581,0.528,0.634
"TCGA",TRUE,"proliferation_matched","random",573,"FBXO45|EIF4A3|DNMT1|MAP4K4",4,1.344,1.146,1.575,0.000274,0.6,0.542,0.658
"TCGA",TRUE,"proliferation_matched","random",574,"ENPP5|PRR15L|WASF1|ERLIN1",4,0.946,0.798,1.121,0.522,0.532,0.474,0.589
"TCGA",TRUE,"proliferation_matched","random",575,"MTHFD2|IGF2BP2|PTDSS1|SLC39A14",4,1.312,1.097,1.57,0.00298,0.578,0.52,0.636
"TCGA",TRUE,"proliferation_matched","random",576,"ABCA8|BOP1|POLR1A|UTP20",4,1.084,0.918,1.279,0.34,0.582,0.527,0.636
"TCGA",TRUE,"proliferation_matched","random",577,"VANGL1|C5orf49|BLM|DSP",4,1.245,1.042,1.487,0.0158,0.575,0.519,0.632
"TCGA",TRUE,"proliferation_matched","random",578,"E2F8|KBTBD3|SNTN|IL12RB2",4,0.875,0.735,1.042,0.134,0.536,0.474,0.598
"TCGA",TRUE,"proliferation_matched","random",579,"RRM1|CST5|HEATR1|PEX11A",4,1.176,0.989,1.398,0.0668,0.575,0.519,0.631
"TCGA",TRUE,"proliferation_matched","random",580,"PHF19|LIG3|CD59|VCP",4,1.279,1.066,1.534,0.00823,0.574,0.516,0.633
"TCGA",TRUE,"proliferation_matched","random",581,"GTPBP4|SPTLC3|CBX7|SAP130",4,1.025,0.868,1.21,0.772,0.53,0.472,0.587
"TCGA",TRUE,"proliferation_matched","random",582,"PGAM1|DENR|RANBP1|U2SURP",4,1.359,1.147,1.609,0.000383,0.607,0.552,0.663
"TCGA",TRUE,"proliferation_matched","random",583,"BTD|SYNJ2|ACSM1|GINS1",4,1.098,0.923,1.308,0.291,0.53,0.475,0.586
"TCGA",TRUE,"proliferation_matched","random",584,"PCNA|TMEM132A|ST3GAL5|DHX57",4,1.009,0.848,1.201,0.917,0.521,0.466,0.577
"TCGA",TRUE,"proliferation_matched","random",585,"RECQL4|PLK4|TCEA3|TEDC2",4,1.13,0.955,1.337,0.155,0.562,0.505,0.619
"TCGA",TRUE,"proliferation_matched","random",586,"SRSF1|HAGH|DSN1|RDM1",4,1.04,0.88,1.229,0.646,0.496,0.435,0.558
"TCGA",TRUE,"proliferation_matched","random",587,"PXMP4|CDKN3|TOP2A|DTL",4,1.213,1.023,1.437,0.0259,0.58,0.523,0.636
"TCGA",TRUE,"proliferation_matched","random",588,"ANKRD52|PSMD2|TTPAL|DDX55",4,1.23,1.044,1.449,0.0135,0.596,0.546,0.646
"TCGA",TRUE,"proliferation_matched","random",589,"SPAG5|CENPK|GFY|GINS3",4,1.255,1.063,1.482,0.00727,0.587,0.53,0.644
"TCGA",TRUE,"proliferation_matched","random",590,"GCN1|RMDN2|N4BP2L2|U2SURP",4,0.988,0.824,1.184,0.894,0.497,0.434,0.559
"TCGA",TRUE,"proliferation_matched","random",591,"DHX57|SFTA3|POLQ|CST5",4,0.76,0.633,0.913,0.00333,0.558,0.502,0.615
"TCGA",TRUE,"proliferation_matched","random",592,"PPIL6|ZNF384|CIP2A|ACCS",4,1.097,0.924,1.302,0.29,0.531,0.474,0.588
"TCGA",TRUE,"proliferation_matched","random",593,"RACGAP1|ORC6|ELANE|TMEM243",4,1.141,0.965,1.35,0.123,0.521,0.464,0.578
"TCGA",TRUE,"proliferation_matched","random",594,"CENPP|IPO9|MASTL|CCNB2",4,1.3,1.1,1.537,0.00208,0.588,0.533,0.644
"TCGA",TRUE,"proliferation_matched","random",595,"BRI3BP|ADH1B|DSCC1|R3HDM1",4,1.227,1.042,1.444,0.0141,0.602,0.551,0.653
"TCGA",TRUE,"proliferation_matched","random",596,"C5orf34|NAA50|ATAD5|GAL",4,1.24,1.047,1.469,0.0126,0.59,0.538,0.642
"TCGA",TRUE,"proliferation_matched","random",597,"MYBL1|CBX7|LSG1|GARS1",4,0.981,0.825,1.166,0.827,0.507,0.449,0.565
"TCGA",TRUE,"proliferation_matched","random",598,"TAF5|CD300LG|FAAH|ANGPTL5",4,0.724,0.6,0.874,0.000747,0.58,0.526,0.633
"TCGA",TRUE,"proliferation_matched","random",599,"MCM4|NEIL3|PLK1|H3C2",4,1.373,1.157,1.629,0.000275,0.61,0.552,0.667
"TCGA",TRUE,"proliferation_matched","random",600,"CDCA4|RC3H2|CTPS1|MTA2",4,1.286,1.082,1.529,0.00424,0.589,0.533,0.645
"TCGA",TRUE,"proliferation_matched","random",601,"GPRC5C|SCLT1|NUDT16L1|POFUT1",4,1.095,0.913,1.313,0.328,0.495,0.436,0.554
"TCGA",TRUE,"proliferation_matched","random",602,"GFRA1|TRAIP|HAGH|ISG20L2",4,0.911,0.77,1.077,0.274,0.528,0.466,0.589
"TCGA",TRUE,"proliferation_matched","random",603,"UCK2|CGAS|CCDC150|NAA25",4,1.176,1,1.383,0.0504,0.588,0.537,0.639
"TCGA",TRUE,"proliferation_matched","random",604,"TAF2|ANKFN1|EXO1|SMPD4",4,1.397,1.177,1.659,0.000133,0.621,0.569,0.673
"TCGA",TRUE,"proliferation_matched","random",605,"CIRBP|BAZ2A|ABCF1|TRAIP",4,0.999,0.846,1.179,0.987,0.489,0.435,0.543
"TCGA",TRUE,"proliferation_matched","random",606,"SLC22A31|RRM2|GGH|POLR1G",4,1.192,0.997,1.425,0.0538,0.56,0.503,0.618
"TCGA",TRUE,"proliferation_matched","random",607,"MELK|DNM1L|SGPL1|TPI1",4,1.318,1.107,1.57,0.00196,0.585,0.529,0.64
"TCGA",TRUE,"proliferation_matched","random",608,"FBXL18|HAUS6|DHX33|SH3PXD2B",4,1.183,0.996,1.406,0.056,0.592,0.54,0.645
"TCGA",TRUE,"proliferation_matched","random",609,"ACTN1|HELQ|DHX8|E2F2",4,1.191,0.999,1.421,0.0517,0.558,0.501,0.614
"TCGA",TRUE,"proliferation_matched","random",610,"ZNF146|SFTPD|HMMR|GGH",4,1.22,1.024,1.453,0.0261,0.56,0.504,0.616
"TCGA",TRUE,"proliferation_matched","random",611,"GDF10|TRIP13|ATXN7L3|HIGD1B",4,1.016,0.868,1.19,0.839,0.509,0.451,0.568
"TCGA",TRUE,"proliferation_matched","random",612,"GRAMD2A|TIPIN|CA3|NOCT",4,0.968,0.82,1.142,0.697,0.501,0.442,0.56
"TCGA",TRUE,"proliferation_matched","random",613,"CLEC9A|PCLAF|CD302|ADHFE1",4,0.788,0.668,0.931,0.00505,0.607,0.551,0.662
"TCGA",TRUE,"proliferation_matched","random",614,"ADIPOR2|NOCT|ACSS1|CDCA5",4,1.27,1.082,1.491,0.00351,0.579,0.523,0.635
"TCGA",TRUE,"proliferation_matched","random",615,"TWNK|GAS2L3|GBX2|SUV39H2",4,1.168,0.989,1.379,0.0673,0.553,0.495,0.612
"TCGA",TRUE,"proliferation_matched","random",616,"USP42|STMN1|PSMD2|TMEM59",4,1.237,1.032,1.483,0.0213,0.549,0.488,0.61
"TCGA",TRUE,"proliferation_matched","random",617,"AGR3|RASL11A|NUP155|GEN1",4,0.924,0.778,1.098,0.368,0.51,0.455,0.565
"TCGA",TRUE,"proliferation_matched","random",618,"TMEM243|PAXIP1|F8|CKS1B",4,1.075,0.904,1.28,0.414,0.519,0.464,0.575
"TCGA",TRUE,"proliferation_matched","random",619,"RDM1|PATL1|NAV1|SPATA5",4,1.239,1.037,1.479,0.0181,0.579,0.522,0.635
"TCGA",TRUE,"proliferation_matched","random",620,"UBXN7|CDC20|CRIP1|CYB5D2",4,1.21,1.021,1.435,0.0279,0.574,0.518,0.63
"TCGA",TRUE,"proliferation_matched","random",621,"MTHFD2|LOXL2|FBXO43|EFTUD2",4,1.303,1.09,1.557,0.00366,0.581,0.523,0.638
"TCGA",TRUE,"proliferation_matched","random",622,"NFXL1|CDK2|ZFP91|NOLC1",4,1.294,1.094,1.529,0.00255,0.618,0.564,0.672
"TCGA",TRUE,"proliferation_matched","random",623,"BARD1|CBX5|TTPAL|ATR",4,1.207,1.034,1.408,0.017,0.595,0.543,0.647
"TCGA",TRUE,"proliferation_matched","random",624,"FIGNL1|GRIA1|SPINDOC|RCC2",4,1.077,0.908,1.279,0.394,0.522,0.459,0.585
"TCGA",TRUE,"proliferation_matched","random",625,"STC2|SELENOI|LCOR|YPEL5",4,1.151,0.969,1.367,0.108,0.535,0.476,0.594
"TCGA",TRUE,"proliferation_matched","random",626,"DARS2|THOP1|PRKDC|N4BP2L2",4,1.217,1.031,1.435,0.0199,0.584,0.525,0.643
"TCGA",TRUE,"proliferation_matched","random",627,"CDT1|WFDC2|ERMAP|CDC20",4,1.082,0.903,1.296,0.393,0.508,0.448,0.568
"TCGA",TRUE,"proliferation_matched","random",628,"TNFSF13|SACS|MYOZ1|WAPL",4,0.903,0.766,1.064,0.222,0.537,0.477,0.597
"TCGA",TRUE,"proliferation_matched","random",629,"TNPO3|PLA2G10|TOMM40|IL12RB2",4,1.198,1.008,1.424,0.0403,0.565,0.509,0.621
"TCGA",TRUE,"proliferation_matched","random",630,"XPNPEP1|FANCD2|USP1|RSPO2",4,1.256,1.059,1.49,0.00898,0.582,0.524,0.641
"TCGA",TRUE,"proliferation_matched","random",631,"CST3|MARS1|HADH|VMAC",4,0.903,0.767,1.063,0.221,0.541,0.484,0.598
"TCGA",TRUE,"proliferation_matched","random",632,"EIF4EBP3|SCP2|QSOX2|SACS",4,1.155,0.972,1.373,0.101,0.544,0.485,0.604
"TCGA",TRUE,"proliferation_matched","random",633,"TMEM8B|EZH2|LMF1|CHFR",4,0.9,0.761,1.064,0.217,0.531,0.471,0.591
"TCGA",TRUE,"proliferation_matched","random",634,"MYBL1|ALDH2|OPA1|FCER1A",4,0.797,0.677,0.939,0.00653,0.593,0.537,0.649
"TCGA",TRUE,"proliferation_matched","random",635,"CASQ2|CCDC115|ITGA9|DDX11",4,0.894,0.751,1.064,0.208,0.554,0.499,0.609
"TCGA",TRUE,"proliferation_matched","random",636,"MED11|MTA2|KIF3C|RAB17",4,1.039,0.88,1.227,0.653,0.54,0.482,0.599
"TCGA",TRUE,"proliferation_matched","random",637,"KPNA2|BAZ2A|ZNF552|NCL",4,1.228,1.033,1.46,0.02,0.578,0.526,0.629
"TCGA",TRUE,"proliferation_matched","random",638,"ASPM|CREBRF|TNFSF13|MTHFD1",4,1.219,1.027,1.446,0.0238,0.541,0.484,0.598
"TCGA",TRUE,"proliferation_matched","random",639,"POP1|RFC3|SKA1|FAAH",4,1.127,0.956,1.327,0.154,0.557,0.501,0.613
"TCGA",TRUE,"proliferation_matched","random",640,"CBX5|ACTR2|C10orf143|PLK1",4,1.491,1.245,1.786,1.42e-05,0.59,0.531,0.65
"TCGA",TRUE,"proliferation_matched","random",641,"PATL1|MCM10|EZH2|ZNF658",4,1.145,0.967,1.357,0.116,0.552,0.497,0.607
"TCGA",TRUE,"proliferation_matched","random",642,"TMEM132E|SMIM13|DLGAP5|USP42",4,1.292,1.092,1.528,0.00282,0.574,0.519,0.628
"TCGA",TRUE,"proliferation_matched","random",643,"FGGY|MMS22L|DDN|EFCC1",4,0.849,0.714,1.009,0.0625,0.54,0.483,0.596
"TCGA",TRUE,"proliferation_matched","random",644,"NUP62|TCF3|YES1|LDLRAD2",4,1.149,0.963,1.371,0.123,0.549,0.49,0.608
"TCGA",TRUE,"proliferation_matched","random",645,"PLA2G1B|BIRC5|SKP2|PEBP4",4,0.903,0.762,1.07,0.239,0.526,0.467,0.586
"TCGA",TRUE,"proliferation_matched","random",646,"INTS13|STIL|SCGB3A1|DNM1L",4,1.186,1.004,1.399,0.0443,0.562,0.501,0.622
"TCGA",TRUE,"proliferation_matched","random",647,"CRBN|PIFO|KPNA4|ERLIN1",4,1.093,0.913,1.308,0.334,0.499,0.44,0.558
"TCGA",TRUE,"proliferation_matched","random",648,"MIS18BP1|CCNA2|GANAB|EIF3B",4,1.431,1.199,1.708,7.14e-05,0.62,0.564,0.676
"TCGA",TRUE,"proliferation_matched","random",649,"RSPO2|TIMELESS|ERO1A|PAXIP1",4,1.294,1.094,1.531,0.00268,0.611,0.559,0.664
"TCGA",TRUE,"proliferation_matched","random",650,"PUS1|MAPK10|RFC5|EFCAB6",4,1.001,0.846,1.185,0.987,0.518,0.46,0.575
"TCGA",TRUE,"proliferation_matched","random",651,"ISG20L2|CDK12|WNT11|MCEE",4,1.009,0.846,1.203,0.922,0.51,0.45,0.569
"TCGA",TRUE,"proliferation_matched","random",652,"KIF11|IGF2BP2|ZNF596|UBTD1",4,1.138,0.951,1.362,0.158,0.542,0.48,0.604
"TCGA",TRUE,"proliferation_matched","random",653,"ELANE|CRIP1|SGO1|CNTFR",4,1.035,0.874,1.227,0.689,0.475,0.417,0.533
"TCGA",TRUE,"proliferation_matched","random",654,"NEIL3|TMEM91|XPO1|FAM72D",4,1.221,1.043,1.43,0.0131,0.557,0.5,0.613
"TCGA",TRUE,"proliferation_matched","random",655,"RFWD3|PLLP|GSK3B|CDCA3",4,1.282,1.088,1.511,0.00305,0.585,0.533,0.637
"TCGA",TRUE,"proliferation_matched","random",656,"WNT11|SESN1|CBX5|TAF4",4,0.945,0.794,1.125,0.528,0.507,0.451,0.562
"TCGA",TRUE,"proliferation_matched","random",657,"ADIPOR2|MIEF2|SPDL1|NCAPG2",4,1.399,1.178,1.661,0.000133,0.611,0.552,0.671
"TCGA",TRUE,"proliferation_matched","random",658,"NUP37|N4BP2L1|TROAP|SUPT16H",4,1.192,1.008,1.409,0.0395,0.574,0.521,0.628
"TCGA",TRUE,"proliferation_matched","random",659,"TACC3|STRIP2|PRMT2|FANCD2",4,1.38,1.161,1.64,0.000258,0.603,0.547,0.659
"TCGA",TRUE,"proliferation_matched","random",660,"PSMC3IP|TRRAP|RANBP1|EHBP1",4,1.342,1.137,1.584,0.000512,0.626,0.573,0.68
"TCGA",TRUE,"proliferation_matched","random",661,"PHKB|TUBB|FMO3|FMO5",4,0.865,0.727,1.03,0.103,0.527,0.467,0.588
"TCGA",TRUE,"proliferation_matched","random",662,"ABCF1|STMN1|CCNJ|NFXL1",4,1.081,0.917,1.275,0.352,0.563,0.509,0.618
"TCGA",TRUE,"proliferation_matched","random",663,"MTHFD1L|SAP130|FUBP3|ERCC6L",4,1.281,1.082,1.517,0.004,0.607,0.549,0.665
"TCGA",TRUE,"proliferation_matched","random",664,"TAOK1|DDX21|FAM111B|TDG",4,1.284,1.086,1.517,0.00344,0.601,0.549,0.653
"TCGA",TRUE,"proliferation_matched","random",665,"ACSM1|CST5|CDK5R1|ZCWPW2",4,0.894,0.755,1.058,0.192,0.555,0.502,0.609
"TCGA",TRUE,"proliferation_matched","random",666,"HCFC1|CLIP1|REEP5|TMEM9B",4,0.98,0.833,1.154,0.811,0.498,0.441,0.554
"TCGA",TRUE,"proliferation_matched","random",667,"GINS2|TARS1|ANKFN1|PLBD2",4,1.188,0.998,1.414,0.0526,0.574,0.52,0.628
"TCGA",TRUE,"proliferation_matched","random",668,"IGF2BP1|C5orf49|SASS6|DNA2",4,1.206,1.03,1.414,0.0203,0.594,0.545,0.643
"TCGA",TRUE,"proliferation_matched","random",669,"OIP5|C7|ATAD5|VRK2",4,1.185,1.011,1.389,0.0364,0.565,0.51,0.62
"TCGA",TRUE,"proliferation_matched","random",670,"SFTA2|HASPIN|PATL1|GINS4",4,1.133,0.956,1.343,0.148,0.549,0.492,0.605
"TCGA",TRUE,"proliferation_matched","random",671,"NEIL1|CX3CR1|POLR3A|UNG",4,0.715,0.597,0.855,0.00025,0.57,0.507,0.632
"TCGA",TRUE,"proliferation_matched","random",672,"BBS4|GTSE1|SELENOI|SMC2",4,1.388,1.182,1.629,6.06e-05,0.623,0.568,0.677
"TCGA",TRUE,"proliferation_matched","random",673,"SFTPD|PYROXD2|NSD2|PA2G4",4,0.986,0.833,1.166,0.867,0.484,0.428,0.541
"TCGA",TRUE,"proliferation_matched","random",674,"POLR1A|IPO9|DSN1|TOP3A",4,1.097,0.93,1.293,0.272,0.558,0.505,0.612
"TCGA",TRUE,"proliferation_matched","random",675,"GEN1|SCP2|GPD1L|TMEM91",4,0.834,0.697,0.998,0.0479,0.566,0.511,0.62
"TCGA",TRUE,"proliferation_matched","random",676,"DIP2B|RGS13|MSH6|SPDL1",4,1.191,1.009,1.407,0.0394,0.561,0.505,0.618
"TCGA",TRUE,"proliferation_matched","random",677,"HMGB2|TMEM132C|ADAR|GAS2L3",4,1.185,1.002,1.401,0.0479,0.553,0.493,0.612
"TCGA",TRUE,"proliferation_matched","random",678,"IGIP|ZNF688|FAM222A|TMEM100",4,0.909,0.764,1.082,0.284,0.55,0.491,0.608
"TCGA",TRUE,"proliferation_matched","random",679,"GPD1L|ZMAT1|CDKL2|CASP2",4,0.712,0.601,0.845,9.88e-05,0.609,0.553,0.665
"TCGA",TRUE,"proliferation_matched","random",680,"FPGT-TNNI3K|BUB1|GGH|NDNF",4,1.05,0.883,1.248,0.584,0.509,0.454,0.564
"TCGA",TRUE,"proliferation_matched","random",681,"NEIL3|SGCA|TCF21|CD1E",4,0.888,0.754,1.047,0.157,0.561,0.503,0.619
"TCGA",TRUE,"proliferation_matched","random",682,"EIF4G1|WNT11|PRPF4|MCM4",4,1.292,1.098,1.52,0.00205,0.615,0.559,0.67
"TCGA",TRUE,"proliferation_matched","random",683,"ZNF697|FAM162B|ENTPD3|PIK3IP1",4,0.959,0.809,1.137,0.628,0.526,0.467,0.584
"TCGA",TRUE,"proliferation_matched","random",684,"MCM3|RAD54L|MCM10|ZNF596",4,1.181,0.996,1.401,0.0549,0.577,0.522,0.632
"TCGA",TRUE,"proliferation_matched","random",685,"FSBP|C10orf143|FMO3|DHFR",4,0.996,0.837,1.186,0.967,0.495,0.436,0.553
"TCGA",TRUE,"proliferation_matched","random",686,"ABHD14A|IGF2BP3|MCEE|HIGD1B",4,0.928,0.781,1.103,0.395,0.529,0.474,0.584
"TCGA",TRUE,"proliferation_matched","random",687,"SLC7A5|SMARCD3|MCM7|ZMYND12",4,0.926,0.78,1.099,0.377,0.512,0.454,0.569
"TCGA",TRUE,"proliferation_matched","random",688,"PIGW|PRPF40A|USP1|IPO9",4,1.239,1.04,1.476,0.0163,0.573,0.517,0.629
"TCGA",TRUE,"proliferation_matched","random",689,"CTPS1|HLF|MCEE|NR3C2",4,0.853,0.713,1.02,0.0813,0.552,0.491,0.613
"TCGA",TRUE,"proliferation_matched","random",690,"ATAD5|IL12RB2|EME1|SUV39H2",4,1.102,0.932,1.303,0.256,0.534,0.48,0.587
"TCGA",TRUE,"proliferation_matched","random",691,"SLC7A1|DNMT3B|RRM1|DDIAS",4,1.248,1.056,1.475,0.00943,0.605,0.551,0.658
"TCGA",TRUE,"proliferation_matched","random",692,"ACTN1|BRD4|DHX33|PCGF6",4,1.238,1.044,1.469,0.0141,0.602,0.547,0.656
"TCGA",TRUE,"proliferation_matched","random",693,"CD1C|EIF4A3|PUS10|ASPM",4,0.989,0.838,1.167,0.894,0.535,0.48,0.59
"TCGA",TRUE,"proliferation_matched","random",694,"NONO|SFTPB|AGO2|TRIM59",4,0.889,0.746,1.06,0.19,0.525,0.467,0.583
"TCGA",TRUE,"proliferation_matched","random",695,"GNPTG|PA2G4|FTSJ3|CD1E",4,1.026,0.862,1.22,0.776,0.499,0.442,0.555
"TCGA",TRUE,"proliferation_matched","random",696,"SF3B3|THOP1|NCL|TMEM232",4,1.149,0.968,1.363,0.112,0.593,0.538,0.647
"TCGA",TRUE,"proliferation_matched","random",697,"CATSPERE|HMMR|PSMC3IP|NUP205",4,1.139,0.962,1.349,0.132,0.559,0.505,0.614
"TCGA",TRUE,"proliferation_matched","random",698,"LRRC36|FANCA|AMY2B|TCEA3",4,0.802,0.67,0.958,0.0152,0.552,0.492,0.613
"TCGA",TRUE,"proliferation_matched","random",699,"NKIRAS2|GRIA1|PIK3IP1|CENPA",4,1.006,0.859,1.179,0.94,0.479,0.423,0.535
"TCGA",TRUE,"proliferation_matched","random",700,"HAGH|NME3|CNTFR|CEP78",4,0.939,0.79,1.116,0.475,0.529,0.472,0.587
"TCGA",TRUE,"proliferation_matched","random",701,"TUBA1B|ADGRF5|C8orf34|QTRT2",4,0.991,0.832,1.18,0.917,0.508,0.446,0.57
"TCGA",TRUE,"proliferation_matched","random",702,"BMS1|KNSTRN|LARP4|BUB1",4,1.261,1.068,1.488,0.0062,0.594,0.541,0.648
"TCGA",TRUE,"proliferation_matched","random",703,"STRIP2|PEX11G|MARS1|MYOZ1",4,0.994,0.838,1.178,0.941,0.516,0.458,0.575
"TCGA",TRUE,"proliferation_matched","random",704,"SACS|RUBCN|ANAPC1|UBTD1",4,1.054,0.885,1.254,0.558,0.508,0.45,0.566
"TCGA",TRUE,"proliferation_matched","random",705,"HASPIN|MYBL2|HIGD1B|HNRNPU",4,1.304,1.091,1.558,0.00358,0.582,0.527,0.636
"TCGA",TRUE,"proliferation_matched","random",706,"NR3C2|ADIPOR2|VSIG2|RAB35",4,1.101,0.924,1.311,0.282,0.513,0.456,0.57
"TCGA",TRUE,"proliferation_matched","random",707,"ZDHHC1|MFSD4A|POLA1|WDR75",4,0.918,0.769,1.095,0.34,0.519,0.458,0.579
"TCGA",TRUE,"proliferation_matched","random",708,"E2F8|CDCA4|POC1A|PENK",4,1.198,1.012,1.418,0.0356,0.568,0.507,0.628
"TCGA",TRUE,"proliferation_matched","random",709,"DDIAS|NAPSA|SPATA5|USP32",4,1.083,0.91,1.289,0.37,0.52,0.462,0.579
"TCGA",TRUE,"proliferation_matched","random",710,"MCF2L2|ZGRF1|MAPK10|CD59",4,1.04,0.877,1.234,0.653,0.511,0.456,0.565
"TCGA",TRUE,"proliferation_matched","random",711,"BTNL9|FOLR1|UBE2S|RILP",4,0.873,0.742,1.026,0.0992,0.568,0.511,0.624
"TCGA",TRUE,"proliferation_matched","random",712,"CARF|MTFR2|MOAP1|ZGRF1",4,0.939,0.789,1.118,0.481,0.521,0.462,0.581
"TCGA",TRUE,"proliferation_matched","random",713,"SACS|SMPD4|GNG7|ERCC6L",4,1.172,0.983,1.396,0.0764,0.564,0.506,0.621
"TCGA",TRUE,"proliferation_matched","random",714,"CENPM|CCNJ|NEIL3|CHD7",4,1.131,0.959,1.333,0.143,0.557,0.5,0.613
"TCGA",TRUE,"proliferation_matched","random",715,"CDCA8|TICRR|ZNF846|ART4",4,1.122,0.95,1.326,0.176,0.522,0.468,0.576
"TCGA",TRUE,"proliferation_matched","random",716,"SHH|ABCA8|GNMT|SMPD4",4,0.826,0.694,0.982,0.0308,0.574,0.518,0.63
"TCGA",TRUE,"proliferation_matched","random",717,"PSMD12|PDCD11|GTPBP4|ERO1A",4,1.329,1.117,1.582,0.00132,0.595,0.539,0.651
"TCGA",TRUE,"proliferation_matched","random",718,"RAD54L|C1QTNF7|ARL6IP6|AURKA",4,1.229,1.036,1.459,0.0181,0.551,0.496,0.607
"TCGA",TRUE,"proliferation_matched","random",719,"STMN1|PPM1G|C4BPA|PCNA",4,1.081,0.913,1.279,0.366,0.542,0.486,0.597
"TCGA",TRUE,"proliferation_matched","random",720,"KIF20A|TCOF1|CCNJ|SLC38A1",4,1.209,1.017,1.436,0.031,0.583,0.527,0.639
"TCGA",TRUE,"proliferation_matched","random",721,"WDR75|CCNJ|GPRC5C|FANCM",4,1.015,0.856,1.204,0.861,0.519,0.464,0.574
"TCGA",TRUE,"proliferation_matched","random",722,"MAD2L1|SLC16A1|POLD1|EME1",4,1.36,1.144,1.616,0.000483,0.607,0.55,0.664
"TCGA",TRUE,"proliferation_matched","random",723,"CAMKK2|CENPH|PIF1|TMEM132C",4,1.171,0.983,1.394,0.0767,0.559,0.502,0.617
"TCGA",TRUE,"proliferation_matched","random",724,"PEBP4|HNRNPU|SGO1|STC2",4,1.222,1.03,1.45,0.0216,0.582,0.53,0.635
"TCGA",TRUE,"proliferation_matched","random",725,"SPTLC3|LUZP2|CTPS1|CCDC150",4,1.043,0.884,1.231,0.617,0.534,0.478,0.591
"TCGA",TRUE,"proliferation_matched","random",726,"CDK2|RFC5|CCNE1|DNMT3B",4,1.181,1.005,1.388,0.0437,0.578,0.525,0.631
"TCGA",TRUE,"proliferation_matched","random",727,"TIPIN|PIGW|CENPL|FGD1",4,1.208,1.015,1.438,0.033,0.56,0.502,0.617
"TCGA",TRUE,"proliferation_matched","random",728,"KIF20B|TSC22D3|ZNF763|TOPBP1",4,1.09,0.912,1.302,0.345,0.521,0.471,0.572
"TCGA",TRUE,"proliferation_matched","random",729,"FOXM1|DTL|PIK3IP1|SGO1",4,1.387,1.156,1.664,0.000426,0.596,0.538,0.654
"TCGA",TRUE,"proliferation_matched","random",730,"MC5R|PPM1M|ZDHHC1|PRC1",4,0.877,0.736,1.045,0.142,0.555,0.5,0.609
"TCGA",TRUE,"proliferation_matched","random",731,"ERO1A|FKBP4|BLM|NOL10",4,1.378,1.161,1.635,0.00024,0.61,0.555,0.664
"TCGA",TRUE,"proliferation_matched","random",732,"C4orf46|HNRNPU|PPIF|LCOR",4,1.239,1.05,1.462,0.011,0.579,0.525,0.632
"TCGA",TRUE,"proliferation_matched","random",733,"SNRPA1|UBE2C|CENPF|FANCB",4,1.277,1.073,1.52,0.00585,0.575,0.519,0.631
"TCGA",TRUE,"proliferation_matched","random",734,"MTBP|SLC39A14|MCM6|TMEM9B",4,1.281,1.07,1.533,0.00698,0.569,0.513,0.626
"TCGA",TRUE,"proliferation_matched","random",735,"RMI2|SMIM1|BRIP1|GRAMD2A",4,1.008,0.856,1.186,0.928,0.503,0.443,0.562
"TCGA",TRUE,"proliferation_matched","random",736,"NASP|HSPD1|RFFL|RGS13",4,1.15,0.967,1.367,0.114,0.551,0.492,0.609
"TCGA",TRUE,"proliferation_matched","random",737,"LMBRD1|CHD7|DDIAS|DKC1",4,1.02,0.862,1.206,0.818,0.522,0.46,0.584
"TCGA",TRUE,"proliferation_matched","random",738,"C4orf46|CDCA5|SELENOP|DNMT1",4,1.096,0.933,1.288,0.263,0.527,0.469,0.585
"TCGA",TRUE,"proliferation_matched","random",739,"EXO1|NUP155|SLC5A9|STING1",4,1.057,0.889,1.257,0.528,0.532,0.474,0.589
"TCGA",TRUE,"proliferation_matched","random",740,"ELN|KLC4|CDC27|GGH",4,1.075,0.911,1.269,0.391,0.528,0.471,0.584
"TCGA",TRUE,"proliferation_matched","random",741,"ARHGAP11A|TMEM9B|DNAJC2|DHRS12",4,1.064,0.892,1.271,0.489,0.507,0.446,0.569
"TCGA",TRUE,"proliferation_matched","random",742,"EIF4EBP3|MDC1|RRP1B|ECRG4",4,0.97,0.815,1.153,0.728,0.496,0.438,0.554
"TCGA",TRUE,"proliferation_matched","random",743,"DIAPH3|CMA1|HSPB7|ELN",4,1.006,0.851,1.19,0.944,0.48,0.422,0.537
"TCGA",TRUE,"proliferation_matched","random",744,"CENPL|GFY|WDR62|QSOX2",4,1.134,0.964,1.334,0.13,0.568,0.513,0.623
"TCGA",TRUE,"proliferation_matched","random",745,"CCDC159|FHL1|POLR1G|HIGD1B",4,0.9,0.761,1.064,0.218,0.532,0.479,0.585
"TCGA",TRUE,"proliferation_matched","random",746,"FAM72B|NSUN2|ZNF441|GPRC5C",4,1.159,0.97,1.386,0.104,0.546,0.487,0.604
"TCGA",TRUE,"proliferation_matched","random",747,"GAL|GTSE1|RASL11A|SMIM1",4,1.125,0.954,1.327,0.16,0.563,0.505,0.622
"TCGA",TRUE,"proliferation_matched","random",748,"SF3B3|UBE2T|N4BP2L1|FANCI",4,1.179,0.996,1.397,0.0563,0.55,0.494,0.605
"TCGA",TRUE,"proliferation_matched","random",749,"BDH2|SRSF1|PSME4|CCDC77",4,1.087,0.917,1.287,0.336,0.553,0.498,0.608
"TCGA",TRUE,"proliferation_matched","random",750,"PGAM1|MTHFD1L|INSYN1|ADAMTS4",4,1.244,1.05,1.472,0.0114,0.559,0.5,0.617
"TCGA",TRUE,"proliferation_matched","random",751,"ACBD4|CENPH|CKAP5|SKA3",4,1.269,1.067,1.51,0.00698,0.597,0.539,0.654
"TCGA",TRUE,"proliferation_matched","random",752,"AL365205.1|NR3C2|CCT6B|PPIF",4,0.901,0.76,1.069,0.232,0.543,0.485,0.6
"TCGA",TRUE,"proliferation_matched","random",753,"PXMP4|LYRM1|ISG20L2|CST5",4,0.772,0.646,0.924,0.00465,0.563,0.507,0.62
"TCGA",TRUE,"proliferation_matched","random",754,"MCM6|U2SURP|UBAP2|SCTR",4,1.219,1.027,1.446,0.0235,0.577,0.524,0.63
"TCGA",TRUE,"proliferation_matched","random",755,"CKAP4|CKS1B|ELN|NFIX",4,1.215,1.016,1.452,0.0325,0.565,0.506,0.623
"TCGA",TRUE,"proliferation_matched","random",756,"PSMD11|SMIM13|CAMKK2|PTTG1",4,1.355,1.134,1.619,0.000825,0.607,0.549,0.665
"TCGA",TRUE,"proliferation_matched","random",757,"DENR|PEX11G|ADAR|CYB5A",4,1.163,0.977,1.385,0.0895,0.541,0.481,0.602
"TCGA",TRUE,"proliferation_matched","random",758,"DDN|AGR3|SLC15A2|TTK",4,0.878,0.742,1.04,0.132,0.529,0.472,0.585
"TCGA",TRUE,"proliferation_matched","random",759,"SCTR|ESYT3|CCDC159|SMARCD1",4,0.744,0.626,0.885,0.000834,0.586,0.524,0.648
"TCGA",TRUE,"proliferation_matched","random",760,"PPAT|FRZB|CEP78|DNMT3B",4,1.044,0.887,1.229,0.606,0.535,0.478,0.592
"TCGA",TRUE,"proliferation_matched","random",761,"GARS1|GINS1|OGN|UBE3C",4,1.213,1.023,1.438,0.0262,0.552,0.498,0.607
"TCGA",TRUE,"proliferation_matched","random",762,"ITIH5|NFIX|MTHFD2|DKC1",4,1.021,0.867,1.202,0.805,0.528,0.474,0.583
"TCGA",TRUE,"proliferation_matched","random",763,"CDCA4|LTC4S|KPNA4|CTSG",4,1.1,0.919,1.317,0.3,0.491,0.432,0.55
"TCGA",TRUE,"proliferation_matched","random",764,"FMO5|ZWILCH|TRAIP|NCAPH",4,1.172,0.992,1.385,0.0617,0.569,0.514,0.625
"TCGA",TRUE,"proliferation_matched","random",765,"ENTPD3|KHDRBS1|NEIL1|CENPW",4,0.967,0.815,1.148,0.7,0.49,0.436,0.544
"TCGA",TRUE,"proliferation_matched","random",766,"SELENBP1|SCGB3A2|SRPK1|PSME4",4,0.92,0.773,1.094,0.346,0.521,0.463,0.58
"TCGA",TRUE,"proliferation_matched","random",767,"MIS18BP1|PLK1|SMC2|CDCA2",4,1.393,1.177,1.649,0.000118,0.621,0.566,0.675
"TCGA",TRUE,"proliferation_matched","random",768,"PPIL6|KIF14|GPI|PRRC2C",4,1.363,1.132,1.641,0.00108,0.595,0.542,0.648
"TCGA",TRUE,"proliferation_matched","random",769,"POLA1|SFTA3|ATP2A2|CTSG",4,0.88,0.743,1.042,0.137,0.54,0.477,0.603
"TCGA",TRUE,"proliferation_matched","random",770,"DNA2|ACBD4|PAK2|GFY",4,1.101,0.936,1.294,0.247,0.559,0.505,0.613
"TCGA",TRUE,"proliferation_matched","random",771,"ZSCAN4|HSD17B6|RSRC1|BBS4",4,0.908,0.763,1.08,0.276,0.556,0.498,0.613
"TCGA",TRUE,"proliferation_matched","random",772,"CHEK2|RIF1|EIF3B|PHYKPL",4,1.069,0.905,1.264,0.432,0.564,0.511,0.618
"TCGA",TRUE,"proliferation_matched","random",773,"SIRT3|DNAJC9|STIP1|ZSCAN4",4,1.047,0.887,1.236,0.589,0.512,0.453,0.571
"TCGA",TRUE,"proliferation_matched","random",774,"KIF22|NKIRAS2|PHKB|ARHGAP11A",4,1.239,1.053,1.457,0.00994,0.586,0.526,0.646
"TCGA",TRUE,"proliferation_matched","random",775,"BAZ2A|GPRC5C|PUS1|GANAB",4,1.106,0.922,1.326,0.278,0.542,0.485,0.598
"TCGA",TRUE,"proliferation_matched","random",776,"NKIRAS2|IARS1|ECT2|VCP",4,1.332,1.121,1.583,0.00112,0.614,0.559,0.669
"TCGA",TRUE,"proliferation_matched","random",777,"PLA2G1B|RFC2|TPM3|CAPS",4,1.014,0.856,1.201,0.872,0.51,0.452,0.568
"TCGA",TRUE,"proliferation_matched","random",778,"RAD51AP1|PARP1|CS|HJURP",4,1.274,1.068,1.519,0.00708,0.583,0.527,0.639
"TCGA",TRUE,"proliferation_matched","random",779,"MAMDC2|RFWD3|UBTD1|VMAC",4,0.849,0.712,1.013,0.0699,0.54,0.481,0.6
"TCGA",TRUE,"proliferation_matched","random",780,"H2AZ1|NCAPD3|HELLS|MSH6",4,1.258,1.064,1.488,0.00727,0.578,0.523,0.634
"TCGA",TRUE,"proliferation_matched","random",781,"CARF|IL12RB2|ESF1|PLA2G1B",4,0.876,0.735,1.043,0.136,0.539,0.482,0.596
"TCGA",TRUE,"proliferation_matched","random",782,"ANGPTL5|B9D2|KPNB1|DBF4B",4,1.012,0.851,1.203,0.896,0.518,0.461,0.576
"TCGA",TRUE,"proliferation_matched","random",783,"NOLC1|CHFR|ZNF540|BRCA2",4,1.015,0.86,1.197,0.863,0.521,0.466,0.576
"TCGA",TRUE,"proliferation_matched","random",784,"CDCA3|AURKA|SUSD2|ELN",4,1.079,0.912,1.277,0.376,0.503,0.443,0.563
"TCGA",TRUE,"proliferation_matched","random",785,"CAPS|DEK|FSBP|ADH1B",4,0.98,0.82,1.17,0.819,0.49,0.428,0.552
"TCGA",TRUE,"proliferation_matched","random",786,"GBX2|GINS3|INHBE|TROAP",4,1.176,1.001,1.381,0.0484,0.574,0.518,0.629
"TCGA",TRUE,"proliferation_matched","random",787,"SCNN1B|LMNB1|CASP2|IARS1",4,1.13,0.949,1.346,0.171,0.545,0.484,0.605
"TCGA",TRUE,"proliferation_matched","random",788,"DEK|MCF2L2|WAPL|CCAR1",4,1.15,0.971,1.362,0.105,0.561,0.504,0.619
"TCGA",TRUE,"proliferation_matched","random",789,"NCAPH|PAK2|UBR5|AGR3",4,1.241,1.044,1.475,0.0144,0.573,0.521,0.624
"TCGA",TRUE,"proliferation_matched","random",790,"BMS1|SLC16A1|ATXN7L3|CNTFR",4,1.222,1.023,1.46,0.0268,0.571,0.517,0.625
"TCGA",TRUE,"proliferation_matched","random",791,"PLIN5|SFXN1|SLC52A1|TOMM40",4,0.945,0.791,1.129,0.537,0.501,0.441,0.561
"TCGA",TRUE,"proliferation_matched","random",792,"TTLL4|H3C2|KBTBD3|SCNN1B",4,0.816,0.679,0.98,0.0297,0.564,0.506,0.623
"TCGA",TRUE,"proliferation_matched","random",793,"DNAJC14|PGAM5|CKAP4|PCDH20",4,1.187,0.999,1.409,0.0511,0.577,0.524,0.629
"TCGA",TRUE,"proliferation_matched","random",794,"B3GNT5|LRR1|RASSF7|GANC",4,1.209,1.01,1.448,0.0385,0.547,0.487,0.607
"TCGA",TRUE,"proliferation_matched","random",795,"CDC27|KMT5A|QSER1|TTL",4,1.241,1.062,1.451,0.00672,0.605,0.553,0.658
"TCGA",TRUE,"proliferation_matched","random",796,"SSB|MAPRE1|CDK2|CENPP",4,1.236,1.042,1.465,0.0148,0.572,0.515,0.629
"TCGA",TRUE,"proliferation_matched","random",797,"GNPTG|CDC20|ZGRF1|CENPL",4,1.192,1.017,1.398,0.03,0.557,0.5,0.614
"TCGA",TRUE,"proliferation_matched","random",798,"KNSTRN|GGT6|TAF5|PSME3",4,1.087,0.929,1.272,0.298,0.57,0.516,0.623
"TCGA",TRUE,"proliferation_matched","random",799,"SPC24|ACSM1|DRP2|BIRC5",4,1.341,1.12,1.606,0.00143,0.581,0.524,0.638
"TCGA",TRUE,"proliferation_matched","random",800,"WDR76|RIOK1|LIN9|FBXL18",4,1.237,1.054,1.451,0.00909,0.602,0.55,0.654
"TCGA",TRUE,"proliferation_matched","random",801,"ADGRF5|LRRC36|CIP2A|DARS2",4,0.974,0.816,1.163,0.77,0.502,0.443,0.562
"TCGA",TRUE,"proliferation_matched","random",802,"IGF2BP1|MTBP|DDIAS|NEIL3",4,1.359,1.146,1.611,0.000415,0.611,0.558,0.664
"TCGA",TRUE,"proliferation_matched","random",803,"CDKN3|CAVIN2|ANAPC1|WBP11",4,1.268,1.077,1.494,0.00446,0.583,0.529,0.636
"TCGA",TRUE,"proliferation_matched","random",804,"GDF10|STIP1|CYB5D2|PATL1",4,1.146,0.959,1.37,0.133,0.565,0.509,0.621
"TCGA",TRUE,"proliferation_matched","random",805,"NAPSA|GPR108|ESYT3|CYB5R1",4,0.72,0.607,0.855,0.000173,0.614,0.557,0.671
"TCGA",TRUE,"proliferation_matched","random",806,"GLOD5|GINS1|DNMT3A|MTBP",4,1.157,0.973,1.376,0.0986,0.558,0.505,0.611
"TCGA",TRUE,"proliferation_matched","random",807,"DNAJC14|MCM2|SHCBP1|ALYREF",4,1.335,1.123,1.588,0.00109,0.59,0.533,0.646
"TCGA",TRUE,"proliferation_matched","random",808,"ADGRF5|SRPK1|PRCD|ENPP5",4,0.697,0.58,0.838,0.000119,0.608,0.548,0.669
"TCGA",TRUE,"proliferation_matched","random",809,"SKA2|H2AX|CS|BORA",4,1.258,1.054,1.502,0.0111,0.567,0.507,0.627
"TCGA",TRUE,"proliferation_matched","random",810,"KMT5A|UTP20|CENPP|CS",4,1.191,1.009,1.406,0.0388,0.598,0.543,0.653
"TCGA",TRUE,"proliferation_matched","random",811,"FANCD2|NDNF|PSME3|METTL7A",4,0.895,0.748,1.072,0.228,0.516,0.456,0.576
"TCGA",TRUE,"proliferation_matched","random",812,"DHX9|MCM10|POP1|PPIF",4,1.244,1.054,1.467,0.00971,0.583,0.528,0.637
"TCGA",TRUE,"proliferation_matched","random",813,"PAK2|DBF4|DKC1|CDC25A",4,1.268,1.065,1.51,0.00764,0.582,0.527,0.637
"TCGA",TRUE,"proliferation_matched","random",814,"EMCN|NOM1|POLD1|RBL1",4,1.086,0.919,1.283,0.335,0.534,0.477,0.59
"TCGA",TRUE,"proliferation_matched","random",815,"ABCA8|CPQ|FGGY|SBNO1",4,0.913,0.772,1.078,0.283,0.541,0.482,0.6
"TCGA",TRUE,"proliferation_matched","random",816,"CEP97|RHEX|MCF2L2|CENPE",4,1.082,0.917,1.276,0.351,0.521,0.471,0.572
"TCGA",TRUE,"proliferation_matched","random",817,"PCNA|AGMAT|SLC15A2|RAD54B",4,1.064,0.901,1.256,0.465,0.532,0.475,0.589
"TCGA",TRUE,"proliferation_matched","random",818,"PHF19|GNPTG|ATAD2|DNAJC13",4,1.331,1.135,1.562,0.00045,0.592,0.536,0.647
"TCGA",TRUE,"proliferation_matched","random",819,"PXMP4|PENK|MTOR|IL11RA",4,0.728,0.612,0.865,0.000306,0.595,0.54,0.649
"TCGA",TRUE,"proliferation_matched","random",820,"POLR1A|DYNLRB2|MR1|ABCF1",4,1.03,0.867,1.223,0.738,0.533,0.478,0.589
"TCGA",TRUE,"proliferation_matched","random",821,"CKAP5|PDSS1|STRAP|WASF1",4,1.271,1.071,1.509,0.006,0.592,0.533,0.652
"TCGA",TRUE,"proliferation_matched","random",822,"FCGRT|PEX11G|CATSPERE|IGIP",4,0.769,0.649,0.911,0.00238,0.616,0.562,0.67
"TCGA",TRUE,"proliferation_matched","random",823,"GNG7|POLQ|TCF3|CMAS",4,1.112,0.94,1.315,0.216,0.542,0.489,0.595
"TCGA",TRUE,"proliferation_matched","random",824,"SCTR|LRRC59|CD207|MAMDC2",4,0.862,0.724,1.027,0.0973,0.553,0.493,0.613
"TCGA",TRUE,"proliferation_matched","random",825,"BMS1|SETD4|NASP|DNAJC14",4,1.083,0.916,1.279,0.35,0.572,0.52,0.624
"TCGA",TRUE,"proliferation_matched","random",826,"LMNB1|TCF19|DNMT3B|MICAL3",4,1.218,1.035,1.433,0.0174,0.588,0.535,0.641
"TCGA",TRUE,"proliferation_matched","random",827,"SEPTIN4|ADH1A|PLK1|PHKB",4,1.045,0.876,1.247,0.624,0.513,0.454,0.572
"TCGA",TRUE,"proliferation_matched","random",828,"ZDHHC1|CYB5D2|FGGY|PIMREG",4,1.043,0.884,1.23,0.618,0.526,0.473,0.58
"TCGA",TRUE,"proliferation_matched","random",829,"ANKRA2|DDX55|TROAP|RAB17",4,1.055,0.896,1.243,0.518,0.543,0.488,0.598
"TCGA",TRUE,"proliferation_matched","random",830,"VIRMA|BRIP1|ZNF695|HNRNPD",4,1.231,1.036,1.464,0.0182,0.56,0.504,0.616
"TCGA",TRUE,"proliferation_matched","random",831,"HNRNPR|WBP11|FIP1L1|PA2G4",4,1.412,1.189,1.678,8.47e-05,0.611,0.552,0.67
"TCGA",TRUE,"proliferation_matched","random",832,"AC068831.6|PCNA|PLOD2|TMEM42",4,1.279,1.078,1.517,0.00471,0.576,0.517,0.635
"TCGA",TRUE,"proliferation_matched","random",833,"RAP1GAP|SMIM13|DNAJB11|ZNF697",4,1.252,1.051,1.491,0.0117,0.594,0.539,0.649
"TCGA",TRUE,"proliferation_matched","random",834,"TMEM243|SELENBP1|HUWE1|CENPF",4,0.965,0.806,1.156,0.699,0.522,0.463,0.582
"TCGA",TRUE,"proliferation_matched","random",835,"PNPT1|CDC20|VEGFD|POLE2",4,1.138,0.972,1.332,0.109,0.568,0.516,0.619
"TCGA",TRUE,"proliferation_matched","random",836,"ANKRD18B|SYNCRIP|MCM4|VTI1A",4,1.236,1.037,1.473,0.0181,0.598,0.541,0.654
"TCGA",TRUE,"proliferation_matched","random",837,"C4orf46|SMC2|AATF|ZGRF1",4,1.27,1.071,1.505,0.00587,0.581,0.524,0.637
"TCGA",TRUE,"proliferation_matched","random",838,"DNM1L|LEO1|CCDC18|CEP78",4,1.179,1.001,1.388,0.0483,0.593,0.538,0.648
"TCGA",TRUE,"proliferation_matched","random",839,"SACS|KIF3C|SIRT3|VEGFD",4,0.954,0.803,1.133,0.589,0.501,0.445,0.556
"TCGA",TRUE,"proliferation_matched","random",840,"WDR75|GANC|TAF5|ADH1B",4,0.951,0.799,1.131,0.567,0.534,0.474,0.595
"TCGA",TRUE,"proliferation_matched","random",841,"TPI1|AATF|CCDC34|TIMELESS",4,1.299,1.079,1.565,0.00584,0.588,0.528,0.648
"TCGA",TRUE,"proliferation_matched","random",842,"PTGDS|HDAC2|AREL1|TPM3",4,1.076,0.894,1.295,0.44,0.504,0.444,0.565
"TCGA",TRUE,"proliferation_matched","random",843,"MYBPHL|TOMM70|PIGR|CLEC3B",4,0.698,0.583,0.835,8.53e-05,0.592,0.534,0.65
"TCGA",TRUE,"proliferation_matched","random",844,"XPOT|ZNF697|DNMT3B|GAS2L3",4,1.221,1.034,1.442,0.0185,0.592,0.535,0.648
"TCGA",TRUE,"proliferation_matched","random",845,"DSN1|GNMT|NKIRAS1|POLR1A",4,0.839,0.708,0.994,0.0425,0.546,0.485,0.607
"TCGA",TRUE,"proliferation_matched","random",846,"PPRC1|MCF2L2|TET3|GGT6",4,0.948,0.806,1.114,0.516,0.503,0.447,0.56
"TCGA",TRUE,"proliferation_matched","random",847,"PSMD12|CAVIN2|CLPB|CIRBP",4,0.842,0.711,0.996,0.0445,0.534,0.477,0.591
"TCGA",TRUE,"proliferation_matched","random",848,"NASP|GBX2|TRIM59|MDC1",4,1.084,0.912,1.288,0.36,0.536,0.478,0.594
"TCGA",TRUE,"proliferation_matched","random",849,"ZWILCH|KIF18A|OGN|ARHGAP11A",4,1.314,1.107,1.561,0.00183,0.592,0.535,0.65
"TCGA",TRUE,"proliferation_matched","random",850,"HNMT|SCN7A|PBK|ZMYND12",4,0.818,0.68,0.984,0.0332,0.55,0.492,0.609
"TCGA",TRUE,"proliferation_matched","random",851,"PDCD11|ZBTB2|TLR2|MTHFD2",4,1.039,0.868,1.243,0.68,0.515,0.459,0.572
"TCGA",TRUE,"proliferation_matched","random",852,"EIF4EBP1|ASPM|SKA2|GSK3B",4,1.249,1.053,1.482,0.0107,0.57,0.514,0.627
"TCGA",TRUE,"proliferation_matched","random",853,"POFUT1|FAAH|C4orf46|NASP",4,1.028,0.865,1.223,0.752,0.506,0.449,0.562
"TCGA",TRUE,"proliferation_matched","random",854,"CDKL2|CLU|RAN|STIP1",4,1.006,0.848,1.193,0.947,0.512,0.453,0.572
"TCGA",TRUE,"proliferation_matched","random",855,"PRKDC|MYBL1|CATSPERE|NKIRAS1",4,0.872,0.733,1.037,0.121,0.558,0.498,0.618
"TCGA",TRUE,"proliferation_matched","random",856,"PVR|ADAR|POLE2|LRPPRC",4,1.321,1.115,1.566,0.00133,0.608,0.555,0.661
"TCGA",TRUE,"proliferation_matched","random",857,"RILP|MR1|PSRC1|OAS3",4,1.106,0.927,1.32,0.264,0.532,0.473,0.592
"TCGA",TRUE,"proliferation_matched","random",858,"PRPF4|EFCAB6|TPM3|PLA2G4F",4,1.017,0.853,1.211,0.853,0.505,0.445,0.565
"TCGA",TRUE,"proliferation_matched","random",859,"ESYT3|LCOR|ACTN1|NUP155",4,1.036,0.87,1.233,0.695,0.507,0.453,0.562
"TCGA",TRUE,"proliferation_matched","random",860,"PCLAF|EPOP|CEP78|TLR2",4,1.029,0.872,1.215,0.732,0.52,0.462,0.578
"TCGA",TRUE,"proliferation_matched","random",861,"USP1|MTBP|ZWINT|LRRC59",4,1.325,1.117,1.572,0.00126,0.6,0.544,0.656
"TCGA",TRUE,"proliferation_matched","random",862,"PPAT|SGO2|BRI3BP|DHFR",4,1.36,1.145,1.615,0.000457,0.617,0.563,0.671
"TCGA",TRUE,"proliferation_matched","random",863,"LSG1|MASTL|NME3|TK1",4,1.252,1.065,1.471,0.00642,0.591,0.535,0.647
"TCGA",TRUE,"proliferation_matched","random",864,"TAF5|ASAP1|ECT2|CYB5R1",4,1.271,1.079,1.497,0.00413,0.578,0.521,0.634
"TCGA",TRUE,"proliferation_matched","random",865,"NEK2|FAM189A2|RSRC1|TROAP",4,1.235,1.036,1.472,0.0186,0.55,0.494,0.605
"TCGA",TRUE,"proliferation_matched","random",866,"XPO6|NOLC1|NUDT7|SLC38A7",4,1.121,0.946,1.327,0.187,0.565,0.507,0.622
"TCGA",TRUE,"proliferation_matched","random",867,"VIPR1|SAP130|CLPB|H2AZ1",4,1.005,0.855,1.181,0.95,0.531,0.475,0.587
"TCGA",TRUE,"proliferation_matched","random",868,"EIF4EBP1|PEX11G|CENPP|GEN1",4,1.132,0.951,1.348,0.164,0.55,0.491,0.608
"TCGA",TRUE,"proliferation_matched","random",869,"HNRNPR|PSME3|GANAB|FAM189A2",4,1.203,1.005,1.44,0.0437,0.565,0.508,0.623
"TCGA",TRUE,"proliferation_matched","random",870,"MFAP4|RUBCN|PYROXD2|NCOA6",4,0.867,0.733,1.024,0.093,0.537,0.482,0.593
"TCGA",TRUE,"proliferation_matched","random",871,"TMEM125|NDC80|FANCB|MCM5",4,1.184,1.007,1.392,0.0412,0.561,0.505,0.617
"TCGA",TRUE,"proliferation_matched","random",872,"C10orf143|UNG|TUBA1B|SLC27A1",4,1.036,0.872,1.232,0.687,0.518,0.461,0.575
"TCGA",TRUE,"proliferation_matched","random",873,"CHCHD3|HMMR|TEPP|DSP",4,1.209,1.014,1.44,0.0342,0.565,0.51,0.619
"TCGA",TRUE,"proliferation_matched","random",874,"CENPK|PTPN11|CACNB1|RUBCN",4,1.098,0.921,1.308,0.298,0.548,0.493,0.602
"TCGA",TRUE,"proliferation_matched","random",875,"SNRNP200|LOXL2|AURKB|KIF22",4,1.352,1.127,1.622,0.00118,0.608,0.549,0.666
"TCGA",TRUE,"proliferation_matched","random",876,"GGH|CCDC115|ADAM12|SFTA2",4,1.051,0.887,1.246,0.564,0.504,0.445,0.562
"TCGA",TRUE,"proliferation_matched","random",877,"CENPW|SLC39A14|TICRR|AGR3",4,1.272,1.069,1.514,0.00662,0.592,0.536,0.648
"TCGA",TRUE,"proliferation_matched","random",878,"EIF4A3|SELENOI|C1QTNF7|PPP2R5A",4,1.008,0.852,1.193,0.922,0.483,0.423,0.543
"TCGA",TRUE,"proliferation_matched","random",879,"MCM6|ANKIB1|ITGA9|PSMD11",4,1.219,1.027,1.447,0.0239,0.552,0.494,0.609
"TCGA",TRUE,"proliferation_matched","random",880,"ZNF540|ACSS1|C1orf21|SMC4",4,0.768,0.646,0.913,0.0028,0.603,0.544,0.663
"TCGA",TRUE,"proliferation_matched","random",881,"LOXL2|E2F7|INCENP|SMC3",4,1.511,1.262,1.807,6.59e-06,0.625,0.568,0.682
"TCGA",TRUE,"proliferation_matched","random",882,"NEIL1|ZNF396|HAGH|MARS1",4,0.744,0.628,0.881,0.000626,0.584,0.529,0.639
"TCGA",TRUE,"proliferation_matched","random",883,"RAN|ZNF396|FBXL18|VIRMA",4,1.168,0.994,1.373,0.0594,0.591,0.536,0.646
"TCGA",TRUE,"proliferation_matched","random",884,"SART3|CD81|H2AX|SLC27A1",4,1.063,0.893,1.266,0.493,0.533,0.478,0.588
"TCGA",TRUE,"proliferation_matched","random",885,"ATAD2|SHCBP1|PCCA|TOMM40",4,1.363,1.154,1.61,0.000272,0.604,0.548,0.659
"TCGA",TRUE,"proliferation_matched","random",886,"RFC5|FKBP4|SFXN1|PSRC1",4,1.353,1.143,1.602,0.000435,0.607,0.552,0.661
"TCGA",TRUE,"proliferation_matched","random",887,"SKA1|ANLN|ZNF846|SKA2",4,1.305,1.097,1.553,0.00268,0.57,0.517,0.624
"TCGA",TRUE,"proliferation_matched","random",888,"SAP130|HJURP|RECQL|CHEK2",4,1.205,1.02,1.424,0.0285,0.585,0.528,0.642
"TCGA",TRUE,"proliferation_matched","random",889,"MTHFD2|CREBRF|N4BP2L1|MCM3",4,0.978,0.826,1.156,0.791,0.512,0.453,0.572
"TCGA",TRUE,"proliferation_matched","random",890,"SLC2A1|TMPRSS2|ASF1B|ANKIB1",4,1.172,0.98,1.401,0.0824,0.539,0.483,0.596
"TCGA",TRUE,"proliferation_matched","random",891,"SULT1A1|PIMREG|GBX2|CITED2",4,1.036,0.874,1.228,0.685,0.5,0.444,0.557
"TCGA",TRUE,"proliferation_matched","random",892,"TASOR2|DDN|ACSM1|CENPW",4,1.005,0.851,1.188,0.953,0.498,0.443,0.553
"TCGA",TRUE,"proliferation_matched","random",893,"NASP|CCNA2|GINS3|GTSE1",4,1.304,1.103,1.542,0.00185,0.6,0.543,0.657
"TCGA",TRUE,"proliferation_matched","random",894,"MCMBP|PLBD2|PCNX3|C5orf38",4,1.059,0.89,1.261,0.519,0.501,0.445,0.557
"TCGA",TRUE,"proliferation_matched","random",895,"SNRNP200|ZSWIM7|ADAMTS8|FANCI",4,1.014,0.858,1.197,0.873,0.513,0.454,0.572
"TCGA",TRUE,"proliferation_matched","random",896,"TOPBP1|FPGT-TNNI3K|PXMP4|MED11",4,0.808,0.683,0.955,0.0127,0.566,0.507,0.624
"TCGA",TRUE,"proliferation_matched","random",897,"FAM83A|CENPN|SLC15A2|NPC2",4,0.985,0.819,1.185,0.874,0.514,0.455,0.574
"TCGA",TRUE,"proliferation_matched","random",898,"ECRG4|GLOD5|GRAMD2A|PSMD1",4,0.904,0.758,1.079,0.264,0.524,0.468,0.579
"TCGA",TRUE,"proliferation_matched","random",899,"DBF4|FAM111B|PHF19|CDCA8",4,1.291,1.088,1.533,0.00341,0.584,0.525,0.642
"TCGA",TRUE,"proliferation_matched","random",900,"SKA1|UBTD1|TNFSF12|RBM28",4,0.983,0.834,1.159,0.841,0.504,0.443,0.566
"TCGA",TRUE,"proliferation_matched","random",901,"ART4|GPRC5C|PDLIM2|SUPT16H",4,0.867,0.736,1.02,0.0844,0.564,0.507,0.621
"TCGA",TRUE,"proliferation_matched","random",902,"ZNF396|ERCC6L|TUBA1B|ANKFN1",4,1.131,0.95,1.345,0.166,0.542,0.485,0.599
"TCGA",TRUE,"proliferation_matched","random",903,"PLA2G10|PPIF|GARS1|PRPF40A",4,1.225,1.037,1.446,0.0167,0.578,0.523,0.633
"TCGA",TRUE,"proliferation_matched","random",904,"SUV39H2|RANGAP1|NAA50|TMEM132C",4,1.17,1,1.369,0.0501,0.571,0.515,0.626
"TCGA",TRUE,"proliferation_matched","random",905,"SLC16A1|PPIF|LSM12|SLC15A2",4,1.162,0.98,1.377,0.0844,0.563,0.508,0.619
"TCGA",TRUE,"proliferation_matched","random",906,"NDC80|C10orf143|MTHFD2|ZNF596",4,1.035,0.872,1.228,0.692,0.521,0.463,0.579
"TCGA",TRUE,"proliferation_matched","random",907,"NEK2|RFC4|TMBIM4|XPO1",4,1.238,1.048,1.463,0.0118,0.55,0.494,0.606
"TCGA",TRUE,"proliferation_matched","random",908,"CHRDL1|PRRC2C|DAPK2|MYO19",4,0.909,0.774,1.067,0.242,0.558,0.504,0.611
"TCGA",TRUE,"proliferation_matched","random",909,"SNRPA1|CCNA2|WDR75|IPO8",4,1.306,1.106,1.543,0.00169,0.593,0.538,0.648
"TCGA",TRUE,"proliferation_matched","random",910,"SCGB3A2|PLA2G10|SFXN1|TTPAL",4,1.136,0.952,1.357,0.157,0.512,0.455,0.57
"TCGA",TRUE,"proliferation_matched","random",911,"PRR11|FAAH|SPTLC3|CBX5",4,1.205,1.001,1.45,0.0492,0.56,0.501,0.618
"TCGA",TRUE,"proliferation_matched","random",912,"DEK|ASF1B|ACRV1|LOXL2",4,1.38,1.151,1.654,0.000495,0.577,0.52,0.635
"TCGA",TRUE,"proliferation_matched","random",913,"MCM6|CHAF1B|SUSD2|ATP13A4",4,0.968,0.82,1.142,0.699,0.527,0.468,0.586
"TCGA",TRUE,"proliferation_matched","random",914,"BRIP1|CDC27|EPOP|TACC3",4,1.24,1.044,1.474,0.0145,0.579,0.522,0.636
"TCGA",TRUE,"proliferation_matched","random",915,"HELQ|CCDC18|TTPAL|RCC2",4,1.136,0.964,1.339,0.129,0.557,0.502,0.613
"TCGA",TRUE,"proliferation_matched","random",916,"FAM76A|RIOK1|MCEE|RNF34",4,0.909,0.759,1.088,0.297,0.508,0.454,0.563
"TCGA",TRUE,"proliferation_matched","random",917,"RBPMS|CARF|KNSTRN|TMEM163",4,0.78,0.646,0.941,0.00947,0.577,0.513,0.641
"TCGA",TRUE,"proliferation_matched","random",918,"ENTPD7|ADA|BRCA2|CLEC4F",4,1.142,0.97,1.344,0.112,0.542,0.488,0.597
"TCGA",TRUE,"proliferation_matched","random",919,"CDC45|RNF34|YWHAG|WDR76",4,1.302,1.093,1.552,0.00316,0.597,0.54,0.654
"TCGA",TRUE,"proliferation_matched","random",920,"CBX7|DKC1|CYP4Z1|B3GNT8",4,0.728,0.617,0.859,0.000172,0.603,0.546,0.66
"TCGA",TRUE,"proliferation_matched","random",921,"CD300LG|KIF24|MCM2|SELENOI",4,1.184,1.002,1.399,0.0469,0.583,0.529,0.638
"TCGA",TRUE,"proliferation_matched","random",922,"SULT1A1|ARHGEF39|RMDN2|WDR75",4,0.932,0.787,1.105,0.418,0.498,0.44,0.557
"TCGA",TRUE,"proliferation_matched","random",923,"MAMDC2|VANGL1|GPD1L|CMA1",4,0.884,0.748,1.045,0.148,0.552,0.491,0.612
"TCGA",TRUE,"proliferation_matched","random",924,"SMIM7|C5orf38|FANCB|INSYN1",4,0.767,0.635,0.926,0.00581,0.578,0.52,0.635
"TCGA",TRUE,"proliferation_matched","random",925,"FPGT-TNNI3K|ZSCAN4|FEN1|DHX37",4,1.1,0.923,1.311,0.286,0.545,0.492,0.598
"TCGA",TRUE,"proliferation_matched","random",926,"FAM72C|SLC15A2|ANKRA2|CYB5A",4,0.9,0.76,1.064,0.218,0.555,0.497,0.612
"TCGA",TRUE,"proliferation_matched","random",927,"PUS1|CCNB2|EFCC1|GPD1L",4,0.807,0.684,0.952,0.0111,0.563,0.506,0.62
"TCGA",TRUE,"proliferation_matched","random",928,"CLEC3B|NCL|PIGW|NSD2",4,1.12,0.946,1.327,0.187,0.556,0.5,0.612
"TCGA",TRUE,"proliferation_matched","random",929,"PSME4|ACTR2|MOAP1|EP400",4,1.072,0.905,1.271,0.421,0.523,0.468,0.578
"TCGA",TRUE,"proliferation_matched","random",930,"DLC1|YPEL5|ANAPC1|NSUN2",4,0.995,0.845,1.171,0.954,0.513,0.457,0.569
"TCGA",TRUE,"proliferation_matched","random",931,"TSC22D3|TAOK1|SLC35A1|PLCD1",4,1.043,0.871,1.249,0.646,0.498,0.437,0.559
"TCGA",TRUE,"proliferation_matched","random",932,"NDC80|ZDHHC1|WDR5|LIG3",4,1.159,0.976,1.376,0.0914,0.577,0.519,0.635
"TCGA",TRUE,"proliferation_matched","random",933,"PPIF|DNA2|KIF4A|RAD21",4,1.259,1.067,1.486,0.00626,0.581,0.526,0.637
"TCGA",TRUE,"proliferation_matched","random",934,"PMM1|HADH|ITIH3|CDCA5",4,1.021,0.862,1.209,0.813,0.484,0.426,0.541
"TCGA",TRUE,"proliferation_matched","random",935,"CKS1B|RAD23B|AATF|R3HDM1",4,1.424,1.19,1.704,0.000116,0.611,0.552,0.669
"TCGA",TRUE,"proliferation_matched","random",936,"GINS1|CCAR1|TLR2|MYBPHL",4,0.89,0.749,1.056,0.182,0.566,0.509,0.622
"TCGA",TRUE,"proliferation_matched","random",937,"NDRG2|HOPX|TPX2|FAM136A",4,0.985,0.825,1.176,0.867,0.519,0.46,0.579
"TCGA",TRUE,"proliferation_matched","random",938,"AATF|GTSE1|ACSS1|DHX8",4,1.117,0.937,1.331,0.216,0.537,0.482,0.592
"TCGA",TRUE,"proliferation_matched","random",939,"YEATS2|KNL1|TCF19|VIRMA",4,1.261,1.063,1.496,0.00774,0.581,0.526,0.635
"TCGA",TRUE,"proliferation_matched","random",940,"HNRNPR|VMAC|ALDH2|HROB",4,1.084,0.903,1.302,0.386,0.534,0.476,0.592
"TCGA",TRUE,"proliferation_matched","random",941,"CD164L2|POP1|SKA3|DEK",4,1.17,0.987,1.389,0.0709,0.56,0.501,0.62
"TCGA",TRUE,"proliferation_matched","random",942,"KIF20A|UBTD1|CASQ2|EMCN",4,1.002,0.854,1.175,0.983,0.458,0.4,0.516
"TCGA",TRUE,"proliferation_matched","random",943,"ZNF146|UBR5|TLR2|STC2",4,1.09,0.92,1.293,0.319,0.52,0.462,0.578
"TCGA",TRUE,"proliferation_matched","random",944,"CCT6B|PTTG1|CCDC34|SELENBP1",4,0.987,0.836,1.167,0.882,0.497,0.435,0.559
"TCGA",TRUE,"proliferation_matched","random",945,"LMNB1|ZNF146|PHKB|CST3",4,1.204,1.018,1.424,0.0303,0.553,0.499,0.608
"TCGA",TRUE,"proliferation_matched","random",946,"PDCD11|TMEM9B|ZNF384|NEIL1",4,0.938,0.796,1.105,0.443,0.523,0.467,0.58
"TCGA",TRUE,"proliferation_matched","random",947,"MTHFD1|PSMD2|CENPP|FAM76A",4,1.268,1.065,1.509,0.00749,0.549,0.485,0.612
"TCGA",TRUE,"proliferation_matched","random",948,"DONSON|QSOX2|NAV1|SGO2",4,1.202,1.012,1.427,0.0358,0.58,0.524,0.635
"TCGA",TRUE,"proliferation_matched","random",949,"RFC4|UBL3|H2AX|ZNF724",4,1.243,1.047,1.474,0.0127,0.563,0.505,0.621
"TCGA",TRUE,"proliferation_matched","random",950,"METTL7A|BOP1|ITIH3|RAD21",4,0.971,0.82,1.149,0.729,0.505,0.449,0.56
"TCGA",TRUE,"proliferation_matched","random",951,"ECT2|ACSS1|TAOK1|ESCO2",4,1.208,1.02,1.43,0.0282,0.556,0.505,0.608
"TCGA",TRUE,"proliferation_matched","random",952,"MYOCD|FAAH|VIRMA|MYLPF",4,0.836,0.709,0.985,0.0327,0.554,0.499,0.609
"TCGA",TRUE,"proliferation_matched","random",953,"RASL11A|PTTG1|ERLIN1|IL12RB2",4,1.193,1.001,1.421,0.0482,0.553,0.494,0.613
"TCGA",TRUE,"proliferation_matched","random",954,"DHRS12|COA7|ZBTB2|FBXO43",4,1.072,0.901,1.276,0.432,0.531,0.47,0.592
"TCGA",TRUE,"proliferation_matched","random",955,"XPO5|PCNA|RNF168|PLA2G4F",4,1.067,0.907,1.255,0.434,0.551,0.495,0.607
"TCGA",TRUE,"proliferation_matched","random",956,"CHRDL1|FPGT-TNNI3K|ATP2A2|EIF3B",4,1.078,0.912,1.275,0.379,0.538,0.479,0.598
"TCGA",TRUE,"proliferation_matched","random",957,"KIF2C|DDX11|LARP1|RSPO2",4,1.288,1.071,1.549,0.00718,0.594,0.538,0.65
"TCGA",TRUE,"proliferation_matched","random",958,"LSG1|TMEM232|SLC27A1|OGN",4,0.878,0.737,1.045,0.143,0.533,0.475,0.591
"TCGA",TRUE,"proliferation_matched","random",959,"STIL|SLC38A7|SLC39A14|CRIP1",4,1.196,1.004,1.425,0.0447,0.561,0.508,0.615
"TCGA",TRUE,"proliferation_matched","random",960,"RAB17|ATP1A2|DCAF7|DHRS12",4,0.836,0.708,0.987,0.0342,0.56,0.506,0.614
"TCGA",TRUE,"proliferation_matched","random",961,"CHFR|ITIH3|ZBTB2|FEN1",4,1.093,0.915,1.306,0.327,0.533,0.473,0.592
"TCGA",TRUE,"proliferation_matched","random",962,"WDHD1|LRPPRC|DNA2|GRAMD2A",4,1.098,0.935,1.29,0.253,0.557,0.503,0.611
"TCGA",TRUE,"proliferation_matched","random",963,"ZDHHC1|UBXN7|ARNTL2|KIF11",4,1.38,1.164,1.638,0.000217,0.626,0.572,0.68
"TCGA",TRUE,"proliferation_matched","random",964,"RAD21|SHCBP1|LARP4|CDK5R1",4,1.31,1.101,1.558,0.00228,0.576,0.515,0.638
"TCGA",TRUE,"proliferation_matched","random",965,"ATXN7L3|CDKL2|RMDN2|KNSTRN",4,0.871,0.727,1.043,0.133,0.538,0.475,0.601
"TCGA",TRUE,"proliferation_matched","random",966,"TCF19|DHX37|MYO19|GINS2",4,1.262,1.067,1.492,0.00659,0.598,0.543,0.653
"TCGA",TRUE,"proliferation_matched","random",967,"FGGY|EIF5B|TIMM10B|GRAMD2A",4,0.875,0.74,1.035,0.118,0.532,0.478,0.586
"TCGA",TRUE,"proliferation_matched","random",968,"ZWINT|ORC1|ZSCAN4|IGF2BP2",4,1.223,1.024,1.46,0.0262,0.571,0.511,0.631
"TCGA",TRUE,"proliferation_matched","random",969,"LUZP2|CTPS1|NDNF|ADA",4,1.023,0.871,1.201,0.786,0.527,0.47,0.584
"TCGA",TRUE,"proliferation_matched","random",970,"HCFC1|MYBL1|CLUL1|WDR75",4,0.944,0.791,1.125,0.519,0.494,0.436,0.551
"TCGA",TRUE,"proliferation_matched","random",971,"INPP5K|DRP2|CA3|ADAMTS4",4,1.143,0.97,1.348,0.11,0.54,0.484,0.596
"TCGA",TRUE,"proliferation_matched","random",972,"SKA3|NSD2|SCN7A|RSRC1",4,1.273,1.071,1.514,0.00628,0.579,0.523,0.635
"TCGA",TRUE,"proliferation_matched","random",973,"TAF4|SDR42E2|GPR19|UCK2",4,1.094,0.921,1.299,0.305,0.55,0.497,0.603
"TCGA",TRUE,"proliferation_matched","random",974,"FAM72D|GARS1|RECQL4|ZSWIM7",4,1.141,0.972,1.339,0.107,0.559,0.499,0.618
"TCGA",TRUE,"proliferation_matched","random",975,"B3GNT5|RAB3B|SGPL1|PYROXD2",4,1.301,1.085,1.559,0.0044,0.591,0.537,0.644
"TCGA",TRUE,"proliferation_matched","random",976,"CENPO|FMO3|NCAPD3|ZNF596",4,1.038,0.871,1.237,0.678,0.521,0.465,0.578
"TCGA",TRUE,"proliferation_matched","random",977,"DBF4|CIRBP|MBIP|MDC1",4,0.758,0.632,0.91,0.00297,0.572,0.513,0.631
"TCGA",TRUE,"proliferation_matched","random",978,"USP14|FAM72B|KPNA4|EIF3A",4,1.399,1.168,1.676,0.000268,0.597,0.542,0.652
"TCGA",TRUE,"proliferation_matched","random",979,"HPGD|TTK|RRP12|FBXO5",4,1.206,1.011,1.438,0.0376,0.582,0.519,0.644
"TCGA",TRUE,"proliferation_matched","random",980,"ACBD4|CCNDBP1|CISH|ABCF1",4,0.847,0.72,0.997,0.0462,0.564,0.505,0.623
"TCGA",TRUE,"proliferation_matched","random",981,"PLAC9|CITED2|SFTPD|TEDC2",4,0.894,0.759,1.053,0.18,0.571,0.515,0.626
"TCGA",TRUE,"proliferation_matched","random",982,"CHCHD3|PMM1|ECT2|TMEM8B",4,1.202,1.012,1.428,0.036,0.555,0.499,0.611
"TCGA",TRUE,"proliferation_matched","random",983,"SMC3|HPSE2|SHCBP1|ARNTL2",4,1.344,1.133,1.593,0.000673,0.579,0.522,0.637
"TCGA",TRUE,"proliferation_matched","random",984,"CDV3|DSN1|WDR43|CDK5R1",4,1.193,1.006,1.416,0.0425,0.55,0.492,0.609
"TCGA",TRUE,"proliferation_matched","random",985,"CCNE1|TAPT1|PATL1|TASOR2",4,1.078,0.911,1.276,0.379,0.535,0.482,0.587
"TCGA",TRUE,"proliferation_matched","random",986,"DKC1|DNMT3A|MTHFD2|KLC4",4,1.072,0.905,1.27,0.419,0.562,0.509,0.615
"TCGA",TRUE,"proliferation_matched","random",987,"PRPF4|TARS1|KIF18A|VMAC",4,1.181,0.998,1.398,0.0527,0.577,0.522,0.632
"TCGA",TRUE,"proliferation_matched","random",988,"F8|PLCD1|TIMELESS|FANCD2",4,1.17,0.985,1.391,0.0734,0.544,0.487,0.601
"TCGA",TRUE,"proliferation_matched","random",989,"ESYT3|DSCC1|LRRC36|BLM",4,0.911,0.771,1.077,0.276,0.529,0.47,0.588
"TCGA",TRUE,"proliferation_matched","random",990,"SLC7A1|MICAL3|NUF2|PPP1R12A",4,1.34,1.133,1.585,0.000615,0.62,0.568,0.671
"TCGA",TRUE,"proliferation_matched","random",991,"ATP2A2|TSTD1|SGO1|KIF2C",4,1.29,1.084,1.536,0.0042,0.58,0.525,0.635
"TCGA",TRUE,"proliferation_matched","random",992,"MSH6|MC5R|C4BPA|EIF4A3",4,1.003,0.846,1.189,0.973,0.499,0.439,0.559
"TCGA",TRUE,"proliferation_matched","random",993,"USP14|UBR5|KIF4A|GNG4",4,1.285,1.076,1.534,0.0057,0.582,0.525,0.639
"TCGA",TRUE,"proliferation_matched","random",994,"GNPNAT1|TROAP|GAPDH|FAM222A",4,1.438,1.194,1.731,0.000127,0.615,0.558,0.673
"TCGA",TRUE,"proliferation_matched","random",995,"PIMREG|RAB3B|RAD54B|CHADL",4,1.198,1.013,1.417,0.0351,0.563,0.507,0.618
"TCGA",TRUE,"proliferation_matched","random",996,"ANLN|OGN|HELLS|RGS13",4,1.083,0.921,1.273,0.337,0.516,0.458,0.575
"TCGA",TRUE,"proliferation_matched","random",997,"ACTR2|RECQL4|ABCE1|C5orf38",4,1.162,0.974,1.385,0.0951,0.526,0.467,0.585
"TCGA",TRUE,"proliferation_matched","random",998,"ZSCAN4|LEO1|NEDD1|MIS18A",4,1.244,1.052,1.47,0.0105,0.595,0.539,0.651
"TCGA",TRUE,"proliferation_matched","random",999,"NPC2|ITM2B|TYMS|KNL1",4,1.149,0.966,1.367,0.116,0.508,0.453,0.563
"TCGA",TRUE,"proliferation_matched","random",1000,"TPX2|MIEF2|PLK4|EZH2",4,1.226,1.032,1.455,0.0202,0.569,0.51,0.628
"TCGA_heldout",FALSE,NA,"observed",0,"LMNB2|TMPO|NDC1|LBR",4,1.157,0.843,1.588,0.368,0.582,0.477,0.687
"TCGA_heldout",FALSE,"protein_coding","random",1,"TSNAXIP1|ZSCAN5C|GABRR3|RND2",4,1.078,0.77,1.509,0.66,0.531,0.426,0.637
"TCGA_heldout",FALSE,"protein_coding","random",2,"RPUSD4|SCN3A|ZNF449|ZNF460",4,0.805,0.596,1.088,0.158,0.563,0.467,0.659
"TCGA_heldout",FALSE,"protein_coding","random",3,"SFRP1|H3C11|KALRN|CRP",4,1.34,0.961,1.867,0.084,0.571,0.464,0.678
"TCGA_heldout",FALSE,"protein_coding","random",4,"FAM53C|HTRA2|GABRA3|HRC",4,0.873,0.62,1.228,0.435,0.543,0.443,0.643
"TCGA_heldout",FALSE,"protein_coding","random",5,"FRS3|EPB41L4A|KCNJ5|PIK3R3",4,0.864,0.642,1.163,0.336,0.569,0.465,0.673
"TCGA_heldout",FALSE,"protein_coding","random",6,"SERAC1|FBF1|PPTC7|TAF1B",4,0.746,0.535,1.04,0.084,0.561,0.46,0.662
"TCGA_heldout",FALSE,"protein_coding","random",7,"NIBAN1|CHCHD5|C16orf95|TSPY9P",4,1.151,0.817,1.623,0.421,0.499,0.394,0.605
"TCGA_heldout",FALSE,"protein_coding","random",8,"HNRNPA1P48|TSR3|FAM107A|PARL",4,1.309,0.925,1.853,0.129,0.564,0.457,0.672
"TCGA_heldout",FALSE,"protein_coding","random",9,"KRT19|ANKFN1|TARS1|MAPK4",4,1.474,1.066,2.038,0.019,0.656,0.573,0.738
"TCGA_heldout",FALSE,"protein_coding","random",10,"GPR161|ETV3L|GSN|DBN1",4,1.226,0.874,1.722,0.238,0.513,0.398,0.628
"TCGA_heldout",FALSE,"protein_coding","random",11,"FAM47E|OCLN|WDHD1|C9orf57",4,0.714,0.524,0.973,0.0329,0.603,0.507,0.698
"TCGA_heldout",FALSE,"protein_coding","random",12,"MPZL1|FAM91A1|MRPS26|TMEM200B",4,1.221,0.894,1.668,0.209,0.569,0.477,0.661
"TCGA_heldout",FALSE,"protein_coding","random",13,"YBX3|DCTN2|RASSF10|KCNK12",4,0.894,0.659,1.212,0.471,0.469,0.36,0.578
"TCGA_heldout",FALSE,"protein_coding","random",14,"LDLRAD4|FAM181A|RFTN1|PPTC7",4,1,0.717,1.396,0.999,0.494,0.378,0.61
"TCGA_heldout",FALSE,"protein_coding","random",15,"SLC52A2|GLTP|PARP3|SNX2",4,1.037,0.757,1.42,0.821,0.502,0.402,0.603
"TCGA_heldout",FALSE,"protein_coding","random",16,"SPIDR|FNTB|POM121|CCSAP",4,1.008,0.73,1.393,0.96,0.475,0.361,0.589
"TCGA_heldout",FALSE,"protein_coding","random",17,"DERPC|PIK3CA|HIRIP3|TRIML1",4,1.052,0.797,1.388,0.721,0.542,0.442,0.642
"TCGA_heldout",FALSE,"protein_coding","random",18,"DCAF17|LHX9|VENTX|CCND1",4,0.969,0.704,1.335,0.848,0.519,0.411,0.627
"TCGA_heldout",FALSE,"protein_coding","random",19,"KRT75|SMIM21|WDR13|MYSM1",4,1.084,0.759,1.55,0.657,0.477,0.37,0.585
"TCGA_heldout",FALSE,"protein_coding","random",20,"SPAG11A|MFF|TNFRSF10A|LEMD2",4,1.08,0.797,1.465,0.619,0.558,0.465,0.652
"TCGA_heldout",FALSE,"protein_coding","random",21,"FAT3|ARAP3|GUCA1C|UQCRH",4,1.441,1.009,2.059,0.0447,0.598,0.49,0.705
"TCGA_heldout",FALSE,"protein_coding","random",22,"FAM47B|SCIMP|UBE2T|KRT25",4,0.793,0.564,1.114,0.181,0.507,0.406,0.609
"TCGA_heldout",FALSE,"protein_coding","random",23,"FFAR3|RSPH1|RANBP17|GAD1",4,0.85,0.621,1.164,0.312,0.571,0.471,0.671
"TCGA_heldout",FALSE,"protein_coding","random",24,"CIAO2B|AC034228.3|SH2D5|LRCH1",4,1.447,1.112,1.883,0.00598,0.603,0.486,0.72
"TCGA_heldout",FALSE,"protein_coding","random",25,"C5AR1|SPATA18|SYT10|RNASE3",4,1.152,0.83,1.599,0.398,0.523,0.409,0.636
"TCGA_heldout",FALSE,"protein_coding","random",26,"NPM1|MYOT|STK25|C16orf78",4,1.24,0.888,1.731,0.206,0.561,0.459,0.662
"TCGA_heldout",FALSE,"protein_coding","random",27,"TMEM14A|ZFP3|PRB2|CST2",4,0.914,0.649,1.286,0.605,0.537,0.437,0.638
"TCGA_heldout",FALSE,"protein_coding","random",28,"KIFC3|ZDHHC5|HIF1AN|CPSF4",4,1.237,0.896,1.708,0.196,0.551,0.452,0.65
"TCGA_heldout",FALSE,"protein_coding","random",29,"ZDHHC17|AK2|OR51L1|C11orf96",4,0.662,0.458,0.956,0.0279,0.627,0.537,0.717
"TCGA_heldout",FALSE,"protein_coding","random",30,"HSD17B2|TESMIN|PRKCG|SELENBP1",4,1.075,0.776,1.488,0.664,0.54,0.436,0.644
"TCGA_heldout",FALSE,"protein_coding","random",31,"RFESD|ZNF765|ADGRD1|GRXCR1",4,0.863,0.613,1.216,0.4,0.558,0.458,0.657
"TCGA_heldout",FALSE,"protein_coding","random",32,"PRAMEF2|TSPYL1|PAQR8|KLF3",4,1.151,0.842,1.573,0.379,0.519,0.401,0.638
"TCGA_heldout",FALSE,"protein_coding","random",33,"BTG4|INCENP|UQCC3|CCDC172",4,1.164,0.852,1.591,0.341,0.553,0.445,0.661
"TCGA_heldout",FALSE,"protein_coding","random",34,"SLC2A8|ZNF649|GDAP1L1|RGS3",4,1.237,0.889,1.722,0.207,0.479,0.37,0.588
"TCGA_heldout",FALSE,"protein_coding","random",35,"LMBR1|RBM18|TRIM64B|SEMA3A",4,1.298,0.93,1.812,0.125,0.572,0.477,0.666
"TCGA_heldout",FALSE,"protein_coding","random",36,"OR10D3|ZNF549|DNAAF3|PLPBP",4,0.842,0.592,1.197,0.338,0.562,0.46,0.664
"TCGA_heldout",FALSE,"protein_coding","random",37,"PRAMEF20|ACTL8|GCNT3|SNX27",4,1.194,0.855,1.668,0.298,0.526,0.412,0.64
"TCGA_heldout",FALSE,"protein_coding","random",38,"ST18|ZNF404|GP2|HIBADH",4,0.793,0.581,1.084,0.146,0.577,0.473,0.682
"TCGA_heldout",FALSE,"protein_coding","random",39,"SLC5A7|KRT32|RNF113B|SUMO2",4,0.922,0.647,1.313,0.653,0.519,0.418,0.621
"TCGA_heldout",FALSE,"protein_coding","random",40,"IFNAR2|NGB|TNFRSF12A|HLA-DRA",4,0.956,0.704,1.297,0.772,0.569,0.464,0.674
"TCGA_heldout",FALSE,"protein_coding","random",41,"PI4KB|SOX6|DDR1|LRRC66",4,1.33,0.962,1.838,0.0842,0.603,0.501,0.705
"TCGA_heldout",FALSE,"protein_coding","random",42,"PLGLB2|DENND11|SYT6|OR8B3",4,0.871,0.599,1.266,0.47,0.505,0.392,0.619
"TCGA_heldout",FALSE,"protein_coding","random",43,"SV2A|OR7G2|TRAF3IP2|ALKBH3",4,1.054,0.738,1.504,0.773,0.542,0.437,0.648
"TCGA_heldout",FALSE,"protein_coding","random",44,"GORASP2|SNTG2|PGAP4|L1CAM",4,1.099,0.813,1.486,0.54,0.555,0.442,0.668
"TCGA_heldout",FALSE,"protein_coding","random",45,"SWAP70|PNN|FKBP15|CEPT1",4,0.923,0.685,1.244,0.599,0.553,0.456,0.65
"TCGA_heldout",FALSE,"protein_coding","random",46,"CA8|MAF1|NLRP12|RAB3GAP2",4,1.246,0.892,1.741,0.197,0.565,0.462,0.669
"TCGA_heldout",FALSE,"protein_coding","random",47,"KCNK2|EIF2B4|MYPOP|FNDC4",4,1.394,0.981,1.981,0.0641,0.593,0.494,0.693
"TCGA_heldout",FALSE,"protein_coding","random",48,"PSMD5|CUBN|ELOVL2|ADGRA1",4,1.387,1.004,1.916,0.0472,0.615,0.518,0.713
"TCGA_heldout",FALSE,"protein_coding","random",49,"TRIM65|CUTC|ZNF583|POP5",4,1.114,0.808,1.535,0.509,0.526,0.414,0.637
"TCGA_heldout",FALSE,"protein_coding","random",50,"CIC|SLC15A2|CDK10|ASB7",4,0.952,0.688,1.317,0.765,0.548,0.433,0.664
"TCGA_heldout",FALSE,"protein_coding","random",51,"NRAP|ATP2A2|KIAA0513|TTC39C",4,0.872,0.621,1.224,0.429,0.507,0.384,0.629
"TCGA_heldout",FALSE,"protein_coding","random",52,"UMOD|LZTFL1|EIF4EBP1|GIMD1",4,0.719,0.497,1.04,0.0797,0.533,0.422,0.643
"TCGA_heldout",FALSE,"protein_coding","random",53,"USP47|DACH1|WDR36|C4A",4,1.131,0.823,1.555,0.448,0.501,0.391,0.61
"TCGA_heldout",FALSE,"protein_coding","random",54,"TOX4|RAB2B|EHF|ZNF521",4,0.696,0.497,0.975,0.0352,0.602,0.496,0.708
"TCGA_heldout",FALSE,"protein_coding","random",55,"KCNJ14|SYCP2|DNAH11|HYAL2",4,1.152,0.849,1.564,0.364,0.534,0.432,0.635
"TCGA_heldout",FALSE,"protein_coding","random",56,"CTXN1|TAF13|SELENOK|DEFB103B",4,1.137,0.835,1.548,0.414,0.548,0.441,0.656
"TCGA_heldout",FALSE,"protein_coding","random",57,"NME7|LSM10|IQCJ-SCHIP1|JAKMIP1",4,1.113,0.808,1.532,0.512,0.526,0.42,0.632
"TCGA_heldout",FALSE,"protein_coding","random",58,"FKBP1C|TMEM187|OLFML2A|RSU1",4,1.083,0.816,1.437,0.581,0.522,0.427,0.617
"TCGA_heldout",FALSE,"protein_coding","random",59,"ARL16|ELOA3|HES5|CRH",4,0.711,0.49,1.032,0.0727,0.602,0.499,0.704
"TCGA_heldout",FALSE,"protein_coding","random",60,"CKLF-CMTM1|RPS6KA1|FOXD2|CUEDC2",4,0.956,0.705,1.294,0.769,0.527,0.433,0.622
"TCGA_heldout",FALSE,"protein_coding","random",61,"ACSF2|ITPR3|ASB7|SLC46A1",4,0.888,0.641,1.231,0.477,0.534,0.428,0.641
"TCGA_heldout",FALSE,"protein_coding","random",62,"CD200R1|NDUFA8|MYO1H|VPS25",4,0.925,0.675,1.267,0.625,0.561,0.457,0.666
"TCGA_heldout",FALSE,"protein_coding","random",63,"ATP5F1E|FP565260.6|MYSM1|TSR3",4,0.981,0.724,1.329,0.901,0.545,0.453,0.638
"TCGA_heldout",FALSE,"protein_coding","random",64,"TFAP2E|CRYBA4|EMX2|TKFC",4,1.03,0.733,1.448,0.865,0.496,0.396,0.597
"TCGA_heldout",FALSE,"protein_coding","random",65,"PIGC|SAMD8|ZXDC|UBE2H",4,1.37,0.964,1.946,0.0792,0.583,0.489,0.677
"TCGA_heldout",FALSE,"protein_coding","random",66,"MS4A8|FAM118A|PRB3|KRTAP20-1",4,0.968,0.672,1.396,0.863,0.5,0.39,0.611
"TCGA_heldout",FALSE,"protein_coding","random",67,"FLNA|KLHL17|NAA11|CDRT1",4,1.032,0.752,1.416,0.845,0.539,0.435,0.643
"TCGA_heldout",FALSE,"protein_coding","random",68,"HOXC5|AC020636.2|NEXN|PGAP6",4,1.317,0.964,1.8,0.0841,0.57,0.46,0.68
"TCGA_heldout",FALSE,"protein_coding","random",69,"SLC25A11|SEC62|IER5|PID1",4,1.177,0.868,1.596,0.295,0.542,0.446,0.638
"TCGA_heldout",FALSE,"protein_coding","random",70,"SPG21|MAPK11|NR1H2|SPINT1",4,1.291,0.917,1.817,0.143,0.548,0.443,0.653
"TCGA_heldout",FALSE,"protein_coding","random",71,"ACVR1|HNRNPK|EBAG9|DUS1L",4,1.227,0.896,1.68,0.203,0.548,0.448,0.648
"TCGA_heldout",FALSE,"protein_coding","random",72,"MARCOL|DPPA3|FNBP1|TBC1D3C",4,0.752,0.521,1.087,0.13,0.599,0.491,0.707
"TCGA_heldout",FALSE,"protein_coding","random",73,"FAM81B|AL121845.3|DAAM1|MYT1",4,0.913,0.668,1.248,0.57,0.527,0.415,0.639
"TCGA_heldout",FALSE,"protein_coding","random",74,"ZBTB9|GJD3|AP2A2|GPR137B",4,1.146,0.805,1.63,0.45,0.534,0.432,0.635
"TCGA_heldout",FALSE,"protein_coding","random",75,"TCL1A|SLC2A12|GALC|GNAS",4,0.747,0.552,1.011,0.0587,0.617,0.516,0.718
"TCGA_heldout",FALSE,"protein_coding","random",76,"TBXAS1|TGFBR1|PSD2|FADS1",4,1.142,0.81,1.609,0.449,0.531,0.438,0.624
"TCGA_heldout",FALSE,"protein_coding","random",77,"WDR91|TEX29|SPAG11A|IL2RA",4,0.937,0.674,1.301,0.697,0.562,0.465,0.658
"TCGA_heldout",FALSE,"protein_coding","random",78,"MRPS36|JAG1|KNCN|GABRR3",4,1.202,0.885,1.633,0.238,0.561,0.454,0.667
"TCGA_heldout",FALSE,"protein_coding","random",79,"TAAR6|AIM2|DUSP26|ROBO2",4,1.01,0.735,1.389,0.949,0.509,0.405,0.614
"TCGA_heldout",FALSE,"protein_coding","random",80,"EHMT1|ZKSCAN4|MLLT1|SULF2",4,1.46,1.023,2.083,0.0371,0.574,0.472,0.675
"TCGA_heldout",FALSE,"protein_coding","random",81,"BTNL3|TOGARAM1|ARFGEF3|MXI1",4,0.786,0.571,1.081,0.139,0.561,0.465,0.657
"TCGA_heldout",FALSE,"protein_coding","random",82,"ATE1|PSMB2|TRAM2|APCS",4,1.352,1.025,1.783,0.0327,0.668,0.579,0.756
"TCGA_heldout",FALSE,"protein_coding","random",83,"CLECL1|TMEM64|RNF24|ZNF560",4,0.85,0.613,1.18,0.331,0.531,0.428,0.634
"TCGA_heldout",FALSE,"protein_coding","random",84,"PTH|C8orf48|TBCA|ULK2",4,1.189,0.865,1.633,0.287,0.538,0.428,0.647
"TCGA_heldout",FALSE,"protein_coding","random",85,"MTHFD2L|RBBP8|TFDP2|SDF2L1",4,0.855,0.603,1.212,0.379,0.564,0.448,0.68
"TCGA_heldout",FALSE,"protein_coding","random",86,"RAB39A|WNT5A|PRX|ROCK2",4,1.145,0.852,1.539,0.368,0.538,0.432,0.644
"TCGA_heldout",FALSE,"protein_coding","random",87,"TAT|ZFP62|ASTE1|ZCCHC12",4,1.065,0.752,1.507,0.724,0.523,0.419,0.627
"TCGA_heldout",FALSE,"protein_coding","random",88,"IFITM10|SPINK7|SLC16A7|RGL1",4,1.06,0.786,1.431,0.701,0.519,0.42,0.618
"TCGA_heldout",FALSE,"protein_coding","random",89,"CD24|SLC22A10|PCF11|RAC3",4,0.665,0.478,0.926,0.0157,0.573,0.465,0.681
"TCGA_heldout",FALSE,"protein_coding","random",90,"CTPS1|PDSS2|MPPE1|PABPC4L",4,0.972,0.717,1.318,0.856,0.465,0.366,0.564
"TCGA_heldout",FALSE,"protein_coding","random",91,"PHC2|OR4D1|AXDND1|LRP12",4,1.102,0.796,1.525,0.558,0.504,0.394,0.613
"TCGA_heldout",FALSE,"protein_coding","random",92,"LSAMP|SEC61A2|EOLA2|OR4C11",4,0.749,0.548,1.024,0.0704,0.594,0.499,0.688
"TCGA_heldout",FALSE,"protein_coding","random",93,"COX7A1|PANK1|NAALADL2|COG5",4,0.935,0.658,1.328,0.706,0.513,0.387,0.639
"TCGA_heldout",FALSE,"protein_coding","random",94,"THY1|PICALM|GABRR2|DLL3",4,0.984,0.72,1.343,0.917,0.48,0.382,0.579
"TCGA_heldout",FALSE,"protein_coding","random",95,"ATG4D|RBM25|TEDC1|DAP",4,1.063,0.78,1.45,0.698,0.539,0.446,0.632
"TCGA_heldout",FALSE,"protein_coding","random",96,"PTMS|ISYNA1|EXD3|FDXR",4,1.039,0.753,1.432,0.817,0.5,0.4,0.601
"TCGA_heldout",FALSE,"protein_coding","random",97,"FAM25C|GRAMD4|H1-6|DAPK1",4,1.053,0.776,1.429,0.742,0.499,0.386,0.612
"TCGA_heldout",FALSE,"protein_coding","random",98,"LTBR|SFRP5|AC027644.4|FCHO2",4,1.142,0.844,1.547,0.389,0.493,0.385,0.6
"TCGA_heldout",FALSE,"protein_coding","random",99,"PIBF1|METTL21A|SLAMF8|NKAIN3",4,1.123,0.823,1.534,0.464,0.581,0.477,0.685
"TCGA_heldout",FALSE,"protein_coding","random",100,"OSBPL5|AL590560.2|IL36RN|C6",4,1.002,0.723,1.388,0.992,0.506,0.41,0.602
"TCGA_heldout",FALSE,"protein_coding","random",101,"CABP1|HMX1|TAF11L2|MED30",4,1.042,0.741,1.464,0.815,0.499,0.396,0.602
"TCGA_heldout",FALSE,"protein_coding","random",102,"C17orf99|ERGIC2|FNDC8|TMEM185B",4,0.972,0.71,1.329,0.857,0.471,0.384,0.557
"TCGA_heldout",FALSE,"protein_coding","random",103,"ABCA9|TWNK|NSMCE3|SNX17",4,1.006,0.737,1.373,0.97,0.503,0.419,0.586
"TCGA_heldout",FALSE,"protein_coding","random",104,"TLE2|PLD3|CLDN2|TRMT13",4,0.742,0.549,1.002,0.0513,0.582,0.482,0.683
"TCGA_heldout",FALSE,"protein_coding","random",105,"GLRA1|HOXB4|TUBA4A|SLC25A52",4,1.27,0.915,1.764,0.153,0.564,0.47,0.659
"TCGA_heldout",FALSE,"protein_coding","random",106,"KHSRP|KLK10|VPS53|THEM6",4,0.99,0.735,1.334,0.949,0.494,0.385,0.603
"TCGA_heldout",FALSE,"protein_coding","random",107,"SRPRB|LARP6|ZFR|PYHIN1",4,1.017,0.743,1.393,0.915,0.494,0.396,0.591
"TCGA_heldout",FALSE,"protein_coding","random",108,"KCNK10|DCAF11|TDP1|RIPPLY3",4,0.66,0.46,0.948,0.0244,0.612,0.492,0.732
"TCGA_heldout",FALSE,"protein_coding","random",109,"RCC1L|COL8A2|ACOT1|SPX",4,1.31,0.955,1.797,0.0946,0.579,0.482,0.676
"TCGA_heldout",FALSE,"protein_coding","random",110,"TRNT1|PGA5|IRF7|GSTM1",4,1.178,0.874,1.588,0.282,0.569,0.461,0.677
"TCGA_heldout",FALSE,"protein_coding","random",111,"ARID3B|BLOC1S3|SGO1|ARHGAP24",4,1.138,0.832,1.558,0.418,0.56,0.456,0.663
"TCGA_heldout",FALSE,"protein_coding","random",112,"C9orf153|MAGOHB|HNRNPC|PNLIPRP1",4,1.157,0.853,1.571,0.349,0.539,0.434,0.645
"TCGA_heldout",FALSE,"protein_coding","random",113,"ECT2|NFKB1|ZNF41|AFAP1L2",4,1.049,0.733,1.503,0.793,0.502,0.381,0.623
"TCGA_heldout",FALSE,"protein_coding","random",114,"GCM2|CLEC1A|PTPRN2|CXXC5",4,0.882,0.618,1.259,0.49,0.499,0.383,0.614
"TCGA_heldout",FALSE,"protein_coding","random",115,"NOTO|PLPP5|DIRAS1|C21orf58",4,0.761,0.545,1.063,0.109,0.569,0.462,0.676
"TCGA_heldout",FALSE,"protein_coding","random",116,"SMARCE1|TNPO3|IRGM|AL133500.1",4,0.912,0.667,1.248,0.566,0.496,0.388,0.604
"TCGA_heldout",FALSE,"protein_coding","random",117,"BCAS4|APOBEC3A|LPAR1|TOP1MT",4,0.739,0.497,1.099,0.135,0.562,0.457,0.666
"TCGA_heldout",FALSE,"protein_coding","random",118,"ANKRD27|NDUFB8|USP38|GALR1",4,0.96,0.699,1.318,0.802,0.501,0.398,0.603
"TCGA_heldout",FALSE,"protein_coding","random",119,"C10orf67|LY6D|DIP2A|ACRBP",4,1.116,0.816,1.528,0.492,0.546,0.434,0.659
"TCGA_heldout",FALSE,"protein_coding","random",120,"WDR48|AC091167.6|OR2A2|METTL2A",4,0.779,0.532,1.14,0.198,0.555,0.462,0.648
"TCGA_heldout",FALSE,"protein_coding","random",121,"ARHGAP17|TOLLIP|SPATA46|NXNL1",4,0.986,0.717,1.357,0.932,0.566,0.462,0.67
"TCGA_heldout",FALSE,"protein_coding","random",122,"FAM240B|CTSZ|SMIM11A|NFXL1",4,0.979,0.696,1.378,0.903,0.499,0.402,0.596
"TCGA_heldout",FALSE,"protein_coding","random",123,"PRPF3|EIF2AK3|CNOT10|ZBTB4",4,0.973,0.687,1.377,0.875,0.488,0.384,0.592
"TCGA_heldout",FALSE,"protein_coding","random",124,"UBE2A|VIPR1|SMPD3|GDF5",4,0.895,0.653,1.228,0.492,0.534,0.413,0.656
"TCGA_heldout",FALSE,"protein_coding","random",125,"ATP5MGL|BIRC5|TOX4|CFAP43",4,0.792,0.58,1.08,0.141,0.563,0.458,0.668
"TCGA_heldout",FALSE,"protein_coding","random",126,"CCM2L|ZNF852|ANKRD2|SLC30A6",4,1.079,0.78,1.492,0.647,0.511,0.39,0.631
"TCGA_heldout",FALSE,"protein_coding","random",127,"PFDN4|RBM10|RBM8A|STK11",4,1.073,0.753,1.529,0.695,0.526,0.408,0.644
"TCGA_heldout",FALSE,"protein_coding","random",128,"USP32|RRP7A|MAX|FAM76B",4,0.855,0.618,1.183,0.345,0.545,0.438,0.651
"TCGA_heldout",FALSE,"protein_coding","random",129,"VAX2|RELL2|SPDYC|ADCK2",4,0.927,0.676,1.27,0.635,0.521,0.423,0.62
"TCGA_heldout",FALSE,"protein_coding","random",130,"PGGHG|FBLL1|XPNPEP1|TRPC7",4,1.182,0.86,1.626,0.303,0.569,0.478,0.661
"TCGA_heldout",FALSE,"protein_coding","random",131,"AHCYL2|TPR|AVP|MAN1B1",4,0.941,0.652,1.358,0.746,0.483,0.378,0.587
"TCGA_heldout",FALSE,"protein_coding","random",132,"FLYWCH2|NBPF6|CGB2|OR1J4",4,0.923,0.626,1.362,0.687,0.538,0.437,0.639
"TCGA_heldout",FALSE,"protein_coding","random",133,"C3orf14|ANKS1B|FGF7|NECAP2",4,0.859,0.628,1.175,0.34,0.587,0.482,0.691
"TCGA_heldout",FALSE,"protein_coding","random",134,"ZNF746|LAMC1|DYRK1B|ERCC6",4,1.427,1.031,1.975,0.0322,0.599,0.505,0.693
"TCGA_heldout",FALSE,"protein_coding","random",135,"RGS18|STX10|ADK|PPFIA1",4,1.063,0.745,1.516,0.736,0.487,0.374,0.601
"TCGA_heldout",FALSE,"protein_coding","random",136,"EMILIN2|BEND5|TRIM23|MAL",4,0.849,0.636,1.134,0.268,0.617,0.524,0.71
"TCGA_heldout",FALSE,"protein_coding","random",137,"CYP4F22|LNX1|COX7A1|HIVEP3",4,1.09,0.782,1.52,0.611,0.507,0.404,0.61
"TCGA_heldout",FALSE,"protein_coding","random",138,"JPT1|SCYGR8|OLFM1|SUGCT",4,1.101,0.845,1.435,0.477,0.554,0.46,0.647
"TCGA_heldout",FALSE,"protein_coding","random",139,"XKR6|STX18|PLCD3|SAP30L",4,1.312,0.947,1.816,0.102,0.557,0.452,0.661
"TCGA_heldout",FALSE,"protein_coding","random",140,"LDHAL6B|HAUS8|TAS2R4|GAB1",4,1.032,0.769,1.385,0.834,0.515,0.434,0.596
"TCGA_heldout",FALSE,"protein_coding","random",141,"PDE11A|AARSD1|MAPKBP1|LTF",4,0.984,0.685,1.413,0.928,0.466,0.34,0.591
"TCGA_heldout",FALSE,"protein_coding","random",142,"MORF4L2|SMARCE1|H2AX|MAPK8",4,0.857,0.634,1.158,0.315,0.501,0.405,0.597
"TCGA_heldout",FALSE,"protein_coding","random",143,"TMEM132C|CBY1|ERO1B|CLDN3",4,0.721,0.543,0.958,0.024,0.611,0.501,0.72
"TCGA_heldout",FALSE,"protein_coding","random",144,"CDK5RAP3|EXOSC3|RAB13|PEAR1",4,1.195,0.882,1.62,0.25,0.604,0.517,0.691
"TCGA_heldout",FALSE,"protein_coding","random",145,"EFCAB7|ATG4D|CORO2B|IRX2",4,1.016,0.716,1.441,0.93,0.523,0.409,0.637
"TCGA_heldout",FALSE,"protein_coding","random",146,"MTRNR2L1|RBPJ|ZBTB6|PBLD",4,0.949,0.697,1.293,0.741,0.509,0.405,0.613
"TCGA_heldout",FALSE,"protein_coding","random",147,"DSG3|GPR25|YBX2|AL121899.2",4,1.317,0.969,1.79,0.0781,0.63,0.538,0.723
"TCGA_heldout",FALSE,"protein_coding","random",148,"C1QB|LPAR1|HGD|TRIM32",4,1.275,0.909,1.788,0.159,0.572,0.47,0.675
"TCGA_heldout",FALSE,"protein_coding","random",149,"TTC16|OR5AK2|OR52B6|IFIT5",4,0.892,0.647,1.231,0.487,0.517,0.415,0.619
"TCGA_heldout",FALSE,"protein_coding","random",150,"DDA1|RHOQ|CDYL2|SLC29A2",4,0.852,0.628,1.156,0.303,0.498,0.401,0.594
"TCGA_heldout",FALSE,"protein_coding","random",151,"POLL|CALCRL|BABAM1|ZP3",4,1.199,0.883,1.628,0.244,0.576,0.473,0.679
"TCGA_heldout",FALSE,"protein_coding","random",152,"CNOT7|MBNL1|PROCR|KMT2D",4,1.396,0.982,1.984,0.0634,0.569,0.45,0.688
"TCGA_heldout",FALSE,"protein_coding","random",153,"AK9|ETFB|OR14J1|CSF2RB",4,0.809,0.548,1.194,0.286,0.539,0.43,0.648
"TCGA_heldout",FALSE,"protein_coding","random",154,"MED12|ELOB|OTOGL|CEP55",4,1.359,1.001,1.846,0.0491,0.638,0.543,0.733
"TCGA_heldout",FALSE,"protein_coding","random",155,"EEF1AKMT4|ZNF431|ZNF276|HNRNPH1",4,0.782,0.568,1.078,0.133,0.585,0.486,0.684
"TCGA_heldout",FALSE,"protein_coding","random",156,"NOX3|ARHGEF10|FAM207A|CEACAM21",4,0.969,0.698,1.344,0.85,0.49,0.374,0.606
"TCGA_heldout",FALSE,"protein_coding","random",157,"FAM83E|CLN5|ALG12|CCBE1",4,0.931,0.67,1.294,0.67,0.502,0.387,0.618
"TCGA_heldout",FALSE,"protein_coding","random",158,"ACTR3B|OSCAR|GABBR1|HK1",4,1.093,0.81,1.474,0.561,0.518,0.421,0.616
"TCGA_heldout",FALSE,"protein_coding","random",159,"CSTF1|TNKS1BP1|MCOLN2|PTPN13",4,0.857,0.6,1.225,0.398,0.531,0.417,0.645
"TCGA_heldout",FALSE,"protein_coding","random",160,"DEFA5|CARD11|FAM183A|CCDC90B",4,1.189,0.883,1.6,0.254,0.584,0.473,0.694
"TCGA_heldout",FALSE,"protein_coding","random",161,"INPP5K|IPO9|AL592490.1|RSPH10B2",4,0.878,0.602,1.281,0.501,0.499,0.395,0.603
"TCGA_heldout",FALSE,"protein_coding","random",162,"MYADM|HDAC5|GATAD1|ETNK2",4,0.975,0.72,1.322,0.871,0.535,0.43,0.64
"TCGA_heldout",FALSE,"protein_coding","random",163,"LYPD6|NDUFA4|FAM76A|CASR",4,0.925,0.65,1.316,0.664,0.55,0.442,0.659
"TCGA_heldout",FALSE,"protein_coding","random",164,"KRTAP3-3|SNRNP35|OR9Q2|SELL",4,0.809,0.548,1.196,0.289,0.552,0.44,0.663
"TCGA_heldout",FALSE,"protein_coding","random",165,"KLK12|CNTN3|NDUFA1|CCDC106",4,0.787,0.571,1.085,0.143,0.574,0.491,0.657
"TCGA_heldout",FALSE,"protein_coding","random",166,"POMT2|EIF5B|CLCN4|MAP3K5",4,1.17,0.841,1.626,0.352,0.534,0.44,0.628
"TCGA_heldout",FALSE,"protein_coding","random",167,"ITPRIP|VPS13D|CFAP43|ZFP28",4,1.164,0.839,1.614,0.364,0.553,0.442,0.663
"TCGA_heldout",FALSE,"protein_coding","random",168,"SCLT1|USP9X|B4GALT7|PET100",4,0.807,0.578,1.127,0.209,0.544,0.442,0.646
"TCGA_heldout",FALSE,"protein_coding","random",169,"GTPBP2|STEAP3|INTS5|PSG6",4,1.022,0.756,1.382,0.885,0.49,0.378,0.602
"TCGA_heldout",FALSE,"protein_coding","random",170,"IL1RAPL2|SHISAL2B|NUP62|HYAL1",4,1.044,0.78,1.395,0.774,0.553,0.455,0.652
"TCGA_heldout",FALSE,"protein_coding","random",171,"GRIFIN|HTR2C|ADGRD1|ACOX1",4,0.778,0.556,1.09,0.144,0.558,0.443,0.674
"TCGA_heldout",FALSE,"protein_coding","random",172,"SLC35B2|NDUFS5|APOL3|POMZP3",4,1.076,0.77,1.502,0.669,0.508,0.403,0.613
"TCGA_heldout",FALSE,"protein_coding","random",173,"TYR|ILK|ORC2|DEFB121",4,1.081,0.797,1.466,0.618,0.559,0.461,0.658
"TCGA_heldout",FALSE,"protein_coding","random",174,"PLEKHG2|KRTAP12-2|TINCR|PGAM5",4,0.934,0.684,1.277,0.669,0.489,0.39,0.587
"TCGA_heldout",FALSE,"protein_coding","random",175,"KIAA1191|CLTCL1|OXLD1|GEMIN6",4,0.972,0.698,1.353,0.865,0.537,0.432,0.641
"TCGA_heldout",FALSE,"protein_coding","random",176,"CCDC127|MS4A15|DCAF11|SLC22A12",4,0.792,0.575,1.092,0.155,0.609,0.518,0.699
"TCGA_heldout",FALSE,"protein_coding","random",177,"EMCN|SCCPDH|VPS36|DOCK6",4,1.271,0.957,1.688,0.0981,0.54,0.43,0.651
"TCGA_heldout",FALSE,"protein_coding","random",178,"PGR|NAP1L4|A1CF|CDKAL1",4,1.183,0.873,1.602,0.278,0.569,0.474,0.663
"TCGA_heldout",FALSE,"protein_coding","random",179,"CIAO2A|ZNF735|CMKLR1|TEX101",4,0.93,0.638,1.354,0.705,0.527,0.429,0.625
"TCGA_heldout",FALSE,"protein_coding","random",180,"PRIM2|CXorf21|RASA4|SUPT16H",4,0.899,0.674,1.198,0.467,0.528,0.424,0.632
"TCGA_heldout",FALSE,"protein_coding","random",181,"SPCS3|CMTM7|RNF213|FKBP5",4,1.246,0.874,1.778,0.225,0.584,0.488,0.68
"TCGA_heldout",FALSE,"protein_coding","random",182,"NGRN|LGALS9C|SYT12|ANKS3",4,1.16,0.844,1.594,0.36,0.56,0.445,0.675
"TCGA_heldout",FALSE,"protein_coding","random",183,"SLC16A6|MYL12B|SLC6A9|ETV4",4,1.024,0.765,1.369,0.875,0.523,0.424,0.623
"TCGA_heldout",FALSE,"protein_coding","random",184,"WWC3|PPP1R3G|SNX13|PLIN3",4,1.27,0.938,1.72,0.123,0.541,0.437,0.644
"TCGA_heldout",FALSE,"protein_coding","random",185,"CBX3|PLAG1|DDX46|CCL21",4,1.26,0.908,1.748,0.167,0.584,0.476,0.691
"TCGA_heldout",FALSE,"protein_coding","random",186,"ITGAD|AP1AR|ELF1|IFI6",4,1.078,0.785,1.481,0.642,0.499,0.4,0.597
"TCGA_heldout",FALSE,"protein_coding","random",187,"ABCC10|HJV|OVOL3|FNDC11",4,0.977,0.688,1.386,0.896,0.537,0.422,0.653
"TCGA_heldout",FALSE,"protein_coding","random",188,"NUDT9|MRAP2|RGP1|PHYKPL",4,0.795,0.562,1.125,0.195,0.558,0.451,0.664
"TCGA_heldout",FALSE,"protein_coding","random",189,"C5AR2|FADS3|HERC4|IBA57",4,1.069,0.789,1.449,0.667,0.485,0.387,0.582
"TCGA_heldout",FALSE,"protein_coding","random",190,"SETD1B|FBXO40|IL24|RANBP17",4,0.947,0.692,1.297,0.736,0.557,0.458,0.655
"TCGA_heldout",FALSE,"protein_coding","random",191,"SPDL1|TRIM47|MICOS10-NBL1|ZADH2",4,1.225,0.937,1.6,0.138,0.629,0.531,0.726
"TCGA_heldout",FALSE,"protein_coding","random",192,"TAF5L|GAR1|C18orf63|ATP13A5",4,1.243,0.872,1.771,0.229,0.533,0.422,0.643
"TCGA_heldout",FALSE,"protein_coding","random",193,"DYNC2I2|ABCB7|HES4|SP4",4,1.025,0.742,1.416,0.88,0.483,0.375,0.591
"TCGA_heldout",FALSE,"protein_coding","random",194,"ZNF385D|TRIP12|AC105052.1|FAM236A",4,1.187,0.914,1.542,0.198,0.598,0.507,0.688
"TCGA_heldout",FALSE,"protein_coding","random",195,"MYO5A|LYZ|SLC35B2|STAB2",4,1.119,0.813,1.54,0.491,0.523,0.404,0.642
"TCGA_heldout",FALSE,"protein_coding","random",196,"CCT2|SULT1B1|OR52N5|NEUROD1",4,1.08,0.803,1.453,0.61,0.566,0.461,0.67
"TCGA_heldout",FALSE,"protein_coding","random",197,"RUNDC3A|PRSS36|FHL5|VSIG4",4,1.037,0.722,1.489,0.845,0.493,0.387,0.6
"TCGA_heldout",FALSE,"protein_coding","random",198,"RPS3|NOXA1|H4-16|POLR2C",4,0.9,0.661,1.227,0.506,0.552,0.452,0.651
"TCGA_heldout",FALSE,"protein_coding","random",199,"EIF3I|ZNF77|FAM3B|MIER3",4,0.749,0.521,1.077,0.118,0.59,0.482,0.697
"TCGA_heldout",FALSE,"protein_coding","random",200,"KATNB1|POTEF|ST6GALNAC6|ACSL6",4,0.842,0.591,1.2,0.342,0.534,0.42,0.647
"TCGA_heldout",FALSE,"protein_coding","random",201,"DIS3|L3MBTL1|LIPT1|DGCR6L",4,0.866,0.642,1.169,0.347,0.591,0.488,0.694
"TCGA_heldout",FALSE,"protein_coding","random",202,"PLIN2|RNF168|PPP1R42|COX7A2L",4,1.072,0.778,1.476,0.671,0.53,0.432,0.628
"TCGA_heldout",FALSE,"protein_coding","random",203,"RRBP1|RRP1B|HSPA4|RASD1",4,1.761,1.243,2.495,0.00146,0.642,0.541,0.744
"TCGA_heldout",FALSE,"protein_coding","random",204,"MMP12|SMIM26|PCDHB11|ZNF131",4,1.227,0.897,1.68,0.201,0.564,0.465,0.663
"TCGA_heldout",FALSE,"protein_coding","random",205,"TPGS1|RNMT|NPIPB12|PSMC3",4,1.154,0.861,1.546,0.339,0.558,0.465,0.652
"TCGA_heldout",FALSE,"protein_coding","random",206,"CNGA1|HNRNPH3|DNAH7|SUCLG2",4,1.224,0.92,1.629,0.165,0.595,0.495,0.695
"TCGA_heldout",FALSE,"protein_coding","random",207,"POM121L12|AC109583.1|CHRD|BHLHE22",4,0.745,0.508,1.093,0.132,0.59,0.494,0.686
"TCGA_heldout",FALSE,"protein_coding","random",208,"MAGEB2|KRTAP3-2|SLC52A2|EMCN",4,0.895,0.658,1.216,0.477,0.512,0.407,0.617
"TCGA_heldout",FALSE,"protein_coding","random",209,"C5orf63|RHOJ|FZD2|RPS27L",4,1.26,0.903,1.757,0.174,0.552,0.437,0.667
"TCGA_heldout",FALSE,"protein_coding","random",210,"PIP4P2|MAPRE2|NDUFS1|TRPC3",4,1.362,0.983,1.888,0.0633,0.611,0.515,0.707
"TCGA_heldout",FALSE,"protein_coding","random",211,"CLCF1|DPY19L2|NEK9|CACNG8",4,1.14,0.866,1.501,0.351,0.555,0.447,0.662
"TCGA_heldout",FALSE,"protein_coding","random",212,"LRRC6|OR6T1|ICAM5|ZNF575",4,0.903,0.673,1.21,0.493,0.578,0.478,0.679
"TCGA_heldout",FALSE,"protein_coding","random",213,"TMCC1|TLE2|MMP3|ZDHHC11B",4,0.704,0.497,0.996,0.0474,0.603,0.508,0.698
"TCGA_heldout",FALSE,"protein_coding","random",214,"DBR1|DR1|PEX26|C2orf66",4,1.078,0.763,1.525,0.67,0.506,0.401,0.611
"TCGA_heldout",FALSE,"protein_coding","random",215,"ZSWIM2|CFAP53|AOC1|ITM2A",4,0.943,0.689,1.29,0.712,0.522,0.411,0.633
"TCGA_heldout",FALSE,"protein_coding","random",216,"SRSF4|TAF5L|TTC9|SETDB1",4,1.009,0.717,1.421,0.958,0.496,0.391,0.601
"TCGA_heldout",FALSE,"protein_coding","random",217,"DNMT3B|NIPBL|H4C11|RNF135",4,1.208,0.876,1.664,0.249,0.558,0.451,0.665
"TCGA_heldout",FALSE,"protein_coding","random",218,"CEP120|HSDL2|TIGD1|MYF5",4,0.833,0.617,1.125,0.233,0.575,0.476,0.673
"TCGA_heldout",FALSE,"protein_coding","random",219,"ECPAS|UNC45B|CLIC5|IGSF9",4,1.118,0.816,1.532,0.488,0.543,0.451,0.634
"TCGA_heldout",FALSE,"protein_coding","random",220,"JMJD8|BCL6|XCL1|PMPCB",4,1,0.727,1.377,0.998,0.485,0.372,0.598
"TCGA_heldout",FALSE,"protein_coding","random",221,"NOL8|LPXN|H2AB3|KRTAP5-2",4,1.355,0.942,1.949,0.101,0.537,0.428,0.645
"TCGA_heldout",FALSE,"protein_coding","random",222,"CPLX1|H4C8|C22orf31|NCOA4",4,0.801,0.576,1.115,0.188,0.58,0.471,0.689
"TCGA_heldout",FALSE,"protein_coding","random",223,"GPX2|MRC2|APOOL|LGR5",4,1.147,0.822,1.599,0.42,0.602,0.499,0.704
"TCGA_heldout",FALSE,"protein_coding","random",224,"BNC2|SDCBP|IFNE|S100A4",4,1.519,1.127,2.048,0.00603,0.602,0.493,0.711
"TCGA_heldout",FALSE,"protein_coding","random",225,"ZSWIM6|NPIPA3|SYNE3|CCDC18",4,1.175,0.87,1.586,0.293,0.551,0.457,0.645
"TCGA_heldout",FALSE,"protein_coding","random",226,"CLYBL|TAAR1|SURF2|CD274",4,1.09,0.807,1.472,0.573,0.525,0.417,0.632
"TCGA_heldout",FALSE,"protein_coding","random",227,"ATP13A1|PGP|MUC21|PRR4",4,1.008,0.735,1.381,0.961,0.474,0.366,0.583
"TCGA_heldout",FALSE,"protein_coding","random",228,"UNC93A|NAT9|RIOX2|RIMBP3",4,0.753,0.54,1.051,0.0953,0.545,0.44,0.65
"TCGA_heldout",FALSE,"protein_coding","random",229,"GOLGA8N|CYHR1|KCTD2|PKN1",4,0.993,0.721,1.367,0.965,0.506,0.4,0.612
"TCGA_heldout",FALSE,"protein_coding","random",230,"THEMIS|RPS4Y2|ASNS|FBXW9",4,0.885,0.625,1.252,0.489,0.561,0.443,0.678
"TCGA_heldout",FALSE,"protein_coding","random",231,"ZNF774|ABLIM2|DNM1|TTLL11",4,0.83,0.606,1.136,0.244,0.558,0.464,0.652
"TCGA_heldout",FALSE,"protein_coding","random",232,"SLC2A10|SERPINB4|TFCP2L1|SLC7A6",4,1.121,0.812,1.547,0.486,0.565,0.451,0.679
"TCGA_heldout",FALSE,"protein_coding","random",233,"VGLL4|DEFA3|RPRML|KHDRBS1",4,1.641,1.215,2.216,0.00125,0.701,0.622,0.779
"TCGA_heldout",FALSE,"protein_coding","random",234,"CXorf58|PLBD2|ARHGEF5|PCTP",4,0.893,0.658,1.212,0.469,0.538,0.439,0.637
"TCGA_heldout",FALSE,"protein_coding","random",235,"PSORS1C1|TSPAN9|MPG|GYPB",4,1.191,0.863,1.644,0.288,0.535,0.425,0.645
"TCGA_heldout",FALSE,"protein_coding","random",236,"SCN4B|ZNF763|CIZ1|MOS",4,1.147,0.832,1.582,0.401,0.549,0.441,0.657
"TCGA_heldout",FALSE,"protein_coding","random",237,"TMEM81|SHROOM1|AC098850.3|TESPA1",4,0.939,0.687,1.283,0.692,0.556,0.445,0.668
"TCGA_heldout",FALSE,"protein_coding","random",238,"XYLT2|TIMM8A|EMP3|PNPLA6",4,0.998,0.725,1.373,0.989,0.518,0.405,0.632
"TCGA_heldout",FALSE,"protein_coding","random",239,"KRTAP5-6|ACSL5|RALGPS1|C1GALT1C1L",4,0.865,0.638,1.174,0.353,0.52,0.414,0.627
"TCGA_heldout",FALSE,"protein_coding","random",240,"C8orf48|LINC02203|PDE7A|UBB",4,1.186,0.871,1.615,0.278,0.49,0.386,0.594
"TCGA_heldout",FALSE,"protein_coding","random",241,"MON1A|TXNDC5|FUT5|DHFR2",4,0.973,0.695,1.364,0.875,0.457,0.34,0.573
"TCGA_heldout",FALSE,"protein_coding","random",242,"OR1L1|ISOC2|PZP|ABHD10",4,0.886,0.646,1.216,0.455,0.483,0.38,0.585
"TCGA_heldout",FALSE,"protein_coding","random",243,"H3C4|ALG8|PRM1|SLC35C2",4,0.952,0.716,1.266,0.734,0.458,0.359,0.556
"TCGA_heldout",FALSE,"protein_coding","random",244,"CCNG1|PRKCSH|APOBEC3B|ATL2",4,0.953,0.7,1.296,0.759,0.538,0.428,0.647
"TCGA_heldout",FALSE,"protein_coding","random",245,"MRPL22|HCN2|MPC1|DMRTB1",4,0.953,0.697,1.304,0.765,0.493,0.401,0.585
"TCGA_heldout",FALSE,"protein_coding","random",246,"TNFRSF9|ACOX1|GRK1|HSD17B1",4,0.794,0.564,1.118,0.187,0.544,0.432,0.655
"TCGA_heldout",FALSE,"protein_coding","random",247,"RBL1|ZRSR2|IFTAP|RARS1",4,1.142,0.828,1.576,0.417,0.592,0.485,0.699
"TCGA_heldout",FALSE,"protein_coding","random",248,"ASAH2B|DCTN6|SDS|FOXO1",4,1.448,1.071,1.959,0.0163,0.604,0.498,0.709
"TCGA_heldout",FALSE,"protein_coding","random",249,"SRSF11|LPAR1|SULT1A3|GP6",4,0.881,0.649,1.196,0.416,0.515,0.415,0.616
"TCGA_heldout",FALSE,"protein_coding","random",250,"NRP1|GOLT1B|KAT8|NCBP2L",4,0.791,0.576,1.085,0.146,0.62,0.518,0.722
"TCGA_heldout",FALSE,"protein_coding","random",251,"ANKS1A|WDR55|PKP4|SMPD2",4,0.919,0.666,1.269,0.608,0.518,0.421,0.615
"TCGA_heldout",FALSE,"protein_coding","random",252,"ST14|TNFRSF13C|ZNF23|SOX4",4,0.701,0.51,0.964,0.0288,0.604,0.515,0.693
"TCGA_heldout",FALSE,"protein_coding","random",253,"SERPINF1|RILP|TMEM256-PLSCR3|KIAA1143",4,1.01,0.716,1.425,0.953,0.472,0.375,0.569
"TCGA_heldout",FALSE,"protein_coding","random",254,"SLC28A1|ZDHHC17|MOK|MRPS18A",4,0.798,0.577,1.102,0.171,0.52,0.421,0.618
"TCGA_heldout",FALSE,"protein_coding","random",255,"HOATZ|SLC1A5|TRIM40|HNRNPA0",4,1.503,1.084,2.084,0.0146,0.618,0.511,0.726
"TCGA_heldout",FALSE,"protein_coding","random",256,"ZNF587|TXNDC5|FLYWCH1|LCE6A",4,0.951,0.673,1.344,0.774,0.547,0.444,0.651
"TCGA_heldout",FALSE,"protein_coding","random",257,"PARP9|RPS16|STX16|PDE5A",4,0.899,0.661,1.222,0.497,0.556,0.455,0.657
"TCGA_heldout",FALSE,"protein_coding","random",258,"SLC30A8|RNF141|RAMP1|CALCOCO1",4,0.87,0.627,1.206,0.402,0.534,0.433,0.636
"TCGA_heldout",FALSE,"protein_coding","random",259,"EOLA1|LGI1|SNX4|MSANTD2",4,0.679,0.452,1.021,0.0631,0.592,0.477,0.706
"TCGA_heldout",FALSE,"protein_coding","random",260,"ANKS3|DLG1|EGLN2|FAS",4,0.847,0.616,1.164,0.306,0.58,0.483,0.676
"TCGA_heldout",FALSE,"protein_coding","random",261,"PBX1|CARM1|CLEC1B|PASK",4,1.372,0.972,1.936,0.0722,0.578,0.474,0.682
"TCGA_heldout",FALSE,"protein_coding","random",262,"EXOC1|LARS2|TRIM32|NT5DC2",4,1.109,0.818,1.502,0.505,0.55,0.449,0.65
"TCGA_heldout",FALSE,"protein_coding","random",263,"MYT1|ASIC3|ARL17A|ADAMTS3",4,0.811,0.595,1.105,0.184,0.541,0.428,0.654
"TCGA_heldout",FALSE,"protein_coding","random",264,"TMEM43|ETV4|EVC2|SASH3",4,0.859,0.647,1.141,0.295,0.558,0.463,0.654
"TCGA_heldout",FALSE,"protein_coding","random",265,"ACAD10|DHPS|IL31RA|OR2AE1",4,0.796,0.574,1.104,0.172,0.543,0.449,0.636
"TCGA_heldout",FALSE,"protein_coding","random",266,"HUS1|CARMIL3|AC004076.1|C19orf57",4,0.788,0.564,1.1,0.161,0.573,0.469,0.678
"TCGA_heldout",FALSE,"protein_coding","random",267,"TMEM45B|CCSAP|H1-1|USP17L2",4,0.805,0.559,1.158,0.243,0.581,0.489,0.673
"TCGA_heldout",FALSE,"protein_coding","random",268,"PGBD1|AL139353.1|MFF|TENM4",4,0.967,0.686,1.363,0.847,0.514,0.398,0.629
"TCGA_heldout",FALSE,"protein_coding","random",269,"HSFY1|CRK|ATP5MGL|EMG1",4,1.092,0.792,1.506,0.592,0.507,0.419,0.595
"TCGA_heldout",FALSE,"protein_coding","random",270,"FSCN1|ZBED8|OR10AG1|SYNGAP1",4,1.118,0.851,1.47,0.423,0.571,0.458,0.683
"TCGA_heldout",FALSE,"protein_coding","random",271,"SEC24A|KCNK9|NMT2|SETSIP",4,0.94,0.721,1.226,0.648,0.519,0.403,0.634
"TCGA_heldout",FALSE,"protein_coding","random",272,"SERPINB3|ADRA2C|APOE|P3H1",4,1.434,1.02,2.015,0.0383,0.608,0.501,0.716
"TCGA_heldout",FALSE,"protein_coding","random",273,"FGF6|BLVRA|HSPB8|AP1M2",4,0.963,0.697,1.33,0.819,0.532,0.432,0.632
"TCGA_heldout",FALSE,"protein_coding","random",274,"TPST2|SRPRB|ADRA1D|G6PC3",4,1.217,0.899,1.648,0.204,0.578,0.471,0.684
"TCGA_heldout",FALSE,"protein_coding","random",275,"COLQ|H4C6|OR6C68|FAM86B1",4,0.992,0.712,1.381,0.961,0.447,0.348,0.547
"TCGA_heldout",FALSE,"protein_coding","random",276,"ZNF441|UNKL|AGBL3|ENTPD6",4,0.903,0.654,1.245,0.533,0.577,0.472,0.683
"TCGA_heldout",FALSE,"protein_coding","random",277,"FKRP|COX7B2|TUBA1C|PRKCE",4,0.995,0.725,1.366,0.975,0.516,0.411,0.622
"TCGA_heldout",FALSE,"protein_coding","random",278,"ZNF34|TRNAU1AP|DRP2|STAG1",4,1.017,0.752,1.375,0.913,0.527,0.414,0.639
"TCGA_heldout",FALSE,"protein_coding","random",279,"GALNT2|CYP27B1|GAGE12H|C8B",4,0.946,0.673,1.33,0.751,0.537,0.43,0.643
"TCGA_heldout",FALSE,"protein_coding","random",280,"U2AF1L5|HCK|SFTPC|GCC2",4,0.869,0.646,1.17,0.356,0.568,0.447,0.689
"TCGA_heldout",FALSE,"protein_coding","random",281,"LEXM|THG1L|ST14|TRIM23",4,1.124,0.834,1.513,0.442,0.519,0.416,0.623
"TCGA_heldout",FALSE,"protein_coding","random",282,"SPATA6L|SLC11A1|AP1M1|JAKMIP1",4,0.94,0.677,1.304,0.709,0.509,0.395,0.622
"TCGA_heldout",FALSE,"protein_coding","random",283,"XPO5|RRP9|ATP5F1B|PNPT1",4,1.126,0.823,1.54,0.46,0.569,0.464,0.674
"TCGA_heldout",FALSE,"protein_coding","random",284,"OR7C1|TRAM1L1|TMPRSS12|AC091167.6",4,0.934,0.688,1.268,0.66,0.534,0.43,0.637
"TCGA_heldout",FALSE,"protein_coding","random",285,"MAPK8IP2|FAM3D|RSPH4A|UFSP2",4,0.892,0.659,1.207,0.458,0.546,0.43,0.663
"TCGA_heldout",FALSE,"protein_coding","random",286,"OR5D18|EXOC6B|SNRPD2|BPIFB6",4,1.149,0.933,1.415,0.191,0.601,0.489,0.713
"TCGA_heldout",FALSE,"protein_coding","random",287,"FUCA2|TICAM2|VSIG1|ADORA1",4,1.345,0.978,1.849,0.0681,0.606,0.505,0.707
"TCGA_heldout",FALSE,"protein_coding","random",288,"CD79B|SCN5A|SCCPDH|LYVE1",4,1.194,0.844,1.691,0.316,0.531,0.424,0.639
"TCGA_heldout",FALSE,"protein_coding","random",289,"RHD|COQ2|AC010323.1|IMPDH2",4,0.849,0.642,1.124,0.253,0.571,0.48,0.661
"TCGA_heldout",FALSE,"protein_coding","random",290,"AC073610.2|OR2B6|CARD18|FAM174A",4,1.204,0.885,1.638,0.238,0.555,0.445,0.665
"TCGA_heldout",FALSE,"protein_coding","random",291,"KCNT2|LRP3|EXOC3L1|OR5K4",4,1.109,0.809,1.521,0.519,0.541,0.43,0.652
"TCGA_heldout",FALSE,"protein_coding","random",292,"MCAT|FOXD2|RIN3|URB2",4,1.303,0.974,1.743,0.0744,0.612,0.512,0.711
"TCGA_heldout",FALSE,"protein_coding","random",293,"PGM2L1|DOLPP1|ZFAND5|NEK10",4,1.218,0.862,1.722,0.263,0.571,0.467,0.675
"TCGA_heldout",FALSE,"protein_coding","random",294,"HLA-B|SYNE2|STARD9|CAMK2N1",4,1.087,0.787,1.503,0.612,0.521,0.411,0.631
"TCGA_heldout",FALSE,"protein_coding","random",295,"KLHL24|VPS37A|ITPR1|SPIN3",4,0.813,0.588,1.125,0.212,0.561,0.455,0.668
"TCGA_heldout",FALSE,"protein_coding","random",296,"CDKN1C|TNRC6B|CD226|TRIM37",4,1.165,0.855,1.587,0.333,0.539,0.448,0.63
"TCGA_heldout",FALSE,"protein_coding","random",297,"NEPRO|FAIM|MFSD4A|AIM2",4,0.745,0.525,1.056,0.0983,0.62,0.517,0.722
"TCGA_heldout",FALSE,"protein_coding","random",298,"DNAH17|CNOT7|GAS2L3|MORF4L1",4,1.071,0.782,1.465,0.67,0.529,0.442,0.617
"TCGA_heldout",FALSE,"protein_coding","random",299,"DRICH1|EIF3CL|RITA1|TEX29",4,0.851,0.623,1.163,0.312,0.552,0.44,0.664
"TCGA_heldout",FALSE,"protein_coding","random",300,"B3GNT6|AC001226.2|NIBAN3|LCMT2",4,1.019,0.746,1.392,0.904,0.515,0.409,0.621
"TCGA_heldout",FALSE,"protein_coding","random",301,"SRMS|POLR3K|ZNF503|CCDC179",4,0.919,0.677,1.249,0.59,0.54,0.43,0.65
"TCGA_heldout",FALSE,"protein_coding","random",302,"DDHD1|PSORS1C1|HS3ST1|RHEX",4,0.698,0.502,0.971,0.0327,0.637,0.53,0.744
"TCGA_heldout",FALSE,"protein_coding","random",303,"KLHL11|ARPC4|CDH12|ZBTB34",4,1.112,0.817,1.513,0.499,0.501,0.387,0.615
"TCGA_heldout",FALSE,"protein_coding","random",304,"PKNOX1|DNAH11|CEP170B|RNASET2",4,1.261,0.932,1.707,0.133,0.52,0.422,0.618
"TCGA_heldout",FALSE,"protein_coding","random",305,"IGF2BP3|WIPF2|INHA|CSK",4,1.327,0.955,1.845,0.0923,0.634,0.541,0.728
"TCGA_heldout",FALSE,"protein_coding","random",306,"CFAP91|PRSS12|CR2|KRTAP5-5",4,0.759,0.545,1.058,0.104,0.591,0.489,0.692
"TCGA_heldout",FALSE,"protein_coding","random",307,"SLC13A5|TNFRSF4|P2RY4|SORCS1",4,1.226,0.893,1.682,0.207,0.584,0.484,0.683
"TCGA_heldout",FALSE,"protein_coding","random",308,"USP16|PDZD4|TAF9B|CIZ1",4,1.014,0.754,1.364,0.927,0.499,0.399,0.6
"TCGA_heldout",FALSE,"protein_coding","random",309,"SCML1|FBXO38|RNF113A|APEX2",4,0.88,0.626,1.238,0.462,0.572,0.455,0.688
"TCGA_heldout",FALSE,"protein_coding","random",310,"OR4N2|GIT2|ALX1|TGFB2",4,1.211,0.901,1.627,0.205,0.572,0.478,0.667
"TCGA_heldout",FALSE,"protein_coding","random",311,"TMEM220|LPXN|MAGED2|N4BP2L1",4,0.914,0.663,1.262,0.586,0.552,0.436,0.667
"TCGA_heldout",FALSE,"protein_coding","random",312,"SERINC5|RPH3AL|AZU1|C8orf76",4,0.809,0.582,1.125,0.207,0.535,0.431,0.639
"TCGA_heldout",FALSE,"protein_coding","random",313,"PXMP4|OR52J3|IFFO2|GMPR",4,0.765,0.569,1.028,0.0758,0.588,0.487,0.689
"TCGA_heldout",FALSE,"protein_coding","random",314,"ATP1A4|EMX2|CRLF2|FAM71F1",4,0.825,0.604,1.127,0.227,0.568,0.47,0.666
"TCGA_heldout",FALSE,"protein_coding","random",315,"VPS4B|SPAG6|UQCRH|MOSPD3",4,1.224,0.879,1.704,0.232,0.566,0.466,0.665
"TCGA_heldout",FALSE,"protein_coding","random",316,"NHLRC3|SLC51A|CCNJL|ZNF710",4,0.791,0.571,1.094,0.156,0.542,0.428,0.657
"TCGA_heldout",FALSE,"protein_coding","random",317,"JMJD4|CFAP54|RHBDD3|VASH2",4,1.097,0.811,1.485,0.548,0.554,0.45,0.658
"TCGA_heldout",FALSE,"protein_coding","random",318,"PJVK|NUBP1|DEFB136|MMP19",4,0.806,0.6,1.082,0.151,0.586,0.487,0.685
"TCGA_heldout",FALSE,"protein_coding","random",319,"VPS54|C1QTNF6|NPHP4|GYG2",4,1.027,0.747,1.413,0.869,0.512,0.417,0.607
"TCGA_heldout",FALSE,"protein_coding","random",320,"RTRAF|INPP5A|STK39|HPDL",4,1.03,0.739,1.437,0.86,0.51,0.393,0.628
"TCGA_heldout",FALSE,"protein_coding","random",321,"PSMB5|NOS1|ZSCAN25|SULT6B1",4,1.102,0.795,1.527,0.562,0.497,0.381,0.614
"TCGA_heldout",FALSE,"protein_coding","random",322,"TMPRSS11E|NECAB1|TRMT112|SND1",4,1.58,1.11,2.248,0.0111,0.634,0.533,0.735
"TCGA_heldout",FALSE,"protein_coding","random",323,"NAPRT|RPS7|VPS13A|BBOF1",4,0.904,0.652,1.254,0.545,0.545,0.437,0.654
"TCGA_heldout",FALSE,"protein_coding","random",324,"NDST2|PTOV1|MAP4K3|GALNT1",4,1.027,0.757,1.394,0.862,0.497,0.401,0.594
"TCGA_heldout",FALSE,"protein_coding","random",325,"PSMC3|PELP1|SLC35D3|RNF207",4,1.043,0.763,1.426,0.792,0.561,0.457,0.665
"TCGA_heldout",FALSE,"protein_coding","random",326,"RPL27|EGR1|TMEM87A|SPDYC",4,0.986,0.694,1.401,0.937,0.48,0.386,0.574
"TCGA_heldout",FALSE,"protein_coding","random",327,"CACUL1|NOMO3|RASL11A|KRTAP4-16",4,0.924,0.641,1.333,0.674,0.538,0.424,0.651
"TCGA_heldout",FALSE,"protein_coding","random",328,"HDX|IL18|HCFC1R1|KIAA0319",4,1.201,0.867,1.664,0.27,0.532,0.419,0.645
"TCGA_heldout",FALSE,"protein_coding","random",329,"MYCL|MS4A1|OR4P4|PCMTD1",4,0.583,0.38,0.896,0.0138,0.611,0.488,0.733
"TCGA_heldout",FALSE,"protein_coding","random",330,"POLA1|PRH1|MPPED1|MYH7B",4,0.987,0.722,1.349,0.935,0.508,0.398,0.618
"TCGA_heldout",FALSE,"protein_coding","random",331,"H4C7|PRKAR1B|ALG1L|MIA3",4,1.751,1.283,2.39,0.000416,0.651,0.552,0.75
"TCGA_heldout",FALSE,"protein_coding","random",332,"PLK2|PHLDA2|FHIT|GOLGA8A",4,1.074,0.787,1.466,0.653,0.489,0.374,0.604
"TCGA_heldout",FALSE,"protein_coding","random",333,"ERICH4|CBLL1|CUL7|DNAJC16",4,0.996,0.711,1.394,0.981,0.537,0.427,0.646
"TCGA_heldout",FALSE,"protein_coding","random",334,"ACIN1|TRIM6|KREMEN1|A1CF",4,1.02,0.732,1.421,0.909,0.496,0.385,0.607
"TCGA_heldout",FALSE,"protein_coding","random",335,"KDM4C|BTNL2|GUCD1|RPS6KB1",4,0.901,0.644,1.26,0.543,0.514,0.412,0.616
"TCGA_heldout",FALSE,"protein_coding","random",336,"LHCGR|EFNB3|POLR1C|PRRC2C",4,0.993,0.712,1.385,0.967,0.518,0.411,0.625
"TCGA_heldout",FALSE,"protein_coding","random",337,"SEC24A|SPDYE3|TCIM|FAM131A",4,0.927,0.686,1.253,0.624,0.587,0.492,0.682
"TCGA_heldout",FALSE,"protein_coding","random",338,"CD160|TAOK2|IMMP2L|OR51B6",4,0.934,0.677,1.289,0.677,0.507,0.393,0.62
"TCGA_heldout",FALSE,"protein_coding","random",339,"PADI6|ZIC1|WFDC11|SLC19A3",4,1.057,0.769,1.454,0.731,0.507,0.395,0.619
"TCGA_heldout",FALSE,"protein_coding","random",340,"NT5DC2|AARSD1|DPF2|SLC1A2",4,0.869,0.633,1.194,0.386,0.523,0.409,0.637
"TCGA_heldout",FALSE,"protein_coding","random",341,"SLC5A11|VPS13B|MCEE|OR2G2",4,0.936,0.65,1.349,0.724,0.493,0.383,0.603
"TCGA_heldout",FALSE,"protein_coding","random",342,"C4BPA|SLC22A17|TAB1|TFPI2",4,0.859,0.634,1.164,0.328,0.558,0.451,0.666
"TCGA_heldout",FALSE,"protein_coding","random",343,"KCNK10|ERICH6B|AL160272.2|MTMR14",4,0.764,0.557,1.047,0.0936,0.562,0.452,0.672
"TCGA_heldout",FALSE,"protein_coding","random",344,"OR1N2|METTL23|ARPC5|ALOX5AP",4,0.943,0.684,1.301,0.722,0.52,0.429,0.61
"TCGA_heldout",FALSE,"protein_coding","random",345,"NAV1|PCDHGC5|COPS7B|BAALC",4,1.058,0.766,1.461,0.731,0.549,0.452,0.645
"TCGA_heldout",FALSE,"protein_coding","random",346,"SATL1|PKD1|C2CD4B|UQCRC2",4,1.11,0.837,1.471,0.468,0.571,0.475,0.666
"TCGA_heldout",FALSE,"protein_coding","random",347,"VIT|ECI2|BBS5|ZNF215",4,0.812,0.582,1.131,0.218,0.535,0.418,0.652
"TCGA_heldout",FALSE,"protein_coding","random",348,"MDK|PAPPA2|KRT80|ENOPH1",4,1.146,0.824,1.593,0.418,0.553,0.449,0.656
"TCGA_heldout",FALSE,"protein_coding","random",349,"APOLD1|MLLT11|AMY2B|GRHL2",4,0.923,0.68,1.252,0.606,0.493,0.397,0.589
"TCGA_heldout",FALSE,"protein_coding","random",350,"ERCC1|ABCA13|PCNA|NECTIN3",4,1.205,0.861,1.687,0.276,0.533,0.41,0.657
"TCGA_heldout",FALSE,"protein_coding","random",351,"GPR34|GUCA2B|COL19A1|THSD1",4,1.077,0.773,1.5,0.661,0.515,0.392,0.639
"TCGA_heldout",FALSE,"protein_coding","random",352,"SLC52A3|PITHD1|CXCR6|SPATA18",4,0.866,0.635,1.182,0.364,0.536,0.428,0.644
"TCGA_heldout",FALSE,"protein_coding","random",353,"STAP1|AC021072.1|OXSM|SELENOW",4,0.574,0.4,0.823,0.00253,0.645,0.548,0.742
"TCGA_heldout",FALSE,"protein_coding","random",354,"SNTB1|ANGPTL4|GIT1|SLC31A1",4,1.221,0.897,1.661,0.205,0.552,0.455,0.649
"TCGA_heldout",FALSE,"protein_coding","random",355,"ZNF474|KYAT1|AC138969.1|ARCN1",4,1.005,0.731,1.382,0.975,0.537,0.441,0.632
"TCGA_heldout",FALSE,"protein_coding","random",356,"H2BC5|ZNF397|ZNF586|FAM180B",4,0.99,0.745,1.315,0.945,0.557,0.469,0.645
"TCGA_heldout",FALSE,"protein_coding","random",357,"AC020915.4|CD200|KRCC1|XYLB",4,1.007,0.715,1.418,0.968,0.515,0.409,0.622
"TCGA_heldout",FALSE,"protein_coding","random",358,"CASD1|STRA8|ARHGAP6|ACTG1",4,1.252,0.898,1.745,0.185,0.504,0.388,0.619
"TCGA_heldout",FALSE,"protein_coding","random",359,"UBOX5|TOGARAM2|METTL9|B3GALNT1",4,0.94,0.663,1.333,0.73,0.479,0.365,0.592
"TCGA_heldout",FALSE,"protein_coding","random",360,"ABCA12|PIK3R3|GLO1|RPS8",4,1.002,0.723,1.387,0.993,0.466,0.356,0.577
"TCGA_heldout",FALSE,"protein_coding","random",361,"CRYZ|PRDM5|SIGLEC10|E2F1",4,0.928,0.691,1.248,0.621,0.526,0.421,0.632
"TCGA_heldout",FALSE,"protein_coding","random",362,"FGD6|H2AZ2|SERPINB2|RAP1B",4,1.229,0.888,1.701,0.213,0.512,0.4,0.624
"TCGA_heldout",FALSE,"protein_coding","random",363,"NR5A2|OR10J1|AKR7A3|TRIM24",4,0.811,0.59,1.115,0.197,0.579,0.482,0.676
"TCGA_heldout",FALSE,"protein_coding","random",364,"ENO3|DUSP3|ESAM|BMX",4,0.827,0.607,1.126,0.228,0.58,0.482,0.678
"TCGA_heldout",FALSE,"protein_coding","random",365,"C10orf105|CTIF|UBR1|ZNF597",4,0.99,0.715,1.37,0.949,0.535,0.422,0.648
"TCGA_heldout",FALSE,"protein_coding","random",366,"CASC3|PIK3IP1|KATNB1|TSPY3",4,0.856,0.631,1.162,0.318,0.58,0.483,0.678
"TCGA_heldout",FALSE,"protein_coding","random",367,"NFATC2|NANOGP8|ADM2|FAM98B",4,1.255,0.893,1.763,0.191,0.535,0.439,0.632
"TCGA_heldout",FALSE,"protein_coding","random",368,"PLEKHG7|TMEM221|CCDC87|FAM81B",4,0.898,0.667,1.21,0.481,0.491,0.381,0.6
"TCGA_heldout",FALSE,"protein_coding","random",369,"BRS3|IGFALS|CPM|AIP",4,0.863,0.608,1.224,0.409,0.534,0.421,0.647
"TCGA_heldout",FALSE,"protein_coding","random",370,"AC007375.2|OBSL1|KIAA1841|PRUNE2",4,0.981,0.707,1.362,0.908,0.448,0.352,0.545
"TCGA_heldout",FALSE,"protein_coding","random",371,"STRIP1|GNPNAT1|PRR14|SLC10A3",4,1.149,0.819,1.614,0.421,0.515,0.415,0.616
"TCGA_heldout",FALSE,"protein_coding","random",372,"SYT11|AHSA1|LRRC26|PCDHGA4",4,1.292,0.91,1.834,0.152,0.558,0.452,0.665
"TCGA_heldout",FALSE,"protein_coding","random",373,"PSG5|MNS1|SLC9A5|SLITRK2",4,1.269,0.932,1.729,0.13,0.601,0.511,0.691
"TCGA_heldout",FALSE,"protein_coding","random",374,"SLC2A6|SACS|ATG101|FKBP3",4,1.221,0.92,1.62,0.166,0.545,0.436,0.654
"TCGA_heldout",FALSE,"protein_coding","random",375,"SLC5A11|ARMCX3|IKZF4|CDC42BPG",4,0.751,0.544,1.036,0.0812,0.556,0.455,0.656
"TCGA_heldout",FALSE,"protein_coding","random",376,"CSGALNACT1|DCAF10|TMEM254|ALPK3",4,1.177,0.825,1.68,0.369,0.546,0.448,0.644
"TCGA_heldout",FALSE,"protein_coding","random",377,"BOLL|MGST1|PAPOLA|TGS1",4,1.035,0.753,1.422,0.831,0.496,0.394,0.599
"TCGA_heldout",FALSE,"protein_coding","random",378,"AMH|ABCB11|MKLN1|AC004593.2",4,1.193,0.899,1.583,0.222,0.564,0.468,0.66
"TCGA_heldout",FALSE,"protein_coding","random",379,"LDB1|C18orf21|PSMD1|COBL",4,1.331,0.977,1.813,0.07,0.595,0.483,0.706
"TCGA_heldout",FALSE,"protein_coding","random",380,"BOD1L1|MLANA|CRLS1|PHF14",4,1.26,0.914,1.737,0.158,0.541,0.431,0.651
"TCGA_heldout",FALSE,"protein_coding","random",381,"NFAM1|CSPG5|ZIC4|LPA",4,1.12,0.828,1.514,0.461,0.529,0.43,0.629
"TCGA_heldout",FALSE,"protein_coding","random",382,"C14orf132|DGCR8|TARBP2|KIAA0408",4,0.965,0.695,1.341,0.833,0.511,0.394,0.628
"TCGA_heldout",FALSE,"protein_coding","random",383,"NPTXR|PCDHGC5|KDM3A|SLC30A3",4,1.096,0.8,1.502,0.568,0.511,0.405,0.617
"TCGA_heldout",FALSE,"protein_coding","random",384,"ALDH1L2|ZEB1|ELOA2|LINS1",4,0.996,0.738,1.345,0.98,0.454,0.364,0.543
"TCGA_heldout",FALSE,"protein_coding","random",385,"CREB1|CD19|SERPINF1|ADAMTSL2",4,0.719,0.522,0.99,0.0433,0.617,0.518,0.716
"TCGA_heldout",FALSE,"protein_coding","random",386,"ZNF518B|NUB1|COX8C|ANKRD6",4,0.694,0.513,0.94,0.0181,0.611,0.513,0.709
"TCGA_heldout",FALSE,"protein_coding","random",387,"PRAMEF5|CAPRIN1|ANKS1A|PLEK2",4,1.281,0.988,1.661,0.0611,0.603,0.503,0.703
"TCGA_heldout",FALSE,"protein_coding","random",388,"PROSER1|STX11|TVP23B|NF1",4,1.023,0.737,1.418,0.893,0.495,0.382,0.608
"TCGA_heldout",FALSE,"protein_coding","random",389,"NOTCH2NLR|ANKRD60|CTNNBIP1|MMRN2",4,1.149,0.826,1.598,0.411,0.521,0.406,0.636
"TCGA_heldout",FALSE,"protein_coding","random",390,"AC009879.3|PCDHA10|RBM27|TBCE",4,0.902,0.659,1.234,0.518,0.526,0.426,0.626
"TCGA_heldout",FALSE,"protein_coding","random",391,"TMEM251|ISL1|OR6N2|KCNJ14",4,1.012,0.741,1.382,0.94,0.511,0.398,0.624
"TCGA_heldout",FALSE,"protein_coding","random",392,"PCNX1|ANKRD60|MT-ND2|HGD",4,0.982,0.705,1.367,0.912,0.485,0.378,0.592
"TCGA_heldout",FALSE,"protein_coding","random",393,"LINS1|MFSD6L|ARHGEF25|TBCB",4,0.68,0.469,0.987,0.0423,0.586,0.47,0.702
"TCGA_heldout",FALSE,"protein_coding","random",394,"CAPN8|OR2B6|AC233723.1|TRIP4",4,1.031,0.773,1.374,0.836,0.52,0.425,0.615
"TCGA_heldout",FALSE,"protein_coding","random",395,"LY6K|TMEM155|SP9|EBLN2",4,1.149,0.824,1.602,0.414,0.553,0.449,0.656
"TCGA_heldout",FALSE,"protein_coding","random",396,"ATAD3C|PUS7L|LEPROTL1|TNFRSF25",4,0.733,0.519,1.036,0.0786,0.592,0.482,0.703
"TCGA_heldout",FALSE,"protein_coding","random",397,"MAPK10|PGK2|SYCE1|FKBPL",4,1.032,0.753,1.415,0.845,0.522,0.423,0.621
"TCGA_heldout",FALSE,"protein_coding","random",398,"F7|SERPINA3|LIPM|RNF128",4,0.95,0.674,1.34,0.77,0.497,0.396,0.599
"TCGA_heldout",FALSE,"protein_coding","random",399,"ELOA3B|LRBA|LDHC|RBFOX1",4,0.908,0.626,1.318,0.613,0.508,0.4,0.616
"TCGA_heldout",FALSE,"protein_coding","random",400,"GRIN3A|CGB8|SDSL|ERCC1",4,1.548,1.158,2.069,0.00318,0.608,0.512,0.704
"TCGA_heldout",FALSE,"protein_coding","random",401,"ACAP1|GPR148|BCR|DIP2A",4,0.762,0.517,1.122,0.169,0.561,0.448,0.674
"TCGA_heldout",FALSE,"protein_coding","random",402,"NDUFB9|KIAA1522|SRMS|UBXN6",4,1.063,0.779,1.451,0.699,0.502,0.388,0.616
"TCGA_heldout",FALSE,"protein_coding","random",403,"CRISP1|LONRF2|HSD17B4|GCNA",4,0.789,0.55,1.132,0.199,0.566,0.458,0.674
"TCGA_heldout",FALSE,"protein_coding","random",404,"SPEM3|DIPK1C|ZNF626|IL1A",4,0.947,0.701,1.28,0.724,0.53,0.405,0.654
"TCGA_heldout",FALSE,"protein_coding","random",405,"UNC119|LSM1|TMEM262|RNF186",4,0.899,0.651,1.241,0.517,0.503,0.387,0.618
"TCGA_heldout",FALSE,"protein_coding","random",406,"CPN2|DCLK2|COMMD5|MRPL40",4,1.104,0.779,1.564,0.578,0.519,0.401,0.636
"TCGA_heldout",FALSE,"protein_coding","random",407,"CCDC144A|ANGPT2|RSKR|UBE2D2",4,0.997,0.746,1.334,0.986,0.509,0.411,0.608
"TCGA_heldout",FALSE,"protein_coding","random",408,"MTSS1|GPR55|PRKD2|FCN2",4,0.976,0.705,1.35,0.882,0.561,0.45,0.672
"TCGA_heldout",FALSE,"protein_coding","random",409,"LACRT|NALCN|SRRM4|M6PR",4,0.936,0.713,1.23,0.636,0.517,0.414,0.62
"TCGA_heldout",FALSE,"protein_coding","random",410,"LIN7A|CHM|ZNF469|PHF3",4,1.1,0.819,1.478,0.527,0.566,0.46,0.671
"TCGA_heldout",FALSE,"protein_coding","random",411,"PSMC2|F7|BAG4|FOXE1",4,1.026,0.737,1.428,0.879,0.55,0.449,0.651
"TCGA_heldout",FALSE,"protein_coding","random",412,"SPATA21|PJVK|FUCA2|ADGRG7",4,0.984,0.714,1.357,0.922,0.44,0.345,0.536
"TCGA_heldout",FALSE,"protein_coding","random",413,"C11orf65|CCDC184|SLC25A37|ZNF695",4,0.868,0.655,1.151,0.327,0.568,0.465,0.671
"TCGA_heldout",FALSE,"protein_coding","random",414,"OR10S1|SOX7|GPA33|PSMB8",4,1.298,0.958,1.76,0.0929,0.583,0.477,0.689
"TCGA_heldout",FALSE,"protein_coding","random",415,"AGO2|CLDN7|H3C7|RBBP5",4,0.924,0.675,1.264,0.619,0.549,0.451,0.647
"TCGA_heldout",FALSE,"protein_coding","random",416,"NOVA2|GRPEL1|MPZL2|ERV3-1",4,1.075,0.787,1.468,0.651,0.526,0.42,0.633
"TCGA_heldout",FALSE,"protein_coding","random",417,"G6PC|MOSPD3|RIIAD1|ARFIP2",4,0.906,0.648,1.267,0.565,0.524,0.419,0.63
"TCGA_heldout",FALSE,"protein_coding","random",418,"VRK1|RMDN3|HOMER3|IRS4",4,1.238,0.88,1.743,0.221,0.556,0.449,0.664
"TCGA_heldout",FALSE,"protein_coding","random",419,"RRM1|STAG3|EFHD1|ZNF626",4,0.909,0.664,1.244,0.552,0.563,0.47,0.656
"TCGA_heldout",FALSE,"protein_coding","random",420,"TRIM63|CD180|PCDHB9|LENEP",4,1.047,0.78,1.404,0.761,0.506,0.411,0.602
"TCGA_heldout",FALSE,"protein_coding","random",421,"TNFRSF13B|JPH2|HPX|VIPR1",4,0.864,0.621,1.203,0.387,0.518,0.412,0.624
"TCGA_heldout",FALSE,"protein_coding","random",422,"PRC1|GGPS1|MEX3C|FAM126A",4,1.574,1.135,2.184,0.00658,0.631,0.528,0.733
"TCGA_heldout",FALSE,"protein_coding","random",423,"OPA1|MROH7|RAB2A|TCP11X1",4,1.005,0.735,1.373,0.976,0.587,0.488,0.687
"TCGA_heldout",FALSE,"protein_coding","random",424,"PRM3|ELOA3C|PCNP|SLC38A10",4,0.925,0.649,1.318,0.667,0.492,0.377,0.607
"TCGA_heldout",FALSE,"protein_coding","random",425,"TMEM184B|GK|FREM3|TOMM40",4,1.305,0.954,1.786,0.0964,0.621,0.527,0.714
"TCGA_heldout",FALSE,"protein_coding","random",426,"SYNC|NSD3|CDK9|DTNA",4,1.57,1.12,2.201,0.00882,0.638,0.556,0.72
"TCGA_heldout",FALSE,"protein_coding","random",427,"ATP6AP1L|TOR1AIP2|EPHB4|ZSCAN25",4,1.078,0.762,1.526,0.672,0.504,0.401,0.607
"TCGA_heldout",FALSE,"protein_coding","random",428,"CSRNP3|SPATA9|TBC1D3I|PI4KA",4,1.041,0.758,1.429,0.804,0.482,0.374,0.591
"TCGA_heldout",FALSE,"protein_coding","random",429,"TBC1D25|CARF|DCAF4L1|SCGB3A2",4,0.891,0.651,1.219,0.47,0.53,0.423,0.637
"TCGA_heldout",FALSE,"protein_coding","random",430,"ENKUR|ZNF682|LUC7L2|ALOX15",4,0.744,0.543,1.02,0.066,0.543,0.439,0.646
"TCGA_heldout",FALSE,"protein_coding","random",431,"LOXL2|GPR179|GABRE|TMEM18",4,1.195,0.864,1.653,0.282,0.535,0.415,0.656
"TCGA_heldout",FALSE,"protein_coding","random",432,"CRIPT|NPSR1|CPEB2|DECR1",4,1.244,0.898,1.722,0.189,0.583,0.472,0.695
"TCGA_heldout",FALSE,"protein_coding","random",433,"BRD4|AFF2|NCBP2|CYB5B",4,1.131,0.859,1.488,0.381,0.618,0.517,0.718
"TCGA_heldout",FALSE,"protein_coding","random",434,"ATP5PF|DCAF12|KLHL36|SERPINI1",4,0.996,0.717,1.383,0.982,0.491,0.389,0.593
"TCGA_heldout",FALSE,"protein_coding","random",435,"MCHR1|NANOG|S100G|TGIF2",4,0.783,0.568,1.078,0.133,0.533,0.431,0.635
"TCGA_heldout",FALSE,"protein_coding","random",436,"BICDL1|ING5|CFC1B|NUDT14",4,0.879,0.636,1.214,0.434,0.575,0.474,0.676
"TCGA_heldout",FALSE,"protein_coding","random",437,"C17orf78|HNRNPF|WDPCP|GLB1L",4,0.944,0.705,1.264,0.698,0.512,0.404,0.619
"TCGA_heldout",FALSE,"protein_coding","random",438,"P3H1|BRF2|FGD3|MGAT3",4,1.078,0.772,1.505,0.659,0.556,0.455,0.658
"TCGA_heldout",FALSE,"protein_coding","random",439,"ROMO1|RWDD3|SIRT7|SCUBE1",4,0.904,0.663,1.232,0.523,0.515,0.402,0.627
"TCGA_heldout",FALSE,"protein_coding","random",440,"AGPAT5|MPPED1|PKLR|FBLN1",4,0.993,0.703,1.403,0.97,0.492,0.384,0.6
"TCGA_heldout",FALSE,"protein_coding","random",441,"DNPEP|RMDN3|HNRNPH3|RNF43",4,1.196,0.861,1.661,0.286,0.574,0.472,0.676
"TCGA_heldout",FALSE,"protein_coding","random",442,"SSTR5|CPLX1|FAM120AOS|DHCR7",4,1.103,0.837,1.452,0.488,0.568,0.464,0.672
"TCGA_heldout",FALSE,"protein_coding","random",443,"MRFAP1L1|IFNAR2|C1QTNF2|AADACL4",4,0.862,0.634,1.172,0.343,0.56,0.461,0.66
"TCGA_heldout",FALSE,"protein_coding","random",444,"AL354761.1|OTUD1|SYT1|OR4D5",4,0.914,0.651,1.283,0.603,0.503,0.398,0.607
"TCGA_heldout",FALSE,"protein_coding","random",445,"ARSG|ID1|CDK17|HTATIP2",4,1.448,1.036,2.022,0.03,0.603,0.511,0.695
"TCGA_heldout",FALSE,"protein_coding","random",446,"RSRP1|CLDN5|ZNF8|IL3RA",4,1.012,0.747,1.369,0.94,0.499,0.397,0.6
"TCGA_heldout",FALSE,"protein_coding","random",447,"EIF4B|SH3GL2|MINK1|FAM126B",4,1.008,0.741,1.37,0.962,0.48,0.37,0.589
"TCGA_heldout",FALSE,"protein_coding","random",448,"MTRNR2L10|SLC29A2|BARHL1|SEC63",4,0.896,0.663,1.211,0.474,0.446,0.346,0.547
"TCGA_heldout",FALSE,"protein_coding","random",449,"GAPDH|ZNF324B|ERF|BHMT2",4,1.464,1.037,2.068,0.0305,0.588,0.476,0.7
"TCGA_heldout",FALSE,"protein_coding","random",450,"EPB41L4A|OR10W1|AMMECR1|AC008687.8",4,0.866,0.606,1.238,0.431,0.473,0.37,0.576
"TCGA_heldout",FALSE,"protein_coding","random",451,"RAC2|CA5A|STRA8|IRF2BPL",4,0.739,0.53,1.03,0.0745,0.62,0.529,0.71
"TCGA_heldout",FALSE,"protein_coding","random",452,"GSG1L|EIF5A|MAN2B2|RDM1",4,1.005,0.745,1.355,0.975,0.517,0.404,0.629
"TCGA_heldout",FALSE,"protein_coding","random",453,"ZFYVE9|LIN7C|NUP85|ALDH3A2",4,0.755,0.538,1.061,0.106,0.54,0.436,0.645
"TCGA_heldout",FALSE,"protein_coding","random",454,"CTNNB1|TNNI3|EIF2AK4|ZSCAN5A",4,1.12,0.802,1.563,0.506,0.538,0.426,0.65
"TCGA_heldout",FALSE,"protein_coding","random",455,"ITGA9|ZNF34|ADAMTS18|MYO5B",4,0.883,0.665,1.17,0.385,0.565,0.465,0.664
"TCGA_heldout",FALSE,"protein_coding","random",456,"VPS4A|SRY|TBC1D3K|GPR137C",4,1.114,0.805,1.542,0.516,0.481,0.368,0.595
"TCGA_heldout",FALSE,"protein_coding","random",457,"TLR2|PRICKLE2|HSPA1B|PTK6",4,0.899,0.651,1.242,0.52,0.552,0.438,0.666
"TCGA_heldout",FALSE,"protein_coding","random",458,"BBIP1|CALM3|CHAD|FGFBP3",4,1.106,0.775,1.578,0.58,0.542,0.439,0.644
"TCGA_heldout",FALSE,"protein_coding","random",459,"BRD9|CDC34|RUNDC3B|OMD",4,0.901,0.626,1.298,0.576,0.496,0.384,0.608
"TCGA_heldout",FALSE,"protein_coding","random",460,"MOGAT3|CD3E|FAM120B|CNOT6",4,1.141,0.794,1.639,0.477,0.558,0.447,0.67
"TCGA_heldout",FALSE,"protein_coding","random",461,"PPP1R42|DBF4B|RHO|GPLD1",4,0.781,0.574,1.062,0.115,0.553,0.433,0.674
"TCGA_heldout",FALSE,"protein_coding","random",462,"PATL1|ZBTB38|HDAC9|BMT2",4,1.16,0.837,1.607,0.372,0.531,0.428,0.633
"TCGA_heldout",FALSE,"protein_coding","random",463,"UPF3B|DNER|SH3RF2|TBX22",4,1.26,0.909,1.748,0.165,0.624,0.529,0.718
"TCGA_heldout",FALSE,"protein_coding","random",464,"LIMS3|GPER1|FAM193A|ZNF438",4,1.127,0.817,1.556,0.466,0.533,0.426,0.639
"TCGA_heldout",FALSE,"protein_coding","random",465,"VCAM1|ZFX|RXFP3|OXR1",4,0.941,0.692,1.281,0.699,0.517,0.424,0.609
"TCGA_heldout",FALSE,"protein_coding","random",466,"PLA2G4C|KRT6C|KRTAP19-8|GNAI2",4,1.27,0.961,1.677,0.0926,0.566,0.452,0.681
"TCGA_heldout",FALSE,"protein_coding","random",467,"LRCH1|ALG12|KEAP1|LITAFD",4,1.207,0.896,1.626,0.217,0.569,0.467,0.672
"TCGA_heldout",FALSE,"protein_coding","random",468,"SMIM34B|NPEPL1|EDAR|IYD",4,0.84,0.604,1.168,0.3,0.512,0.393,0.631
"TCGA_heldout",FALSE,"protein_coding","random",469,"INTS12|CALM1|FLVCR1|CCDC173",4,0.887,0.637,1.235,0.477,0.552,0.441,0.662
"TCGA_heldout",FALSE,"protein_coding","random",470,"HOXA4|SOX6|PLSCR4|AACS",4,1.221,0.874,1.704,0.242,0.572,0.472,0.673
"TCGA_heldout",FALSE,"protein_coding","random",471,"HDLBP|AL117339.4|NANOS3|C4orf19",4,0.884,0.652,1.2,0.43,0.491,0.377,0.604
"TCGA_heldout",FALSE,"protein_coding","random",472,"KPTN|COL4A6|ELFN2|KRTAP21-2",4,1.155,0.876,1.523,0.307,0.545,0.433,0.658
"TCGA_heldout",FALSE,"protein_coding","random",473,"RPS25|GRIPAP1|CYP21A2|LCE2A",4,0.859,0.594,1.242,0.42,0.532,0.428,0.636
"TCGA_heldout",FALSE,"protein_coding","random",474,"HHIPL2|CCDC120|ZBTB20|SIAH1",4,1.221,0.911,1.635,0.181,0.557,0.452,0.662
"TCGA_heldout",FALSE,"protein_coding","random",475,"SGPP2|COPRS|STT3B|NPIPB12",4,1.009,0.731,1.393,0.955,0.486,0.377,0.595
"TCGA_heldout",FALSE,"protein_coding","random",476,"MAP3K3|CDK6|CDK13|IL36RN",4,1.042,0.756,1.438,0.8,0.466,0.355,0.576
"TCGA_heldout",FALSE,"protein_coding","random",477,"NUTM1|HIPK1|MT-CYB|QPRT",4,1.045,0.758,1.441,0.787,0.542,0.447,0.638
"TCGA_heldout",FALSE,"protein_coding","random",478,"SERINC2|TLX2|HSPA8|PHETA1",4,1.239,0.905,1.696,0.182,0.518,0.421,0.615
"TCGA_heldout",FALSE,"protein_coding","random",479,"PPIL3|IST1|OOSP1|TAS1R1",4,0.716,0.512,1.001,0.0505,0.621,0.519,0.723
"TCGA_heldout",FALSE,"protein_coding","random",480,"ZDHHC12|RPUSD3|HDAC8|ARHGAP6",4,1.469,1.073,2.013,0.0165,0.615,0.518,0.712
"TCGA_heldout",FALSE,"protein_coding","random",481,"MT-ND1|AC104452.1|ZNF26|ADGRL2",4,0.807,0.58,1.122,0.202,0.544,0.433,0.654
"TCGA_heldout",FALSE,"protein_coding","random",482,"GUCA1B|TOLLIP|AC093525.2|AARSD1",4,0.835,0.627,1.113,0.218,0.526,0.426,0.625
"TCGA_heldout",FALSE,"protein_coding","random",483,"PGAP2|PKP4|PICALM|CEP104",4,0.952,0.702,1.29,0.749,0.503,0.411,0.594
"TCGA_heldout",FALSE,"protein_coding","random",484,"MND1|IL17D|TMEM237|OR52N1",4,0.742,0.511,1.076,0.115,0.583,0.47,0.695
"TCGA_heldout",FALSE,"protein_coding","random",485,"PEX11B|RNF144B|PEX2|PTGES2",4,0.9,0.646,1.253,0.532,0.564,0.471,0.657
"TCGA_heldout",FALSE,"protein_coding","random",486,"RYR1|SETD7|ATXN10|TMEM159",4,0.908,0.67,1.23,0.532,0.583,0.484,0.681
"TCGA_heldout",FALSE,"protein_coding","random",487,"OR7C1|PIP4K2A|IL15RA|TMEM9",4,1.019,0.734,1.416,0.909,0.503,0.387,0.619
"TCGA_heldout",FALSE,"protein_coding","random",488,"CHCHD5|CLMN|C1GALT1|SALL1",4,1.313,0.98,1.758,0.0678,0.579,0.485,0.672
"TCGA_heldout",FALSE,"protein_coding","random",489,"TIMELESS|PKHD1L1|KIFC3|AC025165.6",4,0.977,0.707,1.351,0.89,0.499,0.38,0.619
"TCGA_heldout",FALSE,"protein_coding","random",490,"DENND5A|CMBL|ZFP90|SOX7",4,1,0.723,1.382,0.998,0.474,0.37,0.579
"TCGA_heldout",FALSE,"protein_coding","random",491,"ERH|FAM71C|PCYT2|FAM83F",4,0.982,0.718,1.342,0.907,0.467,0.361,0.573
"TCGA_heldout",FALSE,"protein_coding","random",492,"GBA2|AL845331.1|MRPS30|ACTRT2",4,0.876,0.624,1.231,0.446,0.52,0.4,0.639
"TCGA_heldout",FALSE,"protein_coding","random",493,"FCRLB|PCBD2|TTC38|DNA2",4,1.005,0.747,1.352,0.973,0.494,0.395,0.593
"TCGA_heldout",FALSE,"protein_coding","random",494,"OSTC|RNF20|SDHAF2|TMEM202",4,1.475,1.086,2.002,0.0128,0.613,0.515,0.712
"TCGA_heldout",FALSE,"protein_coding","random",495,"DDHD2|ZNF747|IL17REL|BCKDK",4,0.77,0.545,1.087,0.137,0.545,0.435,0.655
"TCGA_heldout",FALSE,"protein_coding","random",496,"LCOR|NLRP12|PLCXD2|SAMM50",4,1.321,0.941,1.854,0.108,0.584,0.496,0.672
"TCGA_heldout",FALSE,"protein_coding","random",497,"MRGPRX1|PROSER2|EVPL|FBXW8",4,1.063,0.758,1.491,0.723,0.518,0.415,0.62
"TCGA_heldout",FALSE,"protein_coding","random",498,"EDARADD|EIF3CL|CAPZB|LSM10",4,0.963,0.709,1.308,0.809,0.483,0.368,0.598
"TCGA_heldout",FALSE,"protein_coding","random",499,"ERMAP|GABRG3|GSTM2|P2RY1",4,0.946,0.684,1.309,0.739,0.531,0.409,0.652
"TCGA_heldout",FALSE,"protein_coding","random",500,"P4HA3|ATP2A3|TBCEL|SEC23B",4,1.051,0.758,1.457,0.767,0.493,0.396,0.591
"TCGA_heldout",FALSE,"protein_coding","random",501,"TST|FRY|C9orf152|CLDN16",4,1.067,0.776,1.469,0.689,0.525,0.415,0.635
"TCGA_heldout",FALSE,"protein_coding","random",502,"ADRB3|CTBP2|N4BP2L2|BPIFB2",4,1.006,0.754,1.342,0.97,0.508,0.409,0.606
"TCGA_heldout",FALSE,"protein_coding","random",503,"MEFV|BIRC7|SERTM1|FGF21",4,1.067,0.787,1.448,0.675,0.488,0.372,0.604
"TCGA_heldout",FALSE,"protein_coding","random",504,"GPR160|DMRTB1|GPT|AC105052.3",4,0.72,0.509,1.019,0.0637,0.615,0.51,0.72
"TCGA_heldout",FALSE,"protein_coding","random",505,"DEF8|GRK3|SSC4D|KNDC1",4,0.839,0.598,1.178,0.311,0.528,0.414,0.643
"TCGA_heldout",FALSE,"protein_coding","random",506,"KCNA4|TMSB15A|EMP2|MKI67",4,1.2,0.913,1.577,0.191,0.622,0.522,0.723
"TCGA_heldout",FALSE,"protein_coding","random",507,"ZNF484|SYT13|C19orf25|GTF2H2C",4,1.059,0.78,1.438,0.713,0.48,0.373,0.586
"TCGA_heldout",FALSE,"protein_coding","random",508,"APOLD1|ALDH3A1|CYB561|SORT1",4,1.02,0.752,1.383,0.9,0.528,0.414,0.642
"TCGA_heldout",FALSE,"protein_coding","random",509,"CIB2|ARMC6|SPSB1|KCNU1",4,1.043,0.755,1.441,0.796,0.542,0.436,0.647
"TCGA_heldout",FALSE,"protein_coding","random",510,"CRYAA2|RANGRF|GABPB2|RAP1GDS1",4,0.988,0.716,1.365,0.944,0.501,0.406,0.597
"TCGA_heldout",FALSE,"protein_coding","random",511,"MPEG1|ARF4|COG5|FHIT",4,1.027,0.705,1.496,0.889,0.532,0.407,0.658
"TCGA_heldout",FALSE,"protein_coding","random",512,"LHFPL5|KPRP|EMILIN1|AL160272.2",4,1.042,0.759,1.431,0.797,0.476,0.384,0.567
"TCGA_heldout",FALSE,"protein_coding","random",513,"PGLYRP2|COIL|CYTH1|FBXL19",4,1.049,0.759,1.451,0.772,0.502,0.383,0.621
"TCGA_heldout",FALSE,"protein_coding","random",514,"DDO|UGT2A3|ID2|RAD51AP1",4,1.037,0.729,1.476,0.839,0.474,0.368,0.58
"TCGA_heldout",FALSE,"protein_coding","random",515,"KRTAP13-1|OR4D1|CIB2|GOLGA6L4",4,0.962,0.704,1.313,0.805,0.514,0.412,0.617
"TCGA_heldout",FALSE,"protein_coding","random",516,"SGIP1|OOEP|TEX46|ADGRE5",4,0.856,0.6,1.222,0.391,0.556,0.444,0.668
"TCGA_heldout",FALSE,"protein_coding","random",517,"ACP2|ABCF3|SPANXN1|LMO1",4,1.217,0.909,1.629,0.187,0.577,0.478,0.675
"TCGA_heldout",FALSE,"protein_coding","random",518,"CACNG7|RHO|CRISP3|FGF2",4,1.188,0.879,1.604,0.262,0.563,0.454,0.672
"TCGA_heldout",FALSE,"protein_coding","random",519,"SLC17A7|APOL2|BBOF1|TFAP4",4,1.057,0.775,1.442,0.727,0.531,0.424,0.639
"TCGA_heldout",FALSE,"protein_coding","random",520,"TOM1L1|BBS2|KRTAP4-8|ENPP6",4,0.94,0.662,1.336,0.731,0.529,0.408,0.65
"TCGA_heldout",FALSE,"protein_coding","random",521,"STARD3NL|HLF|SLC35E2B|IL2RB",4,0.699,0.524,0.933,0.015,0.642,0.546,0.738
"TCGA_heldout",FALSE,"protein_coding","random",522,"MIEF1|PRR36|MICALL1|DNMBP",4,1.112,0.794,1.556,0.537,0.525,0.414,0.636
"TCGA_heldout",FALSE,"protein_coding","random",523,"SLN|BTBD11|MON2|DENND1A",4,1.458,1.008,2.109,0.045,0.609,0.505,0.713
"TCGA_heldout",FALSE,"protein_coding","random",524,"PNISR|KIAA1191|SIK1|CREM",4,0.9,0.66,1.227,0.506,0.549,0.441,0.657
"TCGA_heldout",FALSE,"protein_coding","random",525,"HAL|COX6A1|CLEC17A|CCDC168",4,0.827,0.589,1.16,0.271,0.548,0.437,0.659
"TCGA_heldout",FALSE,"protein_coding","random",526,"SLC22A12|USP54|TMEM199|VSIG4",4,0.8,0.578,1.107,0.178,0.577,0.478,0.676
"TCGA_heldout",FALSE,"protein_coding","random",527,"HK2|ATP2A3|CCDC69|TMEM104",4,1,0.735,1.361,1,0.468,0.362,0.574
"TCGA_heldout",FALSE,"protein_coding","random",528,"HPX|POP5|RCC1|ANKK1",4,0.961,0.709,1.304,0.799,0.491,0.377,0.606
"TCGA_heldout",FALSE,"protein_coding","random",529,"SEC11C|MPHOSPH10|GPRASP2|USP36",4,0.912,0.667,1.247,0.564,0.494,0.382,0.606
"TCGA_heldout",FALSE,"protein_coding","random",530,"ZBTB37|ZFP69B|CASKIN2|KRT83",4,1.014,0.718,1.432,0.939,0.512,0.405,0.618
"TCGA_heldout",FALSE,"protein_coding","random",531,"IFT140|DNASE1|KRTAP10-11|TRIM58",4,1.351,0.967,1.889,0.0781,0.586,0.475,0.697
"TCGA_heldout",FALSE,"protein_coding","random",532,"SALL2|ARSI|PSG11|NIPAL4",4,1.057,0.78,1.433,0.719,0.523,0.423,0.623
"TCGA_heldout",FALSE,"protein_coding","random",533,"BTN2A2|TRPM3|ADGRA1|SMIM30",4,1.032,0.759,1.403,0.842,0.52,0.426,0.615
"TCGA_heldout",FALSE,"protein_coding","random",534,"TMEM175|ARL14EPL|RPS6KA2|POU4F3",4,0.891,0.642,1.238,0.492,0.573,0.469,0.677
"TCGA_heldout",FALSE,"protein_coding","random",535,"H3C11|XK|ZNF530|GATA5",4,0.846,0.606,1.181,0.325,0.548,0.443,0.654
"TCGA_heldout",FALSE,"protein_coding","random",536,"C4orf45|C1orf100|SHOC1|AAMDC",4,1.061,0.794,1.416,0.69,0.491,0.398,0.583
"TCGA_heldout",FALSE,"protein_coding","random",537,"ODF3|ARPC4|SPACA3|NDUFAF2",4,1.473,1.041,2.083,0.0285,0.578,0.469,0.688
"TCGA_heldout",FALSE,"protein_coding","random",538,"TEKT4|POC1B-GALNT4|IL1F10|MAP6D1",4,0.73,0.537,0.992,0.0445,0.552,0.452,0.653
"TCGA_heldout",FALSE,"protein_coding","random",539,"NLRP14|AC008397.1|NET1|H3C10",4,1.158,0.843,1.591,0.364,0.528,0.434,0.623
"TCGA_heldout",FALSE,"protein_coding","random",540,"LSM6|FPR3|SOX7|BNIP1",4,1.149,0.815,1.62,0.429,0.529,0.431,0.628
"TCGA_heldout",FALSE,"protein_coding","random",541,"AL445524.2|LIN7C|GEM|TOLLIP",4,0.979,0.709,1.351,0.898,0.519,0.421,0.617
"TCGA_heldout",FALSE,"protein_coding","random",542,"DSP|ZNF12|SLC25A17|ZCCHC10",4,1.018,0.74,1.401,0.911,0.474,0.362,0.586
"TCGA_heldout",FALSE,"protein_coding","random",543,"MTRF1|NUP88|AC093227.2|H1-6",4,1.005,0.735,1.373,0.976,0.524,0.418,0.63
"TCGA_heldout",FALSE,"protein_coding","random",544,"SRGAP1|TP53TG3|TAFA4|RHBDF2",4,1.284,0.916,1.798,0.146,0.587,0.479,0.696
"TCGA_heldout",FALSE,"protein_coding","random",545,"OR51M1|PDE6D|MFSD5|AEN",4,1.179,0.86,1.616,0.308,0.534,0.432,0.635
"TCGA_heldout",FALSE,"protein_coding","random",546,"PRELID3A|GNAQ|ANKRD62|IBSP",4,1.286,0.934,1.77,0.124,0.578,0.481,0.676
"TCGA_heldout",FALSE,"protein_coding","random",547,"ENTPD5|ANK2|CTHRC1|TINCR",4,0.917,0.664,1.267,0.6,0.5,0.389,0.611
"TCGA_heldout",FALSE,"protein_coding","random",548,"CALHM6|COL4A5|TSEN34|SERTM1",4,1.422,1.026,1.97,0.0346,0.592,0.502,0.683
"TCGA_heldout",FALSE,"protein_coding","random",549,"ZSWIM1|CHRDL1|TPM4|PLIN3",4,1.298,0.928,1.818,0.128,0.541,0.437,0.645
"TCGA_heldout",FALSE,"protein_coding","random",550,"NISCH|GTF2E2|CRLS1|PRSS37",4,1.123,0.809,1.558,0.489,0.488,0.384,0.591
"TCGA_heldout",FALSE,"protein_coding","random",551,"DNAJC25|FAM166C|TNFRSF12A|ERBB4",4,1.005,0.732,1.381,0.975,0.481,0.377,0.585
"TCGA_heldout",FALSE,"protein_coding","random",552,"FAM171A2|JAGN1|PDE9A|ZNF716",4,0.937,0.692,1.27,0.677,0.536,0.425,0.646
"TCGA_heldout",FALSE,"protein_coding","random",553,"PES1|MOV10L1|DEFB131B|HSPB1",4,0.812,0.577,1.144,0.234,0.537,0.421,0.652
"TCGA_heldout",FALSE,"protein_coding","random",554,"ACKR2|CC2D2B|ERCC6L|CNTF",4,0.854,0.607,1.204,0.368,0.543,0.426,0.659
"TCGA_heldout",FALSE,"protein_coding","random",555,"CCL16|AC005551.1|PNMA8C|GOLGA8H",4,0.979,0.709,1.35,0.895,0.512,0.405,0.619
"TCGA_heldout",FALSE,"protein_coding","random",556,"NLRP4|BRAF|NIPA1|SNCB",4,0.978,0.72,1.329,0.888,0.485,0.388,0.583
"TCGA_heldout",FALSE,"protein_coding","random",557,"OR6C68|GIPC1|ANO2|PRPF4",4,0.985,0.691,1.404,0.933,0.499,0.404,0.595
"TCGA_heldout",FALSE,"protein_coding","random",558,"CCL16|FAM20B|RSPO3|TCN2",4,1.121,0.809,1.553,0.494,0.53,0.426,0.634
"TCGA_heldout",FALSE,"protein_coding","random",559,"NCBP2AS2|ELMOD3|OR4K17|SLX4IP",4,1.078,0.758,1.531,0.677,0.5,0.389,0.611
"TCGA_heldout",FALSE,"protein_coding","random",560,"PCP4L1|JAML|CABIN1|ZSCAN20",4,0.695,0.527,0.916,0.00976,0.653,0.551,0.754
"TCGA_heldout",FALSE,"protein_coding","random",561,"CSF1R|HHLA2|HTR1E|NSMCE4A",4,0.919,0.654,1.293,0.629,0.516,0.409,0.623
"TCGA_heldout",FALSE,"protein_coding","random",562,"NFKBIA|CCDC126|APLP1|PRIM1",4,0.943,0.703,1.265,0.696,0.58,0.482,0.677
"TCGA_heldout",FALSE,"protein_coding","random",563,"C5orf34|S1PR5|MPDZ|ZFP3",4,1.024,0.701,1.496,0.904,0.542,0.429,0.655
"TCGA_heldout",FALSE,"protein_coding","random",564,"ELK1|TTC31|USP14|IFI30",4,1.018,0.742,1.396,0.913,0.532,0.436,0.629
"TCGA_heldout",FALSE,"protein_coding","random",565,"SLC30A10|MSMB|GGTLC3|EPHB6",4,1.255,0.894,1.761,0.19,0.57,0.471,0.67
"TCGA_heldout",FALSE,"protein_coding","random",566,"DCAF17|CYTIP|KLF4|SPCS2",4,1.166,0.834,1.63,0.369,0.562,0.461,0.664
"TCGA_heldout",FALSE,"protein_coding","random",567,"MMP23B|DNAJB13|WFDC5|DNAJC2",4,1.276,0.904,1.802,0.166,0.567,0.46,0.673
"TCGA_heldout",FALSE,"protein_coding","random",568,"MTHFD2|DACH2|TIMM17A|HNRNPC",4,1.241,0.89,1.73,0.203,0.575,0.467,0.682
"TCGA_heldout",FALSE,"protein_coding","random",569,"ARMH2|TBRG1|TAS2R30|GABRA3",4,0.911,0.666,1.246,0.56,0.517,0.413,0.621
"TCGA_heldout",FALSE,"protein_coding","random",570,"FBRSL1|NSRP1|AC008878.1|SLC13A3",4,1.019,0.758,1.37,0.902,0.578,0.471,0.685
"TCGA_heldout",FALSE,"protein_coding","random",571,"ACKR4|OR10W1|LDHAL6A|ATP6V1G1",4,0.901,0.665,1.222,0.502,0.524,0.419,0.629
"TCGA_heldout",FALSE,"protein_coding","random",572,"AADAC|YARS1|TRDN|INTS9",4,1.055,0.779,1.429,0.728,0.553,0.459,0.648
"TCGA_heldout",FALSE,"protein_coding","random",573,"PPP1R12A|CDKN1B|AC013271.1|PBX1",4,1.208,0.917,1.591,0.178,0.588,0.497,0.678
"TCGA_heldout",FALSE,"protein_coding","random",574,"RNASEH2B|CCDC78|OIT3|SLITRK1",4,0.865,0.638,1.173,0.352,0.547,0.456,0.637
"TCGA_heldout",FALSE,"protein_coding","random",575,"AC009690.1|ASB4|PTPRK|GPR174",4,0.87,0.643,1.177,0.367,0.586,0.478,0.693
"TCGA_heldout",FALSE,"protein_coding","random",576,"CD3G|HLA-DMB|FKBP15|EIF3C",4,0.965,0.704,1.322,0.824,0.537,0.438,0.635
"TCGA_heldout",FALSE,"protein_coding","random",577,"RNF151|SLC35B1|RTCA|MED19",4,0.979,0.704,1.362,0.9,0.481,0.375,0.587
"TCGA_heldout",FALSE,"protein_coding","random",578,"SERTM2|KCNH8|ROGDI|SGCB",4,1.282,0.944,1.741,0.112,0.572,0.47,0.675
"TCGA_heldout",FALSE,"protein_coding","random",579,"AC090527.2|CDKN2B|PIAS3|SIRT1",4,1.037,0.741,1.451,0.831,0.513,0.41,0.617
"TCGA_heldout",FALSE,"protein_coding","random",580,"PHACTR3|MAT2A|HLF|OPA3",4,0.962,0.714,1.298,0.802,0.533,0.432,0.633
"TCGA_heldout",FALSE,"protein_coding","random",581,"C5orf49|H3C12|PLEKHH1|MPP2",4,0.993,0.734,1.343,0.963,0.468,0.375,0.562
"TCGA_heldout",FALSE,"protein_coding","random",582,"PODXL|C11orf80|COLGALT1|CEPT1",4,0.973,0.685,1.38,0.877,0.531,0.418,0.645
"TCGA_heldout",FALSE,"protein_coding","random",583,"DNAJB7|DCAF7|UNC93A|GNL3",4,0.803,0.57,1.131,0.209,0.532,0.422,0.642
"TCGA_heldout",FALSE,"protein_coding","random",584,"AC093512.2|ZC2HC1B|CXCR3|RLN3",4,0.816,0.585,1.137,0.229,0.583,0.485,0.681
"TCGA_heldout",FALSE,"protein_coding","random",585,"ZFYVE1|REP15|MIP|C3orf56",4,1.065,0.765,1.482,0.71,0.489,0.377,0.601
"TCGA_heldout",FALSE,"protein_coding","random",586,"EFHD1|EHBP1|SRF|MECP2",4,1.263,0.908,1.757,0.165,0.588,0.485,0.692
"TCGA_heldout",FALSE,"protein_coding","random",587,"TECRL|C16orf82|E2F3|TMEM64",4,0.968,0.728,1.287,0.823,0.514,0.404,0.624
"TCGA_heldout",FALSE,"protein_coding","random",588,"OR1J4|ADH6|LINC00634|VASH1",4,0.956,0.666,1.372,0.807,0.492,0.378,0.607
"TCGA_heldout",FALSE,"protein_coding","random",589,"CDV3|AKR1C2|WDR70|NT5E",4,1.391,0.978,1.977,0.066,0.603,0.496,0.71
"TCGA_heldout",FALSE,"protein_coding","random",590,"LOXL4|DEPTOR|BCL2|GALNT15",4,1.011,0.745,1.373,0.943,0.5,0.403,0.597
"TCGA_heldout",FALSE,"protein_coding","random",591,"KCNQ1|ARHGAP44|DDX56|PKD2",4,0.883,0.657,1.187,0.411,0.509,0.393,0.625
"TCGA_heldout",FALSE,"protein_coding","random",592,"TENM4|PRMT7|INKA1|EIF1",4,1.374,0.956,1.974,0.086,0.57,0.471,0.669
"TCGA_heldout",FALSE,"protein_coding","random",593,"M6PR|PKP3|FUT4|USP33",4,1.158,0.824,1.628,0.398,0.517,0.407,0.627
"TCGA_heldout",FALSE,"protein_coding","random",594,"ALDH8A1|ZNF90|HDGFL3|ZFP2",4,0.835,0.592,1.178,0.304,0.547,0.443,0.652
"TCGA_heldout",FALSE,"protein_coding","random",595,"EFEMP2|GPBAR1|BCAS1|PRAME",4,1.352,0.944,1.936,0.1,0.597,0.509,0.685
"TCGA_heldout",FALSE,"protein_coding","random",596,"SGPP2|CDK20|CROCC2|MYOM2",4,0.81,0.6,1.093,0.168,0.557,0.45,0.664
"TCGA_heldout",FALSE,"protein_coding","random",597,"CLEC3A|EPGN|LNPEP|LYL1",4,1.124,0.852,1.484,0.408,0.607,0.514,0.701
"TCGA_heldout",FALSE,"protein_coding","random",598,"DMBX1|ACVR2B|PTDSS2|ZNF112",4,0.915,0.673,1.244,0.57,0.528,0.421,0.636
"TCGA_heldout",FALSE,"protein_coding","random",599,"CAV1|KLHL20|RPL23|HSD17B13",4,1.316,0.956,1.812,0.0922,0.568,0.461,0.675
"TCGA_heldout",FALSE,"protein_coding","random",600,"C10orf62|PDE6H|RBBP5|HDGFL2",4,0.972,0.684,1.381,0.873,0.537,0.414,0.659
"TCGA_heldout",FALSE,"protein_coding","random",601,"DYNC2LI1|ZNF547|CUTC|OR52A1",4,0.928,0.68,1.268,0.64,0.478,0.373,0.583
"TCGA_heldout",FALSE,"protein_coding","random",602,"KCNJ11|RILP|TMEM198|FPR3",4,0.84,0.607,1.164,0.296,0.551,0.449,0.653
"TCGA_heldout",FALSE,"protein_coding","random",603,"SRGAP3|ADIPOR2|DMRT3|DYNC1H1",4,1.368,1.008,1.857,0.0444,0.618,0.521,0.716
"TCGA_heldout",FALSE,"protein_coding","random",604,"ZNF221|ARRB1|SMARCD1|MRGPRX3",4,0.997,0.713,1.394,0.984,0.483,0.376,0.591
"TCGA_heldout",FALSE,"protein_coding","random",605,"LAS1L|TMEM196|IFIT5|KLC1",4,1.11,0.795,1.55,0.541,0.499,0.388,0.61
"TCGA_heldout",FALSE,"protein_coding","random",606,"VGLL3|NANOS1|ZBTB18|LRRC37A3",4,0.933,0.689,1.263,0.652,0.545,0.444,0.647
"TCGA_heldout",FALSE,"protein_coding","random",607,"AP2A1|PTGS1|TRIM62|AC092718.3",4,1.249,0.874,1.784,0.222,0.562,0.47,0.655
"TCGA_heldout",FALSE,"protein_coding","random",608,"ATP6V1C1|ADGRD2|ARSG|TOPBP1",4,0.923,0.664,1.282,0.632,0.496,0.393,0.6
"TCGA_heldout",FALSE,"protein_coding","random",609,"KIF5B|MAP3K19|OR2G6|F2R",4,1.062,0.756,1.491,0.731,0.548,0.433,0.663
"TCGA_heldout",FALSE,"protein_coding","random",610,"SIRT2|PNO1|GPLD1|KLHDC9",4,0.627,0.427,0.921,0.0172,0.602,0.484,0.719
"TCGA_heldout",FALSE,"protein_coding","random",611,"WNT8B|MED10|AMN|GSE1",4,0.922,0.662,1.282,0.628,0.504,0.394,0.614
"TCGA_heldout",FALSE,"protein_coding","random",612,"JUP|FAM216B|RBPJL|FANK1",4,1.084,0.791,1.485,0.616,0.548,0.446,0.65
"TCGA_heldout",FALSE,"protein_coding","random",613,"SMNDC1|TMBIM6|CHRNA7|RHBDD3",4,1.365,1.034,1.802,0.0283,0.621,0.528,0.713
"TCGA_heldout",FALSE,"protein_coding","random",614,"PLEKHG7|SAA2|COQ5|GPR87",4,1.044,0.773,1.41,0.78,0.526,0.426,0.626
"TCGA_heldout",FALSE,"protein_coding","random",615,"C8orf44-SGK3|MON1B|AIMP2|KIAA1191",4,0.833,0.604,1.148,0.264,0.543,0.455,0.632
"TCGA_heldout",FALSE,"protein_coding","random",616,"NBR1|PGGHG|IL21R|ZNF511",4,0.88,0.623,1.244,0.469,0.51,0.388,0.631
"TCGA_heldout",FALSE,"protein_coding","random",617,"GFPT2|ADGRB1|HACD3|BORCS6",4,1.204,0.89,1.628,0.228,0.58,0.469,0.692
"TCGA_heldout",FALSE,"protein_coding","random",618,"GCC1|TGM3|HTRA3|C11orf86",4,1.398,1.054,1.854,0.0201,0.629,0.53,0.728
"TCGA_heldout",FALSE,"protein_coding","random",619,"APEX2|DCXR|NTMT1|COL9A2",4,0.986,0.737,1.319,0.925,0.501,0.411,0.591
"TCGA_heldout",FALSE,"protein_coding","random",620,"NKX2-1|C7orf57|BRCA2|PIGP",4,0.737,0.563,0.963,0.0256,0.58,0.476,0.683
"TCGA_heldout",FALSE,"protein_coding","random",621,"CD1A|SLC38A7|CAPN3|FAM124A",4,1.131,0.836,1.531,0.425,0.529,0.439,0.618
"TCGA_heldout",FALSE,"protein_coding","random",622,"CLHC1|TRAF6|LEPROTL1|DERL1",4,0.809,0.575,1.138,0.223,0.583,0.474,0.691
"TCGA_heldout",FALSE,"protein_coding","random",623,"ANP32D|NACA2|CLIC4|PCTP",4,0.855,0.607,1.204,0.37,0.506,0.398,0.614
"TCGA_heldout",FALSE,"protein_coding","random",624,"TRIM65|LIPM|CHRNA10|PHC1",4,0.774,0.541,1.106,0.16,0.58,0.467,0.692
"TCGA_heldout",FALSE,"protein_coding","random",625,"RPL39|RAMAC|RNF165|AP000311.1",4,1.096,0.812,1.479,0.548,0.523,0.412,0.634
"TCGA_heldout",FALSE,"protein_coding","random",626,"GOSR1|AL445238.1|GNG4|SPACA4",4,1.018,0.732,1.415,0.918,0.533,0.435,0.63
"TCGA_heldout",FALSE,"protein_coding","random",627,"DCDC1|MKRN2|PIK3R5|YWHAH",4,1.229,0.899,1.681,0.196,0.564,0.466,0.663
"TCGA_heldout",FALSE,"protein_coding","random",628,"SPRR4|RBPJ|EXO5|CMC2",4,1.061,0.748,1.505,0.741,0.488,0.379,0.596
"TCGA_heldout",FALSE,"protein_coding","random",629,"RPS7|PIP5K1C|ASB5|ZNF613",4,1.312,0.953,1.807,0.096,0.559,0.463,0.656
"TCGA_heldout",FALSE,"protein_coding","random",630,"ZNF688|MAK|PCDHGB5|COQ9",4,0.943,0.699,1.273,0.702,0.495,0.393,0.596
"TCGA_heldout",FALSE,"protein_coding","random",631,"MDM4|OLFML2B|TMEM237|ADRB1",4,1,0.735,1.36,0.999,0.481,0.375,0.587
"TCGA_heldout",FALSE,"protein_coding","random",632,"NADK2|DHCR24|ZNF454|FRMD5",4,0.778,0.554,1.094,0.149,0.538,0.439,0.637
"TCGA_heldout",FALSE,"protein_coding","random",633,"MRPS24|ZDHHC15|NIPSNAP1|MXRA7",4,0.852,0.621,1.168,0.32,0.55,0.433,0.666
"TCGA_heldout",FALSE,"protein_coding","random",634,"WSB2|CCNB3|DIPK2B|CTF1",4,1.343,0.979,1.842,0.0675,0.564,0.451,0.676
"TCGA_heldout",FALSE,"protein_coding","random",635,"CHMP2B|LMBR1|ZFP36L2|ICOSLG",4,1.182,0.852,1.641,0.317,0.558,0.442,0.673
"TCGA_heldout",FALSE,"protein_coding","random",636,"OR6X1|AC010542.3|TLX3|RTTN",4,1.074,0.778,1.484,0.663,0.516,0.41,0.622
"TCGA_heldout",FALSE,"protein_coding","random",637,"RGL4|MTMR9|ZNF236|SYNPO2L",4,0.869,0.638,1.184,0.374,0.574,0.478,0.669
"TCGA_heldout",FALSE,"protein_coding","random",638,"HSDL1|ZC3H7B|WBP1|RBMXL3",4,0.744,0.532,1.042,0.0852,0.625,0.527,0.722
"TCGA_heldout",FALSE,"protein_coding","random",639,"DDX43|GALNT9|CSK|OR8B2",4,0.954,0.695,1.309,0.771,0.501,0.393,0.609
"TCGA_heldout",FALSE,"protein_coding","random",640,"DPF3|SCN8A|OCIAD2|AMY1A",4,0.982,0.698,1.382,0.917,0.504,0.419,0.59
"TCGA_heldout",FALSE,"protein_coding","random",641,"CBWD6|ZNF16|PEDS1|MRE11",4,0.747,0.529,1.054,0.097,0.549,0.434,0.665
"TCGA_heldout",FALSE,"protein_coding","random",642,"ABHD16A|SLC18A3|ETV1|PSME2",4,0.993,0.711,1.389,0.969,0.546,0.446,0.647
"TCGA_heldout",FALSE,"protein_coding","random",643,"LRRC3|CRYZL1|GTF2H4|PCIF1",4,0.809,0.594,1.103,0.18,0.591,0.481,0.7
"TCGA_heldout",FALSE,"protein_coding","random",644,"OR6P1|CD244|EMILIN1|ISLR",4,1.1,0.791,1.529,0.572,0.531,0.424,0.638
"TCGA_heldout",FALSE,"protein_coding","random",645,"CAPNS1|CALY|FGF2|SCUBE1",4,1.493,1.065,2.093,0.0199,0.621,0.514,0.729
"TCGA_heldout",FALSE,"protein_coding","random",646,"TAGAP|TMEM176B|SOX10|ASPA",4,0.75,0.533,1.055,0.0986,0.576,0.462,0.69
"TCGA_heldout",FALSE,"protein_coding","random",647,"RNASEH2C|RCOR2|PLAC8|AC013394.1",4,0.787,0.559,1.106,0.168,0.531,0.424,0.638
"TCGA_heldout",FALSE,"protein_coding","random",648,"GPM6B|KRTCAP2|METTL15|TRMT2A",4,0.784,0.581,1.058,0.111,0.567,0.468,0.667
"TCGA_heldout",FALSE,"protein_coding","random",649,"ZFYVE21|ETF1|PIGM|OR2L3",4,1.035,0.744,1.44,0.838,0.447,0.35,0.545
"TCGA_heldout",FALSE,"protein_coding","random",650,"FOXL1|RPL21|LGALS7|SART3",4,1.124,0.812,1.556,0.48,0.523,0.422,0.625
"TCGA_heldout",FALSE,"protein_coding","random",651,"PATE2|CDIN1|ANO2|ZFP30",4,1.079,0.802,1.453,0.616,0.553,0.461,0.644
"TCGA_heldout",FALSE,"protein_coding","random",652,"RETNLB|ZNF740|NKX2-1|DDX55",4,0.728,0.521,1.017,0.0628,0.532,0.426,0.638
"TCGA_heldout",FALSE,"protein_coding","random",653,"DEPDC5|MAPK11|MOSPD1|CNOT1",4,0.827,0.579,1.181,0.296,0.534,0.422,0.647
"TCGA_heldout",FALSE,"protein_coding","random",654,"RHEBL1|SLCO4C1|NCF2|LAIR2",4,0.867,0.645,1.164,0.341,0.602,0.515,0.689
"TCGA_heldout",FALSE,"protein_coding","random",655,"PCDHA2|MINDY4B|ZNF316|TMEM256",4,1.05,0.764,1.444,0.763,0.485,0.391,0.578
"TCGA_heldout",FALSE,"protein_coding","random",656,"OGT|CYP1A2|TSPY1|ABCA12",4,0.765,0.553,1.057,0.105,0.607,0.496,0.718
"TCGA_heldout",FALSE,"protein_coding","random",657,"RTN1|NUDC|PALM|IQCK",4,1.238,0.895,1.715,0.197,0.573,0.483,0.664
"TCGA_heldout",FALSE,"protein_coding","random",658,"MOV10|AC235565.2|THSD1|NADK2",4,1.058,0.82,1.363,0.666,0.572,0.48,0.664
"TCGA_heldout",FALSE,"protein_coding","random",659,"NFU1|TBCCD1|NSUN3|ITGA1",4,1.036,0.765,1.403,0.82,0.518,0.415,0.62
"TCGA_heldout",FALSE,"protein_coding","random",660,"AMY1B|KRTAP4-1|EEA1|KRT34",4,1.148,0.792,1.666,0.466,0.508,0.392,0.624
"TCGA_heldout",FALSE,"protein_coding","random",661,"RALB|NUP58|SAMHD1|PGLYRP4",4,1.073,0.789,1.459,0.655,0.522,0.421,0.622
"TCGA_heldout",FALSE,"protein_coding","random",662,"ZNF354C|PLAAT5|STAT4|C8orf44-SGK3",4,0.752,0.549,1.03,0.0759,0.566,0.469,0.662
"TCGA_heldout",FALSE,"protein_coding","random",663,"CHRNA4|DDX1|SPATA1|PLEKHS1",4,0.942,0.667,1.33,0.735,0.503,0.399,0.606
"TCGA_heldout",FALSE,"protein_coding","random",664,"SPINDOC|TFEC|WDR4|CACNG7",4,1.102,0.806,1.507,0.541,0.543,0.444,0.642
"TCGA_heldout",FALSE,"protein_coding","random",665,"SETD1A|ZCCHC24|LDHA|HMBOX1",4,1.364,0.958,1.944,0.0854,0.582,0.474,0.69
"TCGA_heldout",FALSE,"protein_coding","random",666,"BICD1|NDUFA10|ATF7IP2|EP400",4,0.945,0.7,1.275,0.711,0.477,0.371,0.584
"TCGA_heldout",FALSE,"protein_coding","random",667,"TP53INP2|DHRS11|RAVER1|SELP",4,1.25,0.874,1.788,0.222,0.57,0.476,0.663
"TCGA_heldout",FALSE,"protein_coding","random",668,"SSMEM1|MCM2|ZNF211|AVPR2",4,0.93,0.672,1.286,0.66,0.52,0.406,0.635
"TCGA_heldout",FALSE,"protein_coding","random",669,"VAMP5|LCE3A|NLRP9|IL4I1",4,0.967,0.698,1.338,0.839,0.538,0.425,0.65
"TCGA_heldout",FALSE,"protein_coding","random",670,"FNIP1|SERPINB5|TES|CCR8",4,1.194,0.881,1.619,0.253,0.561,0.456,0.666
"TCGA_heldout",FALSE,"protein_coding","random",671,"CHRNA4|WDR1|FOXO6|SLFNL1",4,0.882,0.612,1.271,0.5,0.538,0.415,0.661
"TCGA_heldout",FALSE,"protein_coding","random",672,"NCAPD3|AC087632.2|LIN7C|MKKS",4,1.039,0.769,1.402,0.804,0.536,0.446,0.626
"TCGA_heldout",FALSE,"protein_coding","random",673,"NSDHL|RS1|PSMB6|ZBTB39",4,1.111,0.833,1.481,0.473,0.532,0.432,0.632
"TCGA_heldout",FALSE,"protein_coding","random",674,"TMEM39A|SOHLH1|LTBR|OTUD1",4,1.156,0.813,1.644,0.42,0.547,0.44,0.653
"TCGA_heldout",FALSE,"protein_coding","random",675,"NR3C1|DEPTOR|MIF|MTG1",4,1.57,1.14,2.162,0.00575,0.651,0.555,0.747
"TCGA_heldout",FALSE,"protein_coding","random",676,"MRGBP|MNAT1|ALKBH1|H2AC20",4,0.853,0.611,1.192,0.353,0.58,0.467,0.692
"TCGA_heldout",FALSE,"protein_coding","random",677,"HCST|KIAA2013|GK3P|TMPRSS7",4,0.963,0.681,1.362,0.831,0.528,0.419,0.637
"TCGA_heldout",FALSE,"protein_coding","random",678,"SNRNP48|ST3GAL3|ACTR8|RABEP1",4,0.93,0.674,1.282,0.657,0.507,0.4,0.613
"TCGA_heldout",FALSE,"protein_coding","random",679,"MBD5|SCGB2B2|PTPRS|ELP6",4,1.02,0.75,1.387,0.898,0.479,0.36,0.599
"TCGA_heldout",FALSE,"protein_coding","random",680,"CCR10|C2orf68|BAMBI|MOB4",4,0.989,0.718,1.362,0.946,0.526,0.426,0.626
"TCGA_heldout",FALSE,"protein_coding","random",681,"SNTB1|PSORS1C1|STK25|IL36G",4,1.04,0.748,1.447,0.814,0.522,0.41,0.633
"TCGA_heldout",FALSE,"protein_coding","random",682,"FAM171A2|KLHL36|RAB3B|SLC22A2",4,1.088,0.808,1.465,0.58,0.551,0.461,0.642
"TCGA_heldout",FALSE,"protein_coding","random",683,"PHLPP2|DGKD|SEL1L2|MAP2K3",4,1.029,0.749,1.411,0.862,0.504,0.405,0.603
"TCGA_heldout",FALSE,"protein_coding","random",684,"LARP4B|NAA40|RANBP3|POLL",4,0.934,0.699,1.248,0.644,0.494,0.385,0.603
"TCGA_heldout",FALSE,"protein_coding","random",685,"DOCK1|GPC1|SERPINB5|RTP2",4,2.083,1.46,2.971,5.14e-05,0.735,0.659,0.811
"TCGA_heldout",FALSE,"protein_coding","random",686,"GUCY1B1|GC|CDAN1|MAPKAP1",4,1.3,0.948,1.783,0.104,0.537,0.434,0.64
"TCGA_heldout",FALSE,"protein_coding","random",687,"FLAD1|CHRM3|EVI2B|SNAP47",4,1.021,0.745,1.4,0.896,0.502,0.401,0.604
"TCGA_heldout",FALSE,"protein_coding","random",688,"PRPF38A|PARN|NCEH1|CYSTM1",4,1.087,0.784,1.507,0.617,0.546,0.436,0.656
"TCGA_heldout",FALSE,"protein_coding","random",689,"FNTA|RGPD4|STAM2|THOC5",4,0.884,0.653,1.196,0.424,0.534,0.443,0.625
"TCGA_heldout",FALSE,"protein_coding","random",690,"QPRT|ONECUT3|ARID1A|SH2D1B",4,1.297,0.963,1.748,0.0874,0.607,0.511,0.704
"TCGA_heldout",FALSE,"protein_coding","random",691,"PDK4|DEFB126|GNB1L|GATM",4,0.903,0.651,1.251,0.538,0.538,0.425,0.652
"TCGA_heldout",FALSE,"protein_coding","random",692,"UBQLN3|ZNF587B|SLC35A2|RHOXF1",4,0.899,0.638,1.267,0.543,0.526,0.427,0.625
"TCGA_heldout",FALSE,"protein_coding","random",693,"LYN|AC005833.1|ADGRG2|MLANA",4,1.018,0.743,1.394,0.911,0.534,0.418,0.65
"TCGA_heldout",FALSE,"protein_coding","random",694,"ESAM|CHCHD6|KCTD2|FKBP2",4,1.122,0.799,1.575,0.506,0.513,0.417,0.61
"TCGA_heldout",FALSE,"protein_coding","random",695,"CD8B2|KERA|TRIM10|OR52B6",4,0.987,0.742,1.312,0.927,0.467,0.371,0.563
"TCGA_heldout",FALSE,"protein_coding","random",696,"ATP5F1C|SH3GL1|MRGPRD|AGBL1",4,1.31,0.947,1.812,0.103,0.599,0.51,0.688
"TCGA_heldout",FALSE,"protein_coding","random",697,"SLC6A4|TMEM47|ANKRD34B|PTTG1",4,1.027,0.751,1.405,0.867,0.539,0.434,0.645
"TCGA_heldout",FALSE,"protein_coding","random",698,"LCE3E|TPBGL|UBTD2|USP6",4,1.17,0.871,1.573,0.297,0.526,0.42,0.632
"TCGA_heldout",FALSE,"protein_coding","random",699,"C9orf50|IL1R2|GDF2|CLCN2",4,1.046,0.768,1.423,0.777,0.485,0.383,0.588
"TCGA_heldout",FALSE,"protein_coding","random",700,"RNF103-CHMP3|ATP10B|POP7|NT5C1B",4,0.928,0.655,1.316,0.676,0.531,0.432,0.63
"TCGA_heldout",FALSE,"protein_coding","random",701,"RTKN2|DEPDC5|TWSG1|DUSP8",4,0.885,0.641,1.221,0.456,0.528,0.435,0.621
"TCGA_heldout",FALSE,"protein_coding","random",702,"CAPZB|RFC5|ERICH1|DNAH5",4,0.983,0.717,1.347,0.913,0.493,0.373,0.613
"TCGA_heldout",FALSE,"protein_coding","random",703,"EPB41L3|HYAL2|TMOD2|RASGRP2",4,0.97,0.711,1.325,0.85,0.535,0.431,0.639
"TCGA_heldout",FALSE,"protein_coding","random",704,"DYNLRB1|LGALS12|ANKRD9|IFI35",4,1.214,0.888,1.659,0.224,0.535,0.425,0.645
"TCGA_heldout",FALSE,"protein_coding","random",705,"PCNA|IFNA4|YKT6|PLA2R1",4,1.413,1.001,1.995,0.0496,0.597,0.499,0.696
"TCGA_heldout",FALSE,"protein_coding","random",706,"USH2A|ZDHHC7|ALKAL2|TMEM31",4,0.911,0.638,1.301,0.607,0.505,0.385,0.625
"TCGA_heldout",FALSE,"protein_coding","random",707,"ANAPC2|MTRF1|DERL2|ZDHHC11",4,0.924,0.671,1.271,0.627,0.507,0.406,0.608
"TCGA_heldout",FALSE,"protein_coding","random",708,"C12orf29|FAM110B|HYAL4|BCAS1",4,1.123,0.81,1.555,0.487,0.572,0.484,0.661
"TCGA_heldout",FALSE,"protein_coding","random",709,"SLC39A2|SP5|YDJC|ARPC1A",4,1.28,0.937,1.749,0.12,0.577,0.472,0.682
"TCGA_heldout",FALSE,"protein_coding","random",710,"TRPC4AP|GNB1L|SVIL|JAM2",4,1.414,0.999,2.001,0.0505,0.577,0.475,0.678
"TCGA_heldout",FALSE,"protein_coding","random",711,"SLC38A3|BTBD2|MAB21L4|SIRPG",4,0.848,0.651,1.104,0.221,0.561,0.459,0.663
"TCGA_heldout",FALSE,"protein_coding","random",712,"FASTKD5|HNRNPH3|PRKACG|ST8SIA2",4,1.167,0.879,1.549,0.286,0.564,0.457,0.672
"TCGA_heldout",FALSE,"protein_coding","random",713,"GPN3|NWD2|ZNF160|PCYOX1L",4,0.918,0.645,1.307,0.635,0.549,0.43,0.668
"TCGA_heldout",FALSE,"protein_coding","random",714,"RPS4Y1|BPIFA3|KRTAP20-4|OR4S1",4,1.125,0.802,1.578,0.497,0.504,0.393,0.615
"TCGA_heldout",FALSE,"protein_coding","random",715,"ACHE|MRPL37|INTS2|TUBA1B",4,1.024,0.748,1.401,0.884,0.523,0.42,0.626
"TCGA_heldout",FALSE,"protein_coding","random",716,"STX16-NPEPL1|DUOX1|F13B|GRIA2",4,0.747,0.548,1.019,0.0656,0.61,0.504,0.715
"TCGA_heldout",FALSE,"protein_coding","random",717,"GGT7|COPRS|BTNL8|KIF18A",4,1.251,0.907,1.725,0.173,0.547,0.439,0.655
"TCGA_heldout",FALSE,"protein_coding","random",718,"REXO4|DDX39A|FAM102A|MB21D2",4,1.538,1.112,2.126,0.00924,0.666,0.574,0.758
"TCGA_heldout",FALSE,"protein_coding","random",719,"PLA2G12A|ZNF608|MYO15B|ZFP41",4,0.863,0.631,1.18,0.356,0.521,0.422,0.62
"TCGA_heldout",FALSE,"protein_coding","random",720,"CHIT1|IVL|AC010323.1|KIAA0753",4,1.064,0.78,1.452,0.695,0.488,0.39,0.585
"TCGA_heldout",FALSE,"protein_coding","random",721,"NSDHL|CYB561|TMEM238|SRRM3",4,0.926,0.705,1.215,0.578,0.542,0.439,0.645
"TCGA_heldout",FALSE,"protein_coding","random",722,"KATNAL2|KCNIP2|HOXA9|SLC4A7",4,0.802,0.581,1.108,0.181,0.554,0.438,0.67
"TCGA_heldout",FALSE,"protein_coding","random",723,"OR4C3|TFB1M|FANCI|UBTD1",4,1.119,0.809,1.548,0.495,0.529,0.429,0.63
"TCGA_heldout",FALSE,"protein_coding","random",724,"L2HGDH|ZNF92|FOXP4|CALCR",4,0.867,0.61,1.232,0.425,0.541,0.43,0.652
"TCGA_heldout",FALSE,"protein_coding","random",725,"GCC1|PRDM16|ZFP2|KIZ",4,0.96,0.693,1.33,0.805,0.525,0.42,0.63
"TCGA_heldout",FALSE,"protein_coding","random",726,"GNRH1|SMIM12|TYW3|SRSF9",4,0.726,0.513,1.028,0.071,0.538,0.43,0.645
"TCGA_heldout",FALSE,"protein_coding","random",727,"MMP1|LRRC38|SIPA1|STT3A",4,1.393,0.993,1.954,0.0552,0.609,0.504,0.715
"TCGA_heldout",FALSE,"protein_coding","random",728,"LRFN5|FCRLA|DPY19L2|SIKE1",4,0.917,0.671,1.252,0.584,0.511,0.4,0.622
"TCGA_heldout",FALSE,"protein_coding","random",729,"ELK3|TNFRSF18|TNFAIP8L1|PTOV1",4,1.514,1.07,2.143,0.0193,0.637,0.533,0.74
"TCGA_heldout",FALSE,"protein_coding","random",730,"FBF1|SAMSN1|TMEM167A|OPRL1",4,0.937,0.691,1.27,0.673,0.556,0.463,0.65
"TCGA_heldout",FALSE,"protein_coding","random",731,"MAFF|SCARA5|IRAK3|FKBP5",4,1.405,0.99,1.995,0.0568,0.58,0.472,0.687
"TCGA_heldout",FALSE,"protein_coding","random",732,"FATE1|IGFL1|SULT1A2|SMIM7",4,0.936,0.67,1.308,0.699,0.553,0.445,0.662
"TCGA_heldout",FALSE,"protein_coding","random",733,"ZNF398|SLC5A8|MAST4|ENPP6",4,1.065,0.779,1.455,0.694,0.507,0.394,0.621
"TCGA_heldout",FALSE,"protein_coding","random",734,"INTS6L|MGAM2|FNIP1|ZNF662",4,0.804,0.589,1.097,0.169,0.569,0.447,0.69
"TCGA_heldout",FALSE,"protein_coding","random",735,"PPARGC1A|ITGB1|SLITRK1|DCANP1",4,1.073,0.774,1.486,0.673,0.57,0.463,0.677
"TCGA_heldout",FALSE,"protein_coding","random",736,"KLRC4-KLRK1|CCT4|LCE3A|CDK5R2",4,1.209,0.908,1.611,0.194,0.578,0.485,0.671
"TCGA_heldout",FALSE,"protein_coding","random",737,"ANGPT2|ZDHHC9|DBR1|MGAT3",4,1.195,0.865,1.65,0.281,0.515,0.405,0.624
"TCGA_heldout",FALSE,"protein_coding","random",738,"RSRP1|ANKS4B|RARG|RHEB",4,0.877,0.626,1.229,0.446,0.505,0.386,0.625
"TCGA_heldout",FALSE,"protein_coding","random",739,"IRAK2|DCD|TM9SF1|PRRG2",4,0.876,0.625,1.228,0.441,0.499,0.387,0.611
"TCGA_heldout",FALSE,"protein_coding","random",740,"FCHO1|EVX2|KIF1C|SLC24A2",4,1.185,0.836,1.68,0.339,0.551,0.452,0.651
"TCGA_heldout",FALSE,"protein_coding","random",741,"C17orf50|LYPD6B|KIF5A|ACTR3B",4,0.935,0.685,1.275,0.669,0.502,0.412,0.592
"TCGA_heldout",FALSE,"protein_coding","random",742,"TIMMDC1|TRIM6|HPS5|CCDC86",4,1.431,1.015,2.018,0.0411,0.591,0.479,0.704
"TCGA_heldout",FALSE,"protein_coding","random",743,"ARRDC4|PEX10|HDDC2|HMGXB4",4,1.043,0.764,1.425,0.79,0.501,0.394,0.609
"TCGA_heldout",FALSE,"protein_coding","random",744,"CTSS|RTF1|TBC1D8|HDAC6",4,1.143,0.821,1.592,0.429,0.54,0.426,0.655
"TCGA_heldout",FALSE,"protein_coding","random",745,"ARID3C|SPRTN|MAVS|CFAP74",4,1.084,0.808,1.455,0.589,0.557,0.459,0.655
"TCGA_heldout",FALSE,"protein_coding","random",746,"GSKIP|MOAP1|RPL7L1|IQCC",4,0.745,0.534,1.04,0.0835,0.64,0.552,0.728
"TCGA_heldout",FALSE,"protein_coding","random",747,"SLITRK2|LYG1|RBIS|AL049697.1",4,0.872,0.652,1.167,0.357,0.512,0.402,0.622
"TCGA_heldout",FALSE,"protein_coding","random",748,"GNAT3|MCU|NCMAP|ITSN1",4,0.815,0.595,1.116,0.202,0.52,0.412,0.628
"TCGA_heldout",FALSE,"protein_coding","random",749,"SCNN1A|KCNA6|DYNC1H1|DYNC2I1",4,0.941,0.679,1.304,0.714,0.503,0.391,0.614
"TCGA_heldout",FALSE,"protein_coding","random",750,"NECAB1|AC073585.1|GIPC2|KCNK6",4,1.098,0.809,1.49,0.55,0.566,0.461,0.672
"TCGA_heldout",FALSE,"protein_coding","random",751,"MTA1|MON1B|KCTD6|AZIN2",4,0.676,0.466,0.982,0.04,0.597,0.491,0.703
"TCGA_heldout",FALSE,"protein_coding","random",752,"KMT5C|ACYP1|TERT|BRSK1",4,0.866,0.631,1.189,0.375,0.522,0.416,0.627
"TCGA_heldout",FALSE,"protein_coding","random",753,"CCDC160|CYP26C1|TMEM107|CDYL",4,0.962,0.697,1.329,0.816,0.497,0.389,0.605
"TCGA_heldout",FALSE,"protein_coding","random",754,"NME6|CCDC106|PODN|FYTTD1",4,0.987,0.718,1.357,0.935,0.538,0.433,0.643
"TCGA_heldout",FALSE,"protein_coding","random",755,"OR2F1|WDTC1|CD200|DRD2",4,1.051,0.774,1.426,0.752,0.525,0.426,0.623
"TCGA_heldout",FALSE,"protein_coding","random",756,"NCKAP5|ZNF607|PUS3|BIRC3",4,0.971,0.71,1.327,0.851,0.53,0.425,0.636
"TCGA_heldout",FALSE,"protein_coding","random",757,"TGIF2LX|RAB11FIP3|RXYLT1|PBDC1",4,0.856,0.629,1.164,0.322,0.575,0.474,0.675
"TCGA_heldout",FALSE,"protein_coding","random",758,"SLC15A1|SNRNP25|LRRC38|CILK1",4,1.009,0.733,1.388,0.958,0.558,0.456,0.66
"TCGA_heldout",FALSE,"protein_coding","random",759,"NDRG4|CDC42EP1|SEPTIN14|LAMTOR1",4,0.85,0.628,1.151,0.294,0.537,0.447,0.626
"TCGA_heldout",FALSE,"protein_coding","random",760,"MRPL14|SEC22C|MRPL4|OR2L5",4,1.197,0.855,1.677,0.295,0.513,0.416,0.61
"TCGA_heldout",FALSE,"protein_coding","random",761,"ARMC2|SFR1|ARID1A|TCF24",4,0.856,0.625,1.173,0.333,0.52,0.406,0.634
"TCGA_heldout",FALSE,"protein_coding","random",762,"C12orf4|IP6K1|PLK1|FCRL3",4,1.026,0.764,1.378,0.865,0.525,0.432,0.618
"TCGA_heldout",FALSE,"protein_coding","random",763,"EGFL6|COL5A3|CHRNA10|HAUS8",4,1.411,1.005,1.982,0.0466,0.608,0.521,0.695
"TCGA_heldout",FALSE,"protein_coding","random",764,"PBK|SLCO2A1|SDR16C5|PRLHR",4,0.932,0.676,1.284,0.666,0.491,0.387,0.596
"TCGA_heldout",FALSE,"protein_coding","random",765,"PDCD2|ZNF493|CHL1|EIF2S3B",4,0.912,0.671,1.241,0.56,0.48,0.378,0.581
"TCGA_heldout",FALSE,"protein_coding","random",766,"RRNAD1|HCRTR2|AC104452.1|PAFAH1B1",4,0.975,0.699,1.361,0.883,0.479,0.38,0.577
"TCGA_heldout",FALSE,"protein_coding","random",767,"VIRMA|WDR70|CAD|FGL1",4,1.03,0.744,1.428,0.857,0.534,0.418,0.649
"TCGA_heldout",FALSE,"protein_coding","random",768,"MPHOSPH8|ZNF676|STRN3|PLEKHS1",4,0.809,0.576,1.136,0.221,0.531,0.426,0.636
"TCGA_heldout",FALSE,"protein_coding","random",769,"LIF|SRC|AMMECR1|VPS16",4,1.24,0.909,1.69,0.174,0.617,0.522,0.712
"TCGA_heldout",FALSE,"protein_coding","random",770,"PDZRN4|ASH1L|CLPTM1L|SLITRK6",4,0.946,0.697,1.284,0.723,0.515,0.409,0.621
"TCGA_heldout",FALSE,"protein_coding","random",771,"TRMT11|CCDC39|TMED10|C2orf15",4,0.734,0.534,1.008,0.0559,0.594,0.511,0.677
"TCGA_heldout",FALSE,"protein_coding","random",772,"PTK2B|SRL|C2CD5|GIGYF1",4,0.937,0.664,1.321,0.71,0.553,0.444,0.663
"TCGA_heldout",FALSE,"protein_coding","random",773,"MISP|LRRC73|PCNT|COMMD2",4,1.109,0.82,1.499,0.503,0.563,0.457,0.669
"TCGA_heldout",FALSE,"protein_coding","random",774,"ROR2|ELF5|CEP164|ASAH2",4,0.914,0.678,1.233,0.557,0.481,0.388,0.574
"TCGA_heldout",FALSE,"protein_coding","random",775,"BCL3|COG8|ATL3|SLC25A51",4,1.047,0.765,1.434,0.773,0.504,0.406,0.601
"TCGA_heldout",FALSE,"protein_coding","random",776,"CLIP2|ASCC3|VHLL|C12orf56",4,1.112,0.801,1.544,0.527,0.53,0.417,0.643
"TCGA_heldout",FALSE,"protein_coding","random",777,"EIF4A2|AIF1|RPP25|RASSF5",4,0.934,0.676,1.29,0.677,0.558,0.46,0.655
"TCGA_heldout",FALSE,"protein_coding","random",778,"IQCD|C17orf67|CORT|BLMH",4,0.788,0.577,1.076,0.134,0.547,0.43,0.665
"TCGA_heldout",FALSE,"protein_coding","random",779,"WWC1|GJD3|GAPDH|GCSH",4,1.138,0.865,1.496,0.357,0.591,0.476,0.706
"TCGA_heldout",FALSE,"protein_coding","random",780,"KPNA4|MYOCD|SAP18|RGS19",4,1.229,0.908,1.665,0.182,0.582,0.481,0.683
"TCGA_heldout",FALSE,"protein_coding","random",781,"RPS4X|FARSA|KCNK1|GGT2",4,1.19,0.872,1.623,0.273,0.546,0.453,0.639
"TCGA_heldout",FALSE,"protein_coding","random",782,"HTR3C|FAM25A|TMEM117|AC090360.1",4,1.06,0.726,1.548,0.764,0.482,0.369,0.595
"TCGA_heldout",FALSE,"protein_coding","random",783,"SERPINA12|GTF3C2|POLN|GGH",4,1.065,0.788,1.439,0.681,0.597,0.503,0.692
"TCGA_heldout",FALSE,"protein_coding","random",784,"SUN1|TFPT|KTN1|LDB2",4,1.112,0.787,1.572,0.548,0.493,0.369,0.616
"TCGA_heldout",FALSE,"protein_coding","random",785,"TCP10L2|CCDC88B|OR13C2|SLC35A4",4,0.783,0.563,1.091,0.149,0.575,0.468,0.683
"TCGA_heldout",FALSE,"protein_coding","random",786,"CPEB2|PHLPP1|LRTOMT|ZGRF1",4,1.101,0.807,1.501,0.545,0.608,0.521,0.695
"TCGA_heldout",FALSE,"protein_coding","random",787,"EZH2|KIAA0586|SPATA2L|VWA5A",4,0.97,0.699,1.345,0.854,0.525,0.414,0.636
"TCGA_heldout",FALSE,"protein_coding","random",788,"VPS72|TIMM10B|DDX3Y|PFN2",4,0.896,0.635,1.266,0.535,0.505,0.394,0.617
"TCGA_heldout",FALSE,"protein_coding","random",789,"SNRNP48|MCMDC2|SLC24A1|U52112.1",4,0.745,0.535,1.039,0.0828,0.56,0.45,0.67
"TCGA_heldout",FALSE,"protein_coding","random",790,"OMD|C2orf73|TLE4|RBM7",4,1.095,0.82,1.463,0.537,0.491,0.373,0.609
"TCGA_heldout",FALSE,"protein_coding","random",791,"NPTXR|SAG|CPSF6|TDRKH",4,0.835,0.589,1.182,0.309,0.55,0.445,0.656
"TCGA_heldout",FALSE,"protein_coding","random",792,"FAM118A|MED21|SRSF2|CLCN7",4,0.761,0.533,1.088,0.134,0.554,0.449,0.66
"TCGA_heldout",FALSE,"protein_coding","random",793,"RER1|OLFML2A|ARPIN|THUMPD2",4,1.099,0.805,1.499,0.552,0.493,0.376,0.609
"TCGA_heldout",FALSE,"protein_coding","random",794,"SMIM10|HMGA1|KLHL18|DTWD1",4,1.373,1.051,1.793,0.02,0.61,0.499,0.722
"TCGA_heldout",FALSE,"protein_coding","random",795,"FFAR2|CTBP1|BCDIN3D|RUBCN",4,0.889,0.65,1.217,0.464,0.52,0.422,0.618
"TCGA_heldout",FALSE,"protein_coding","random",796,"ANXA8L1|ZNF66|PDE3A|ISX",4,1.288,0.927,1.788,0.131,0.592,0.488,0.695
"TCGA_heldout",FALSE,"protein_coding","random",797,"AL049844.3|SMIM12|CHCHD3|LZTS3",4,0.775,0.549,1.092,0.145,0.54,0.45,0.631
"TCGA_heldout",FALSE,"protein_coding","random",798,"OR2T8|CNOT7|TTC34|NME7",4,1.153,0.804,1.654,0.438,0.496,0.388,0.604
"TCGA_heldout",FALSE,"protein_coding","random",799,"PRSS38|LCP1|B3GNTL1|AL031315.1",4,0.996,0.696,1.425,0.983,0.51,0.407,0.614
"TCGA_heldout",FALSE,"protein_coding","random",800,"TMCO3|PSME1|EPS8|CXCL16",4,0.981,0.711,1.352,0.906,0.547,0.443,0.652
"TCGA_heldout",FALSE,"protein_coding","random",801,"ZMIZ1|MIOX|ZNF501|USH2A",4,0.815,0.571,1.163,0.26,0.556,0.447,0.666
"TCGA_heldout",FALSE,"protein_coding","random",802,"OR52E6|KDM2A|CXorf21|FPR3",4,0.768,0.559,1.055,0.103,0.58,0.483,0.677
"TCGA_heldout",FALSE,"protein_coding","random",803,"S1PR5|SCYGR7|MRPL22|LTN1",4,1.352,1.025,1.785,0.0329,0.6,0.489,0.71
"TCGA_heldout",FALSE,"protein_coding","random",804,"TAS2R30|VAT1L|WSB2|CD160",4,1.012,0.74,1.382,0.943,0.512,0.413,0.61
"TCGA_heldout",FALSE,"protein_coding","random",805,"FRYL|GREB1|BCHE|CNPPD1",4,1.087,0.825,1.432,0.552,0.512,0.412,0.611
"TCGA_heldout",FALSE,"protein_coding","random",806,"CORO1C|OLFM2|ASPSCR1|TREH",4,1.07,0.801,1.43,0.645,0.546,0.44,0.652
"TCGA_heldout",FALSE,"protein_coding","random",807,"PLA2G6|FBXO44|CLDN5|GAK",4,0.972,0.713,1.324,0.856,0.507,0.407,0.608
"TCGA_heldout",FALSE,"protein_coding","random",808,"TMEM181|WNK4|NKD2|ATP6V1E2",4,0.889,0.635,1.246,0.496,0.51,0.405,0.615
"TCGA_heldout",FALSE,"protein_coding","random",809,"FAM83D|ARPC2|ALDH9A1|PSAT1",4,1.282,0.921,1.783,0.141,0.572,0.475,0.669
"TCGA_heldout",FALSE,"protein_coding","random",810,"AC068896.1|RNF8|MAGEH1|NPM3",4,0.84,0.598,1.178,0.312,0.487,0.392,0.582
"TCGA_heldout",FALSE,"protein_coding","random",811,"GATD3B|DCAF10|SKP2|CCR7",4,0.979,0.714,1.343,0.896,0.489,0.399,0.579
"TCGA_heldout",FALSE,"protein_coding","random",812,"CTCFL|IL2|TAB2|OR2Z1",4,0.889,0.633,1.249,0.498,0.52,0.408,0.631
"TCGA_heldout",FALSE,"protein_coding","random",813,"NEK3|NDUFS4|RBM44|VPS54",4,0.864,0.63,1.187,0.367,0.548,0.449,0.648
"TCGA_heldout",FALSE,"protein_coding","random",814,"KRT33B|BRI3|PTBP1|CD300LG",4,1.222,0.854,1.749,0.273,0.542,0.428,0.655
"TCGA_heldout",FALSE,"protein_coding","random",815,"VXN|MMP15|ST8SIA2|CLK2",4,0.869,0.614,1.229,0.427,0.553,0.455,0.65
"TCGA_heldout",FALSE,"protein_coding","random",816,"AL136295.5|PDF|ROPN1B|CTCF",4,1.118,0.79,1.582,0.528,0.531,0.419,0.643
"TCGA_heldout",FALSE,"protein_coding","random",817,"CDHR1|LY6G6F-LY6G6D|SLC66A1|MOB3B",4,0.925,0.674,1.269,0.629,0.541,0.435,0.646
"TCGA_heldout",FALSE,"protein_coding","random",818,"POLDIP2|STON1|SUCO|CNNM2",4,1.227,0.922,1.632,0.161,0.585,0.487,0.683
"TCGA_heldout",FALSE,"protein_coding","random",819,"SRD5A1|ATP5F1A|PTDSS2|PALLD",4,1.366,1.016,1.838,0.0392,0.662,0.552,0.772
"TCGA_heldout",FALSE,"protein_coding","random",820,"PLXNC1|PIGK|TDGF1|MAFB",4,1.031,0.756,1.408,0.845,0.456,0.357,0.556
"TCGA_heldout",FALSE,"protein_coding","random",821,"SETBP1|ZBTB6|LCP1|ZNF99",4,1.029,0.757,1.398,0.855,0.521,0.413,0.63
"TCGA_heldout",FALSE,"protein_coding","random",822,"ZNF85|STRAP|SHPRH|SDK2",4,1.042,0.747,1.453,0.81,0.533,0.417,0.649
"TCGA_heldout",FALSE,"protein_coding","random",823,"PPP1R1C|C14orf28|KIF15|RHD",4,0.834,0.626,1.112,0.217,0.6,0.497,0.704
"TCGA_heldout",FALSE,"protein_coding","random",824,"FAM184B|LCP2|MRPL20|ANKRD49",4,0.54,0.373,0.782,0.00111,0.669,0.573,0.765
"TCGA_heldout",FALSE,"protein_coding","random",825,"LILRA5|SPCS3|CCDC82|RAMAC",4,1.121,0.828,1.517,0.461,0.555,0.465,0.645
"TCGA_heldout",FALSE,"protein_coding","random",826,"CBLIF|KANK2|MEIS3|KATNBL1",4,1.203,0.915,1.581,0.186,0.558,0.462,0.655
"TCGA_heldout",FALSE,"protein_coding","random",827,"CARMIL2|AXIN1|EMSY|ARPC2",4,1.088,0.8,1.478,0.592,0.549,0.461,0.638
"TCGA_heldout",FALSE,"protein_coding","random",828,"GGTLC2|H4C6|C10orf82|FBXO30",4,1.108,0.836,1.47,0.475,0.566,0.455,0.677
"TCGA_heldout",FALSE,"protein_coding","random",829,"C1QTNF6|BANP|NOL4L|EIF2B5",4,1.212,0.897,1.638,0.21,0.602,0.495,0.709
"TCGA_heldout",FALSE,"protein_coding","random",830,"BCR|LHFPL4|ABHD18|USP20",4,0.721,0.513,1.015,0.0606,0.614,0.518,0.709
"TCGA_heldout",FALSE,"protein_coding","random",831,"KCTD8|PFKM|MROH2A|DEFA6",4,0.996,0.705,1.406,0.98,0.479,0.371,0.587
"TCGA_heldout",FALSE,"protein_coding","random",832,"MAP4K5|TAZ|GTF3C1|SLC40A1",4,0.797,0.575,1.105,0.174,0.573,0.461,0.684
"TCGA_heldout",FALSE,"protein_coding","random",833,"FAT2|ZSWIM6|TINAGL1|GPATCH8",4,1.087,0.781,1.512,0.623,0.507,0.392,0.622
"TCGA_heldout",FALSE,"protein_coding","random",834,"EXT2|ZBTB8A|NRBP1|DEFB118",4,1.083,0.791,1.483,0.618,0.505,0.396,0.615
"TCGA_heldout",FALSE,"protein_coding","random",835,"CLPSL2|TOP1|ACSS1|DCAKD",4,0.875,0.654,1.17,0.368,0.556,0.46,0.651
"TCGA_heldout",FALSE,"protein_coding","random",836,"PRAMEF8|THTPA|EIF5AL1|CENPP",4,0.98,0.689,1.393,0.91,0.527,0.41,0.643
"TCGA_heldout",FALSE,"protein_coding","random",837,"GAS2L3|ETS1|RAP1B|LIMS1",4,1.238,0.895,1.71,0.197,0.53,0.434,0.626
"TCGA_heldout",FALSE,"protein_coding","random",838,"ZSCAN32|TIMM8B|EXOSC4|OBI1",4,0.91,0.656,1.262,0.571,0.536,0.431,0.641
"TCGA_heldout",FALSE,"protein_coding","random",839,"CLN6|TDRD9|DHRS4|TMPRSS6",4,1.116,0.842,1.481,0.445,0.501,0.399,0.603
"TCGA_heldout",FALSE,"protein_coding","random",840,"FDX1|TYW5|PIGN|FSTL4",4,0.909,0.664,1.243,0.549,0.535,0.43,0.64
"TCGA_heldout",FALSE,"protein_coding","random",841,"NEURL2|AK2|TMEM218|CTXN2",4,0.637,0.445,0.91,0.0133,0.631,0.535,0.726
"TCGA_heldout",FALSE,"protein_coding","random",842,"FGL2|ATXN3L|USP17L10|NUDT13",4,0.727,0.452,1.167,0.186,0.54,0.433,0.647
"TCGA_heldout",FALSE,"protein_coding","random",843,"PPP1R3G|RALB|ISCU|TBP",4,1.043,0.757,1.436,0.798,0.569,0.465,0.672
"TCGA_heldout",FALSE,"protein_coding","random",844,"LARP4B|PIGO|CD3D|PLIN1",4,0.698,0.486,1.003,0.0516,0.565,0.448,0.682
"TCGA_heldout",FALSE,"protein_coding","random",845,"RAB21|RNF40|MASP1|PTCD1",4,1.09,0.78,1.524,0.614,0.528,0.419,0.636
"TCGA_heldout",FALSE,"protein_coding","random",846,"TCTN2|NAA15|CD1D|PVRIG",4,0.72,0.502,1.032,0.0739,0.577,0.475,0.678
"TCGA_heldout",FALSE,"protein_coding","random",847,"APOBEC1|FAM124B|H4-16|NOSIP",4,1.06,0.763,1.473,0.729,0.508,0.41,0.607
"TCGA_heldout",FALSE,"protein_coding","random",848,"PPP2R1B|TNKS1BP1|STMN2|KATNA1",4,0.988,0.709,1.376,0.943,0.498,0.391,0.605
"TCGA_heldout",FALSE,"protein_coding","random",849,"ZBTB48|TUG1|AREG|FOSB",4,0.826,0.6,1.138,0.243,0.558,0.465,0.651
"TCGA_heldout",FALSE,"protein_coding","random",850,"DCAF12L1|TFF2|KCNT1|KCNK17",4,1.155,0.804,1.66,0.435,0.489,0.371,0.606
"TCGA_heldout",FALSE,"protein_coding","random",851,"FCN3|THPO|ABO|GABRA6",4,0.927,0.672,1.278,0.644,0.544,0.442,0.647
"TCGA_heldout",FALSE,"protein_coding","random",852,"UBE2M|P2RX1|MED7|EPHA10",4,1.029,0.713,1.483,0.88,0.502,0.395,0.609
"TCGA_heldout",FALSE,"protein_coding","random",853,"SELENOF|SFSWAP|INTS2|PCDHB11",4,1.065,0.784,1.448,0.688,0.542,0.446,0.639
"TCGA_heldout",FALSE,"protein_coding","random",854,"ZNF474|OR2T8|ST8SIA1|COA3",4,1.049,0.754,1.46,0.777,0.493,0.377,0.61
"TCGA_heldout",FALSE,"protein_coding","random",855,"FCHSD2|SIK3|AQP5|EIF4H",4,0.902,0.665,1.224,0.508,0.509,0.405,0.612
"TCGA_heldout",FALSE,"protein_coding","random",856,"CPA1|TMEM244|FLI1|PCDH17",4,0.927,0.683,1.258,0.626,0.515,0.397,0.632
"TCGA_heldout",FALSE,"protein_coding","random",857,"SMCHD1|FAM178B|KCNG1|NPIPA1",4,0.898,0.656,1.229,0.502,0.538,0.425,0.651
"TCGA_heldout",FALSE,"protein_coding","random",858,"LACTB2|SPAG9|FABP3|DTX3",4,0.758,0.538,1.066,0.111,0.634,0.533,0.734
"TCGA_heldout",FALSE,"protein_coding","random",859,"ATAD3C|USP54|PELI2|PCSK2",4,0.883,0.666,1.171,0.388,0.595,0.498,0.693
"TCGA_heldout",FALSE,"protein_coding","random",860,"RBPMS|STX17|MPST|TMC2",4,0.981,0.709,1.36,0.91,0.488,0.388,0.588
"TCGA_heldout",FALSE,"protein_coding","random",861,"ZNF148|SRA1|COX6A1|SPATA5L1",4,1.316,0.969,1.788,0.0787,0.581,0.476,0.686
"TCGA_heldout",FALSE,"protein_coding","random",862,"SRPK1|CYTH3|KRTAP16-1|SRF",4,1.27,0.966,1.67,0.0871,0.572,0.467,0.676
"TCGA_heldout",FALSE,"protein_coding","random",863,"USP21|ACP1|ACTA1|KIF3A",4,1.025,0.768,1.368,0.867,0.473,0.363,0.583
"TCGA_heldout",FALSE,"protein_coding","random",864,"PI15|FBLN1|TOP1|LEPROT",4,1.332,0.985,1.801,0.0622,0.582,0.478,0.686
"TCGA_heldout",FALSE,"protein_coding","random",865,"TFG|BAHD1|TEX13B|FBXL12",4,1.129,0.822,1.552,0.453,0.539,0.424,0.654
"TCGA_heldout",FALSE,"protein_coding","random",866,"ARF4|RABGGTB|FAH|FAIM2",4,0.92,0.677,1.25,0.593,0.524,0.421,0.627
"TCGA_heldout",FALSE,"protein_coding","random",867,"TIPRL|KAT8|RXFP3|PDE3A",4,1.134,0.839,1.533,0.414,0.552,0.456,0.648
"TCGA_heldout",FALSE,"protein_coding","random",868,"IRF2|PEAR1|ARPC1B|CYTH4",4,1.136,0.8,1.612,0.477,0.548,0.429,0.668
"TCGA_heldout",FALSE,"protein_coding","random",869,"ELOVL5|ARID4A|ADGRE2|RHOF",4,1.034,0.759,1.409,0.832,0.496,0.385,0.606
"TCGA_heldout",FALSE,"protein_coding","random",870,"MAP7D3|LYPD2|ZNF888|PRRG3",4,1.236,0.889,1.719,0.208,0.577,0.462,0.693
"TCGA_heldout",FALSE,"protein_coding","random",871,"HMOX1|SCGB1C1|PHF13|BICC1",4,1.278,0.895,1.824,0.178,0.542,0.428,0.656
"TCGA_heldout",FALSE,"protein_coding","random",872,"FAM3A|USP17L10|UNC45B|CD84",4,0.725,0.491,1.071,0.106,0.59,0.492,0.687
"TCGA_heldout",FALSE,"protein_coding","random",873,"BBOF1|U52112.1|GAGE13|RSPO1",4,0.879,0.646,1.195,0.409,0.564,0.46,0.669
"TCGA_heldout",FALSE,"protein_coding","random",874,"ZNF417|CD46|TPD52L1|FBXO5",4,0.88,0.637,1.216,0.439,0.518,0.421,0.616
"TCGA_heldout",FALSE,"protein_coding","random",875,"CYSRT1|LIN7B|KRT74|TIGAR",4,1.239,0.901,1.706,0.188,0.54,0.429,0.652
"TCGA_heldout",FALSE,"protein_coding","random",876,"FNBP1L|RLIM|NRG3|OCM2",4,0.993,0.695,1.42,0.971,0.508,0.398,0.617
"TCGA_heldout",FALSE,"protein_coding","random",877,"ATP6AP1L|OR3A1|PSMD1|PHGDH",4,1.355,0.938,1.956,0.105,0.592,0.489,0.695
"TCGA_heldout",FALSE,"protein_coding","random",878,"CCL4L2|DAPK1|VPS4B|MAGEC1",4,1.036,0.747,1.438,0.831,0.501,0.38,0.622
"TCGA_heldout",FALSE,"protein_coding","random",879,"PPBP|ISG20L2|ZNF106|CSNKA2IP",4,1.128,0.823,1.545,0.455,0.539,0.434,0.644
"TCGA_heldout",FALSE,"protein_coding","random",880,"SOWAHB|BTBD1|ABCC6|TMEM39B",4,0.925,0.675,1.266,0.626,0.582,0.482,0.683
"TCGA_heldout",FALSE,"protein_coding","random",881,"CAMK2B|WDR89|MXI1|ASB13",4,0.721,0.512,1.014,0.0597,0.607,0.505,0.709
"TCGA_heldout",FALSE,"protein_coding","random",882,"RILP|ERICH3|LRRC14B|NEK8",4,0.753,0.551,1.031,0.0765,0.598,0.494,0.701
"TCGA_heldout",FALSE,"protein_coding","random",883,"MRGPRX1|BRCA2|SLC51B|KNOP1",4,1.056,0.774,1.441,0.729,0.538,0.433,0.644
"TCGA_heldout",FALSE,"protein_coding","random",884,"ARL14|AKR1A1|SDAD1|RPL23",4,1.07,0.794,1.441,0.658,0.54,0.435,0.645
"TCGA_heldout",FALSE,"protein_coding","random",885,"GNL3|VIT|HNRNPCL1|CHRNA2",4,0.863,0.625,1.193,0.373,0.511,0.418,0.605
"TCGA_heldout",FALSE,"protein_coding","random",886,"C16orf82|XPNPEP3|POR|UMPS",4,1.004,0.729,1.384,0.979,0.483,0.359,0.607
"TCGA_heldout",FALSE,"protein_coding","random",887,"CBLL1|FLNA|DIS3L2|EHBP1",4,1.648,1.198,2.269,0.00216,0.681,0.599,0.763
"TCGA_heldout",FALSE,"protein_coding","random",888,"GALNT11|S100A11|CNR1|MFF",4,0.943,0.68,1.308,0.727,0.519,0.405,0.632
"TCGA_heldout",FALSE,"protein_coding","random",889,"GREM1|EIF3H|ZNF500|CFI",4,1.079,0.815,1.429,0.593,0.56,0.458,0.662
"TCGA_heldout",FALSE,"protein_coding","random",890,"PPP1R2B|TRHDE|CALML4|NLRP2B",4,0.879,0.605,1.276,0.498,0.536,0.426,0.646
"TCGA_heldout",FALSE,"protein_coding","random",891,"TRPV3|CTSE|PBX4|AL445524.2",4,0.953,0.705,1.287,0.751,0.478,0.378,0.578
"TCGA_heldout",FALSE,"protein_coding","random",892,"ANKFN1|SAP30L|FYTTD1|FGF23",4,1.054,0.749,1.484,0.763,0.521,0.409,0.632
"TCGA_heldout",FALSE,"protein_coding","random",893,"GRIN3A|RHOBTB1|APH1A|G3BP1",4,1.217,0.901,1.645,0.2,0.593,0.498,0.688
"TCGA_heldout",FALSE,"protein_coding","random",894,"HGD|MRPL21|CYP11A1|DNAI4",4,1.078,0.809,1.437,0.608,0.593,0.487,0.698
"TCGA_heldout",FALSE,"protein_coding","random",895,"C12orf50|EDN2|CTF1|ATP2A1",4,1.071,0.793,1.446,0.655,0.51,0.399,0.621
"TCGA_heldout",FALSE,"protein_coding","random",896,"CCDC102A|PRAME|ANKIB1|PNRC2",4,1,0.723,1.383,1,0.53,0.423,0.637
"TCGA_heldout",FALSE,"protein_coding","random",897,"TMEM220|PDCD6IP|OGFOD1|MMP21",4,1.18,0.864,1.611,0.299,0.562,0.452,0.673
"TCGA_heldout",FALSE,"protein_coding","random",898,"CCDC61|SMC5|SLC16A12|GAS2L3",4,1.15,0.852,1.552,0.362,0.488,0.37,0.605
"TCGA_heldout",FALSE,"protein_coding","random",899,"TMEM178B|ZBTB43|RBP3|OTUD1",4,1.006,0.738,1.371,0.972,0.495,0.379,0.61
"TCGA_heldout",FALSE,"protein_coding","random",900,"IL22|KRTAP9-1|SMAD2|ERCC1",4,1.503,1.12,2.016,0.00663,0.57,0.462,0.679
"TCGA_heldout",FALSE,"protein_coding","random",901,"ID2|FRK|PLAC1|C2CD4C",4,0.98,0.716,1.343,0.902,0.543,0.449,0.637
"TCGA_heldout",FALSE,"protein_coding","random",902,"ANAPC15|H2AC1|CD59|EPB41",4,0.85,0.611,1.184,0.338,0.583,0.485,0.68
"TCGA_heldout",FALSE,"protein_coding","random",903,"RIPK3|GCNT1|MAP1LC3C|BICRAL",4,0.876,0.658,1.165,0.361,0.585,0.473,0.697
"TCGA_heldout",FALSE,"protein_coding","random",904,"ZNF254|DTL|SUSD5|TTC34",4,0.936,0.682,1.285,0.682,0.532,0.425,0.639
"TCGA_heldout",FALSE,"protein_coding","random",905,"BARHL1|SYT2|ZNF345|UBA52",4,0.686,0.487,0.967,0.0314,0.618,0.511,0.726
"TCGA_heldout",FALSE,"protein_coding","random",906,"RSPO3|GPR139|STAMBP|SEC61G",4,1.149,0.856,1.541,0.356,0.585,0.479,0.69
"TCGA_heldout",FALSE,"protein_coding","random",907,"CNKSR1|JAKMIP3|AC008764.1|ASPG",4,1.005,0.72,1.404,0.974,0.515,0.423,0.608
"TCGA_heldout",FALSE,"protein_coding","random",908,"AMER2|ABCE1|C18orf63|CSH2",4,1.07,0.791,1.449,0.661,0.506,0.401,0.61
"TCGA_heldout",FALSE,"protein_coding","random",909,"ASMT|RUNDC1|FAM237A|KRT72",4,0.811,0.588,1.12,0.204,0.548,0.436,0.66
"TCGA_heldout",FALSE,"protein_coding","random",910,"PIGG|ABHD5|TIGD5|PEX11A",4,1.041,0.759,1.428,0.803,0.452,0.353,0.55
"TCGA_heldout",FALSE,"protein_coding","random",911,"TAF8|FBXL17|GLCE|BOD1",4,0.966,0.699,1.333,0.832,0.512,0.416,0.609
"TCGA_heldout",FALSE,"protein_coding","random",912,"TBC1D2|B9D1|GRIK5|RGS22",4,1.258,0.894,1.77,0.187,0.573,0.473,0.673
"TCGA_heldout",FALSE,"protein_coding","random",913,"TP63|HOXD10|AKAP17A|CAPN7",4,0.965,0.689,1.353,0.838,0.506,0.399,0.613
"TCGA_heldout",FALSE,"protein_coding","random",914,"OR2W1|CD79B|COTL1|CTAG2",4,0.833,0.588,1.18,0.304,0.544,0.446,0.641
"TCGA_heldout",FALSE,"protein_coding","random",915,"PRAMEF7|SRP9|SLC5A6|PLEKHH1",4,1.178,0.864,1.607,0.3,0.559,0.467,0.651
"TCGA_heldout",FALSE,"protein_coding","random",916,"FAXC|MANBA|FCGR1A|CES2",4,0.819,0.593,1.13,0.223,0.582,0.472,0.692
"TCGA_heldout",FALSE,"protein_coding","random",917,"GTF2H4|OR9G1|CPSF2|CTPS1",4,0.787,0.562,1.102,0.163,0.594,0.496,0.692
"TCGA_heldout",FALSE,"protein_coding","random",918,"PPP1R9B|ZGPAT|CAPN14|ZNF70",4,0.742,0.556,0.989,0.042,0.613,0.504,0.722
"TCGA_heldout",FALSE,"protein_coding","random",919,"RADX|DSCAML1|FBXL14|PDHA2",4,1.265,0.924,1.731,0.142,0.594,0.493,0.695
"TCGA_heldout",FALSE,"protein_coding","random",920,"AC012213.5|TMEM87B|FAM156A|MFSD4A",4,0.853,0.63,1.157,0.307,0.585,0.478,0.691
"TCGA_heldout",FALSE,"protein_coding","random",921,"GFOD1|USP40|WASHC4|MAPK1",4,1.291,0.968,1.723,0.0825,0.595,0.485,0.704
"TCGA_heldout",FALSE,"protein_coding","random",922,"UFM1|TXNL1|MMP3|SH3RF3",4,1.416,1.012,1.982,0.0424,0.628,0.529,0.726
"TCGA_heldout",FALSE,"protein_coding","random",923,"RFTN2|STK4|TPSAB1|OR5K4",4,0.981,0.731,1.317,0.898,0.513,0.41,0.615
"TCGA_heldout",FALSE,"protein_coding","random",924,"PKP2|PGC|NUP107|AIFM1",4,0.92,0.676,1.254,0.599,0.492,0.382,0.602
"TCGA_heldout",FALSE,"protein_coding","random",925,"CLDN10|SYNJ2BP-COX16|KLHDC2|SNX15",4,0.73,0.528,1.008,0.0558,0.578,0.473,0.683
"TCGA_heldout",FALSE,"protein_coding","random",926,"DGKI|CSF1|ACAT2|MAGEA3",4,1.15,0.857,1.544,0.351,0.579,0.488,0.671
"TCGA_heldout",FALSE,"protein_coding","random",927,"IDH2|KRT8|FAM166B|FOXO1",4,1.198,0.882,1.627,0.248,0.564,0.45,0.678
"TCGA_heldout",FALSE,"protein_coding","random",928,"FANCD2|SPOCK1|MSH6|CWC15",4,1.089,0.794,1.494,0.597,0.539,0.432,0.646
"TCGA_heldout",FALSE,"protein_coding","random",929,"ECHDC2|C6orf132|APPBP2|MGAM",4,0.917,0.663,1.269,0.601,0.516,0.404,0.629
"TCGA_heldout",FALSE,"protein_coding","random",930,"ISCA1|CEACAM18|HOXA6|CAMK1G",4,1.141,0.856,1.521,0.368,0.499,0.394,0.604
"TCGA_heldout",FALSE,"protein_coding","random",931,"AKR1C2|SHE|SMOC2|FAM181A",4,0.964,0.688,1.351,0.831,0.54,0.44,0.64
"TCGA_heldout",FALSE,"protein_coding","random",932,"FAM171A2|IER2|BNC2|UNC119B",4,1.203,0.846,1.711,0.303,0.534,0.428,0.641
"TCGA_heldout",FALSE,"protein_coding","random",933,"CCDC150|KCNA6|TMEM128|TMEM132D",4,0.775,0.545,1.102,0.156,0.598,0.49,0.707
"TCGA_heldout",FALSE,"protein_coding","random",934,"TCEAL8|OOSP1|TAF11L12|LAMP3",4,0.792,0.575,1.092,0.155,0.584,0.473,0.695
"TCGA_heldout",FALSE,"protein_coding","random",935,"FAM166C|YPEL4|ARNTL|C10orf143",4,0.646,0.47,0.887,0.00688,0.633,0.534,0.732
"TCGA_heldout",FALSE,"protein_coding","random",936,"GON4L|OR7A5|STRA8|YPEL4",4,0.962,0.685,1.35,0.821,0.51,0.416,0.604
"TCGA_heldout",FALSE,"protein_coding","random",937,"FEM1B|GASK1A|USP12|SVBP",4,0.96,0.699,1.317,0.798,0.532,0.424,0.64
"TCGA_heldout",FALSE,"protein_coding","random",938,"GPR42|DIPK1C|NCOA1|SPAG16",4,1.042,0.747,1.454,0.808,0.523,0.414,0.632
"TCGA_heldout",FALSE,"protein_coding","random",939,"TSNAX|FKBP7|POLL|ZNF839",4,1.022,0.761,1.373,0.884,0.507,0.413,0.6
"TCGA_heldout",FALSE,"protein_coding","random",940,"CALD1|MAGEB2|MRPS24|SYT4",4,1.095,0.806,1.486,0.562,0.552,0.459,0.645
"TCGA_heldout",FALSE,"protein_coding","random",941,"TTYH1|GSTM2|GATA5|NELL1",4,0.819,0.593,1.131,0.225,0.58,0.486,0.673
"TCGA_heldout",FALSE,"protein_coding","random",942,"ZBTB8B|HKDC1|SLC39A7|PIGG",4,0.935,0.698,1.254,0.655,0.476,0.38,0.571
"TCGA_heldout",FALSE,"protein_coding","random",943,"TONSL|AKNA|CTNNBL1|RFC2",4,1.187,0.869,1.621,0.281,0.591,0.488,0.694
"TCGA_heldout",FALSE,"protein_coding","random",944,"MRNIP|SMU1|CHCHD3|ERCC3",4,0.828,0.599,1.145,0.254,0.549,0.448,0.649
"TCGA_heldout",FALSE,"protein_coding","random",945,"IRX6|RTN2|ULBP3|HOMER1",4,1.12,0.817,1.535,0.482,0.512,0.399,0.626
"TCGA_heldout",FALSE,"protein_coding","random",946,"CA2|MAPK1IP1L|TXN2|GRPEL1",4,1.162,0.882,1.532,0.285,0.572,0.48,0.663
"TCGA_heldout",FALSE,"protein_coding","random",947,"GPR155|H4C8|SPATA12|USP41",4,0.842,0.617,1.149,0.279,0.614,0.527,0.702
"TCGA_heldout",FALSE,"protein_coding","random",948,"CAPS|TCF25|OR5K1|SLC25A15",4,1.095,0.816,1.468,0.547,0.54,0.441,0.639
"TCGA_heldout",FALSE,"protein_coding","random",949,"ATG2B|ARF4|KIAA0753|NUDT18",4,1.203,0.857,1.689,0.285,0.526,0.415,0.636
"TCGA_heldout",FALSE,"protein_coding","random",950,"H3Y1|PNPLA1|PSMD9|PAM16",4,0.842,0.61,1.164,0.298,0.504,0.395,0.614
"TCGA_heldout",FALSE,"protein_coding","random",951,"PTPN4|DOCK9|OR1L6|HTR1D",4,0.947,0.695,1.29,0.729,0.542,0.44,0.643
"TCGA_heldout",FALSE,"protein_coding","random",952,"PDHX|ZSWIM6|C1QL2|IFIH1",4,0.97,0.698,1.35,0.858,0.532,0.433,0.632
"TCGA_heldout",FALSE,"protein_coding","random",953,"FOXC1|NXT2|C8orf48|CASP1",4,1.051,0.774,1.427,0.748,0.487,0.376,0.598
"TCGA_heldout",FALSE,"protein_coding","random",954,"FIBIN|MOCOS|PRRC2C|ANKRD35",4,1.477,1.064,2.051,0.0196,0.637,0.543,0.73
"TCGA_heldout",FALSE,"protein_coding","random",955,"DCDC2|H3C4|BCL9|CPZ",4,1.032,0.729,1.462,0.858,0.55,0.451,0.649
"TCGA_heldout",FALSE,"protein_coding","random",956,"PAF1|ARHGAP6|SND1|PRRC2A",4,1.972,1.317,2.952,0.000972,0.661,0.567,0.754
"TCGA_heldout",FALSE,"protein_coding","random",957,"POLR3D|RNF113B|TPK1|PMF1",4,1.135,0.839,1.534,0.411,0.52,0.419,0.622
"TCGA_heldout",FALSE,"protein_coding","random",958,"AC011498.4|IFIT2|TBC1D25|FLNA",4,1.04,0.756,1.431,0.808,0.456,0.351,0.562
"TCGA_heldout",FALSE,"protein_coding","random",959,"FBLN2|MTRNR2L1|MTCL1|NCOA2",4,1.083,0.797,1.471,0.611,0.533,0.434,0.632
"TCGA_heldout",FALSE,"protein_coding","random",960,"NINJ2|AC136428.1|MRM3|XDH",4,0.978,0.704,1.36,0.896,0.508,0.402,0.614
"TCGA_heldout",FALSE,"protein_coding","random",961,"KDR|SLU7|GRPEL1|ZNF319",4,1.109,0.813,1.512,0.515,0.536,0.442,0.63
"TCGA_heldout",FALSE,"protein_coding","random",962,"LIPN|MAN2A2|ELOC|ALDH1A1",4,0.8,0.561,1.139,0.216,0.519,0.407,0.632
"TCGA_heldout",FALSE,"protein_coding","random",963,"SPINT1|TMEM258|FKBP3|BLOC1S4",4,1.12,0.844,1.487,0.432,0.556,0.453,0.659
"TCGA_heldout",FALSE,"protein_coding","random",964,"STIM1|NDUFB2|SHROOM4|CCL4L2",4,0.905,0.646,1.266,0.558,0.551,0.452,0.651
"TCGA_heldout",FALSE,"protein_coding","random",965,"MAPK8IP3|ITGB6|PIAS2|PRSS53",4,0.79,0.572,1.091,0.152,0.577,0.492,0.663
"TCGA_heldout",FALSE,"protein_coding","random",966,"ARNT|CDK2|TBC1D8|KPNA5",4,0.925,0.671,1.275,0.634,0.482,0.369,0.594
"TCGA_heldout",FALSE,"protein_coding","random",967,"MRM2|USP30|BBOF1|CSNK2A1",4,1.019,0.734,1.413,0.912,0.501,0.394,0.609
"TCGA_heldout",FALSE,"protein_coding","random",968,"KCNN3|BMP1|IKZF5|ZCCHC17",4,1.276,0.9,1.809,0.171,0.545,0.437,0.652
"TCGA_heldout",FALSE,"protein_coding","random",969,"TBC1D17|ZFP28|ACOT11|RANBP2",4,1.067,0.78,1.458,0.687,0.496,0.397,0.596
"TCGA_heldout",FALSE,"protein_coding","random",970,"PLEKHH2|NPFFR1|PLXNB3|ECHDC1",4,0.834,0.586,1.188,0.316,0.576,0.47,0.682
"TCGA_heldout",FALSE,"protein_coding","random",971,"ZC3H3|REEP3|IL10|JKAMP",4,1.105,0.792,1.541,0.558,0.499,0.396,0.602
"TCGA_heldout",FALSE,"protein_coding","random",972,"MT-ND5|OR5T2|C11orf58|CRYGS",4,0.718,0.502,1.028,0.0707,0.597,0.501,0.694
"TCGA_heldout",FALSE,"protein_coding","random",973,"LRIT2|MYO1E|NIPSNAP1|TNFSF11",4,1.149,0.84,1.573,0.385,0.562,0.472,0.652
"TCGA_heldout",FALSE,"protein_coding","random",974,"GJD4|MT-ND5|IPO4|GLRX2",4,0.972,0.712,1.328,0.86,0.459,0.358,0.56
"TCGA_heldout",FALSE,"protein_coding","random",975,"H4C4|EBF3|CT55|NAGLU",4,1,0.685,1.459,1,0.49,0.383,0.597
"TCGA_heldout",FALSE,"protein_coding","random",976,"ITPRID2|AP002373.1|CCDC158|ZNF416",4,1.01,0.74,1.377,0.952,0.463,0.353,0.574
"TCGA_heldout",FALSE,"protein_coding","random",977,"MAP3K14|HPDL|FANCF|ZNF485",4,0.988,0.729,1.339,0.937,0.434,0.325,0.543
"TCGA_heldout",FALSE,"protein_coding","random",978,"DPF1|SCGB1D4|CCDC126|CUL2",4,1.043,0.777,1.4,0.778,0.496,0.396,0.596
"TCGA_heldout",FALSE,"protein_coding","random",979,"HSH2D|HNRNPL|TBC1D5|CRB3",4,0.961,0.682,1.353,0.818,0.514,0.404,0.624
"TCGA_heldout",FALSE,"protein_coding","random",980,"SPATA25|YWHAG|PPP1R11|THADA",4,1.224,0.882,1.699,0.227,0.57,0.481,0.659
"TCGA_heldout",FALSE,"protein_coding","random",981,"PRICKLE2|SEMA4B|DCSTAMP|PRDX2",4,1.016,0.732,1.409,0.924,0.474,0.374,0.574
"TCGA_heldout",FALSE,"protein_coding","random",982,"SETBP1|FAM111B|PLEKHG7|GRK7",4,0.913,0.646,1.292,0.608,0.476,0.362,0.59
"TCGA_heldout",FALSE,"protein_coding","random",983,"UBN1|ARL11|RAB11FIP5|ANKRD36C",4,0.976,0.717,1.329,0.879,0.511,0.402,0.621
"TCGA_heldout",FALSE,"protein_coding","random",984,"TMEM19|DHRS1|KRT37|MASP2",4,0.787,0.559,1.109,0.171,0.604,0.503,0.704
"TCGA_heldout",FALSE,"protein_coding","random",985,"GPRIN1|TRIM8|SHCBP1|ZBED5",4,1.3,0.935,1.807,0.119,0.6,0.505,0.694
"TCGA_heldout",FALSE,"protein_coding","random",986,"C11orf80|EID2|TMEM245|TMEM163",4,0.876,0.612,1.254,0.47,0.567,0.471,0.663
"TCGA_heldout",FALSE,"protein_coding","random",987,"ARMC4|SMAD3|SSBP3|FAAP24",4,1.173,0.855,1.61,0.323,0.599,0.488,0.711
"TCGA_heldout",FALSE,"protein_coding","random",988,"EIF2A|NMNAT3|KCNAB1|CD83",4,0.895,0.639,1.254,0.52,0.542,0.43,0.653
"TCGA_heldout",FALSE,"protein_coding","random",989,"C8orf44-SGK3|SHH|NDUFV2|PADI3",4,0.82,0.583,1.154,0.255,0.557,0.453,0.661
"TCGA_heldout",FALSE,"protein_coding","random",990,"CHKB|ANKRD2|TRIP13|OR2A7",4,0.887,0.639,1.233,0.476,0.485,0.377,0.594
"TCGA_heldout",FALSE,"protein_coding","random",991,"PTPMT1|SYT6|FGF5|NSUN4",4,0.885,0.62,1.261,0.498,0.512,0.401,0.622
"TCGA_heldout",FALSE,"protein_coding","random",992,"NOBOX|ZNF718|EDF1|MRPL19",4,1.462,1.062,2.014,0.0199,0.583,0.47,0.696
"TCGA_heldout",FALSE,"protein_coding","random",993,"SYNJ2BP-COX16|EXOC3L2|SREBF2|DCAF6",4,1.044,0.76,1.434,0.79,0.504,0.415,0.594
"TCGA_heldout",FALSE,"protein_coding","random",994,"MARCHF9|SERPINF2|TTC23L|ZNF296",4,0.8,0.6,1.066,0.128,0.585,0.479,0.69
"TCGA_heldout",FALSE,"protein_coding","random",995,"ZNF841|CD5L|SLC12A8|UQCRB",4,1.159,0.883,1.521,0.288,0.549,0.446,0.652
"TCGA_heldout",FALSE,"protein_coding","random",996,"WRN|PTX3|RAD54L|PYGO1",4,1.181,0.866,1.612,0.293,0.567,0.465,0.67
"TCGA_heldout",FALSE,"protein_coding","random",997,"OTUD7B|FBXO32|TBXA2R|POM121L2",4,1.61,1.174,2.208,0.00316,0.633,0.544,0.722
"TCGA_heldout",FALSE,"protein_coding","random",998,"KRBOX4|PRSS8|POLR2D|BAZ1A",4,0.834,0.588,1.184,0.311,0.588,0.484,0.692
"TCGA_heldout",FALSE,"protein_coding","random",999,"CCDC15|RPL32|NIFK|CLRN1",4,1.24,0.908,1.693,0.177,0.556,0.456,0.656
"TCGA_heldout",FALSE,"protein_coding","random",1000,"HCFC1R1|GET3|EMC3|C8orf33",4,0.997,0.719,1.381,0.984,0.513,0.405,0.621
"TCGA_heldout",FALSE,"proliferation_matched","random",1,"CDC25C|TDG|ZNF763|KNSTRN",4,1.22,0.872,1.707,0.246,0.572,0.462,0.683
"TCGA_heldout",FALSE,"proliferation_matched","random",2,"ILF3|MFAP4|DHX37|ADAM12",4,1.494,1.002,2.228,0.0486,0.612,0.512,0.711
"TCGA_heldout",FALSE,"proliferation_matched","random",3,"CCDC137|ALDH18A1|PRCD|RAD54B",4,1.081,0.799,1.464,0.614,0.569,0.456,0.682
"TCGA_heldout",FALSE,"proliferation_matched","random",4,"MALL|ZGRF1|INCENP|UCK2",4,1.104,0.806,1.511,0.537,0.55,0.45,0.651
"TCGA_heldout",FALSE,"proliferation_matched","random",5,"PCNX3|TMEM205|FOLR1|CA3",4,0.915,0.659,1.27,0.596,0.55,0.449,0.652
"TCGA_heldout",FALSE,"proliferation_matched","random",6,"TRIP13|NKIRAS1|SNRNP200|DENR",4,1.128,0.816,1.56,0.465,0.558,0.442,0.675
"TCGA_heldout",FALSE,"proliferation_matched","random",7,"HLA-DRA|HEMK1|ZNF596|NEK2",4,0.842,0.621,1.143,0.27,0.569,0.464,0.674
"TCGA_heldout",FALSE,"proliferation_matched","random",8,"MAPK10|E2F2|IL12RB2|LIG1",4,0.979,0.717,1.337,0.893,0.474,0.36,0.588
"TCGA_heldout",FALSE,"proliferation_matched","random",9,"RAB35|IPO9|RAB3B|SPC24",4,1.367,0.994,1.88,0.0545,0.623,0.525,0.721
"TCGA_heldout",FALSE,"proliferation_matched","random",10,"HEXA|FANCA|HSD17B8|FHOD1",4,0.949,0.697,1.291,0.737,0.546,0.45,0.642
"TCGA_heldout",FALSE,"proliferation_matched","random",11,"NEIL1|E2F7|DUSP22|BNIPL",4,0.997,0.728,1.365,0.985,0.508,0.406,0.61
"TCGA_heldout",FALSE,"proliferation_matched","random",12,"POU2F1|LRFN4|VANGL1|CYB5R1",4,1.442,1.033,2.014,0.0317,0.618,0.518,0.719
"TCGA_heldout",FALSE,"proliferation_matched","random",13,"FEN1|TXNIP|YWHAG|C11orf54",4,1.487,1.075,2.057,0.0166,0.616,0.505,0.727
"TCGA_heldout",FALSE,"proliferation_matched","random",14,"RPAP3|FAM72B|KIF24|ENAH",4,1.067,0.777,1.465,0.688,0.563,0.458,0.667
"TCGA_heldout",FALSE,"proliferation_matched","random",15,"CAMKK2|NAA50|PUS10|TNPO3",4,1.092,0.785,1.519,0.602,0.537,0.429,0.644
"TCGA_heldout",FALSE,"proliferation_matched","random",16,"C10orf143|NCAPG2|ZFP91|LARP1",4,1.26,0.93,1.706,0.136,0.62,0.523,0.717
"TCGA_heldout",FALSE,"proliferation_matched","random",17,"TUBG1|MYOC|GTF2IRD2|CFAP410",4,0.89,0.651,1.217,0.465,0.533,0.439,0.627
"TCGA_heldout",FALSE,"proliferation_matched","random",18,"CCDC32|FHIT|MASTL|TARDBP",4,1.091,0.796,1.494,0.588,0.57,0.466,0.673
"TCGA_heldout",FALSE,"proliferation_matched","random",19,"PARP3|HNRNPA3|DVL3|KPNA4",4,1.21,0.85,1.723,0.29,0.566,0.481,0.652
"TCGA_heldout",FALSE,"proliferation_matched","random",20,"EFTUD2|TMEM219|PENK|TCTA",4,0.857,0.636,1.155,0.312,0.572,0.471,0.673
"TCGA_heldout",FALSE,"proliferation_matched","random",21,"PAXIP1|NSD2|TEKT5|CATSPERG",4,0.576,0.405,0.818,0.0021,0.639,0.531,0.747
"TCGA_heldout",FALSE,"proliferation_matched","random",22,"RAD54B|GPR108|WASF1|HMGA1",4,1.183,0.83,1.686,0.353,0.569,0.458,0.679
"TCGA_heldout",FALSE,"proliferation_matched","random",23,"CTXND1|GINS2|RRM1|SYBU",4,1.254,0.928,1.695,0.14,0.61,0.505,0.715
"TCGA_heldout",FALSE,"proliferation_matched","random",24,"HLA-DRA|EPDR1|VIPR1|IL37",4,0.815,0.602,1.105,0.188,0.601,0.495,0.707
"TCGA_heldout",FALSE,"proliferation_matched","random",25,"SNRPA1|SMARCD1|N4BP2L1|NEK2",4,1.074,0.788,1.464,0.653,0.53,0.425,0.634
"TCGA_heldout",FALSE,"proliferation_matched","random",26,"ACCS|PLAC9|C9orf40|CAMKK2",4,0.976,0.702,1.357,0.886,0.484,0.382,0.586
"TCGA_heldout",FALSE,"proliferation_matched","random",27,"GTSE1|SFTA2|CDT1|PLAC9",4,1.146,0.849,1.546,0.374,0.575,0.482,0.668
"TCGA_heldout",FALSE,"proliferation_matched","random",28,"GBX2|SPATA6L|ITGA10|ADHFE1",4,0.855,0.634,1.153,0.306,0.516,0.422,0.61
"TCGA_heldout",FALSE,"proliferation_matched","random",29,"ERMAP|PSMD11|PIF1|TMEM59",4,1.086,0.812,1.452,0.579,0.536,0.436,0.635
"TCGA_heldout",FALSE,"proliferation_matched","random",30,"CYBRD1|TMEM205|SAPCD2|HROB",4,1.275,0.923,1.763,0.14,0.581,0.468,0.694
"TCGA_heldout",FALSE,"proliferation_matched","random",31,"CENPN|LETM1|ALG5|TICRR",4,1.141,0.856,1.52,0.369,0.573,0.472,0.675
"TCGA_heldout",FALSE,"proliferation_matched","random",32,"ACTR2|NUP107|KIF3B|POLA2",4,1.345,0.971,1.864,0.0747,0.628,0.53,0.726
"TCGA_heldout",FALSE,"proliferation_matched","random",33,"E2F1|SASS6|TAF5|CCDC150",4,1.027,0.761,1.387,0.86,0.55,0.45,0.65
"TCGA_heldout",FALSE,"proliferation_matched","random",34,"NOL10|TNFAIP8L1|HEXA|SLC1A7",4,1.339,0.975,1.839,0.0715,0.575,0.479,0.67
"TCGA_heldout",FALSE,"proliferation_matched","random",35,"VEGFD|CNP|DCLRE1B|KNSTRN",4,1.184,0.891,1.573,0.245,0.593,0.493,0.693
"TCGA_heldout",FALSE,"proliferation_matched","random",36,"CYB5R1|WDR43|RBM15|RAB27A",4,1.062,0.778,1.449,0.707,0.469,0.371,0.568
"TCGA_heldout",FALSE,"proliferation_matched","random",37,"NRAS|ERP27|CA3|SSB",4,0.961,0.671,1.377,0.828,0.494,0.396,0.592
"TCGA_heldout",FALSE,"proliferation_matched","random",38,"NID1|WDHD1|ATP2A2|PRCD",4,1.337,0.956,1.87,0.0895,0.585,0.482,0.688
"TCGA_heldout",FALSE,"proliferation_matched","random",39,"NSD2|POLE|SASS6|PAXIP1",4,0.927,0.676,1.271,0.636,0.482,0.389,0.576
"TCGA_heldout",FALSE,"proliferation_matched","random",40,"DNA2|CD1E|CTXND1|FAM83F",4,1.031,0.748,1.421,0.854,0.525,0.405,0.644
"TCGA_heldout",FALSE,"proliferation_matched","random",41,"GINS4|EIF5B|STK35|CCNB2",4,1.237,0.905,1.693,0.183,0.603,0.506,0.7
"TCGA_heldout",FALSE,"proliferation_matched","random",42,"FKTN|UCK2|PEX2|SF3B2",4,1.362,0.99,1.874,0.0577,0.645,0.556,0.734
"TCGA_heldout",FALSE,"proliferation_matched","random",43,"HSPB7|THYN1|PLK4|GEN1",4,0.887,0.655,1.202,0.44,0.511,0.397,0.626
"TCGA_heldout",FALSE,"proliferation_matched","random",44,"KIF22|TLR2|SPC24|FAM72C",4,1.049,0.757,1.453,0.776,0.522,0.412,0.632
"TCGA_heldout",FALSE,"proliferation_matched","random",45,"SMIM1|TRIM28|TEKT5|KIFBP",4,1.052,0.764,1.449,0.756,0.477,0.379,0.574
"TCGA_heldout",FALSE,"proliferation_matched","random",46,"FPGT-TNNI3K|DNMT3B|FBXO45|DNAJB11",4,1.198,0.882,1.629,0.248,0.595,0.503,0.688
"TCGA_heldout",FALSE,"proliferation_matched","random",47,"IL12RB2|ECHDC2|CPQ|OTC",4,0.838,0.602,1.166,0.295,0.547,0.43,0.664
"TCGA_heldout",FALSE,"proliferation_matched","random",48,"EHBP1|CEP78|CDCA4|RASSF7",4,1.416,1.042,1.925,0.0264,0.658,0.571,0.744
"TCGA_heldout",FALSE,"proliferation_matched","random",49,"SRSF8|EFTUD2|CKS1B|RBM14",4,1.047,0.783,1.398,0.757,0.542,0.431,0.652
"TCGA_heldout",FALSE,"proliferation_matched","random",50,"CFD|HSPD1|PUS7L|RGS13",4,1.013,0.742,1.383,0.935,0.528,0.428,0.629
"TCGA_heldout",FALSE,"proliferation_matched","random",51,"USP1|DNAJB11|APOH|KIF18B",4,1.101,0.805,1.504,0.547,0.569,0.457,0.681
"TCGA_heldout",FALSE,"proliferation_matched","random",52,"TRAIP|NCAPG2|GSTA5|SF3B3",4,1.049,0.765,1.439,0.766,0.537,0.433,0.64
"TCGA_heldout",FALSE,"proliferation_matched","random",53,"RASSF7|MCM3|ZNF433|ZMYND12",4,0.93,0.703,1.232,0.613,0.517,0.434,0.599
"TCGA_heldout",FALSE,"proliferation_matched","random",54,"CPA3|RIPK3|FGD1|NSUN2",4,0.884,0.649,1.205,0.437,0.524,0.413,0.635
"TCGA_heldout",FALSE,"proliferation_matched","random",55,"SMC2|BARD1|CEP135|HUWE1",4,1.136,0.839,1.539,0.408,0.562,0.463,0.66
"TCGA_heldout",FALSE,"proliferation_matched","random",56,"IARS1|DHRS12|STRIP2|KLHDC2",4,1.051,0.76,1.453,0.763,0.522,0.425,0.62
"TCGA_heldout",FALSE,"proliferation_matched","random",57,"TRIM28|FUBP3|SLC4A5|PGAM1",4,1.226,0.881,1.705,0.226,0.58,0.479,0.681
"TCGA_heldout",FALSE,"proliferation_matched","random",58,"NOM1|ADAM12|TUBB|ADHFE1",4,1.234,0.867,1.756,0.243,0.612,0.504,0.719
"TCGA_heldout",FALSE,"proliferation_matched","random",59,"ZNF146|ACOXL|ZNF433|NOSTRIN",4,0.851,0.619,1.169,0.319,0.562,0.457,0.667
"TCGA_heldout",FALSE,"proliferation_matched","random",60,"INTS13|DVL3|SUV39H2|GPD1L",4,0.852,0.622,1.168,0.321,0.548,0.451,0.645
"TCGA_heldout",FALSE,"proliferation_matched","random",61,"MARCKS|POLR3A|TEF|HMMR",4,1.327,0.963,1.828,0.0838,0.628,0.539,0.718
"TCGA_heldout",FALSE,"proliferation_matched","random",62,"CENPE|DEK|NEK2|KIF24",4,1.16,0.839,1.604,0.37,0.579,0.474,0.684
"TCGA_heldout",FALSE,"proliferation_matched","random",63,"GPRIN1|LOXL2|SCGB3A1|HDAC2",4,1.584,1.117,2.247,0.00992,0.627,0.526,0.728
"TCGA_heldout",FALSE,"proliferation_matched","random",64,"FANCA|CYB5D2|KNTC1|MCM3",4,0.974,0.706,1.342,0.87,0.463,0.36,0.566
"TCGA_heldout",FALSE,"proliferation_matched","random",65,"CHIT1|SBNO1|ZBTB39|KPNB1",4,0.963,0.71,1.306,0.81,0.485,0.392,0.579
"TCGA_heldout",FALSE,"proliferation_matched","random",66,"TOP3A|CKAP2|MPHOSPH9|CEP55",4,1.072,0.785,1.463,0.663,0.542,0.441,0.642
"TCGA_heldout",FALSE,"proliferation_matched","random",67,"DNAJC11|GINS1|TCHP|ZNF25",4,0.967,0.691,1.354,0.846,0.507,0.392,0.622
"TCGA_heldout",FALSE,"proliferation_matched","random",68,"PACSIN1|DNAJC2|DNAJC7|PKMYT1",4,1.124,0.823,1.535,0.461,0.589,0.478,0.7
"TCGA_heldout",FALSE,"proliferation_matched","random",69,"CARF|TCP1|ADPRM|TMEM201",4,0.848,0.592,1.215,0.369,0.558,0.444,0.673
"TCGA_heldout",FALSE,"proliferation_matched","random",70,"HMGA1|ANKRA2|HMMR|MCEE",4,1.254,0.926,1.698,0.144,0.584,0.482,0.686
"TCGA_heldout",FALSE,"proliferation_matched","random",71,"LYPD6|ELAVL1|DONSON|CDC7",4,1.202,0.884,1.633,0.24,0.607,0.506,0.709
"TCGA_heldout",FALSE,"proliferation_matched","random",72,"RNFT2|HNRNPL|TARS1|PLBD2",4,1.154,0.855,1.558,0.348,0.591,0.486,0.696
"TCGA_heldout",FALSE,"proliferation_matched","random",73,"MCF2L2|SENP1|MYOC|TACC3",4,1.274,0.911,1.782,0.156,0.599,0.497,0.702
"TCGA_heldout",FALSE,"proliferation_matched","random",74,"C14orf28|ADH1A|NPRL2|ANKLE2",4,0.699,0.502,0.975,0.0347,0.641,0.544,0.738
"TCGA_heldout",FALSE,"proliferation_matched","random",75,"ZNF596|RAD23B|WAPL|KIF22",4,1.284,0.929,1.775,0.13,0.588,0.479,0.696
"TCGA_heldout",FALSE,"proliferation_matched","random",76,"C18orf54|GDF7|NUP62|RBM17",4,0.992,0.726,1.355,0.959,0.463,0.372,0.554
"TCGA_heldout",FALSE,"proliferation_matched","random",77,"CLGN|BUB3|AURKA|ACAA1",4,1.181,0.854,1.632,0.315,0.585,0.48,0.689
"TCGA_heldout",FALSE,"proliferation_matched","random",78,"FAM72C|PTPRN|HMGA1|CDCA5",4,1.314,0.944,1.829,0.106,0.621,0.516,0.726
"TCGA_heldout",FALSE,"proliferation_matched","random",79,"URB2|CRY2|FUBP3|GGH",4,1.237,0.888,1.724,0.209,0.601,0.497,0.705
"TCGA_heldout",FALSE,"proliferation_matched","random",80,"CISH|RNF26|COCH|FANCD2",4,0.92,0.673,1.258,0.602,0.518,0.402,0.634
"TCGA_heldout",FALSE,"proliferation_matched","random",81,"NOD1|IMMT|TRIP13|ZWINT",4,1.086,0.796,1.482,0.602,0.572,0.464,0.68
"TCGA_heldout",FALSE,"proliferation_matched","random",82,"RSPO2|TMEM163|NKIRAS2|RRP1B",4,1.049,0.773,1.423,0.761,0.536,0.435,0.636
"TCGA_heldout",FALSE,"proliferation_matched","random",83,"ZFP64|KPNB1|USP10|KIF18A",4,1.324,0.943,1.858,0.105,0.601,0.503,0.699
"TCGA_heldout",FALSE,"proliferation_matched","random",84,"ALG5|SLC38A1|RGCC|CENPP",4,0.949,0.686,1.312,0.752,0.517,0.41,0.624
"TCGA_heldout",FALSE,"proliferation_matched","random",85,"GPR19|ZFP2|HLA-DPB1|NOP56",4,0.918,0.688,1.226,0.564,0.536,0.453,0.619
"TCGA_heldout",FALSE,"proliferation_matched","random",86,"TCP1|NRDC|TDG|RAB3B",4,1.275,0.935,1.739,0.124,0.614,0.518,0.711
"TCGA_heldout",FALSE,"proliferation_matched","random",87,"EHBP1|MTBP|GNG4|SMARCC1",4,1.281,0.938,1.749,0.12,0.633,0.535,0.732
"TCGA_heldout",FALSE,"proliferation_matched","random",88,"KIF11|CYB5R1|PRCC|TARS1",4,1.224,0.889,1.685,0.215,0.589,0.478,0.7
"TCGA_heldout",FALSE,"proliferation_matched","random",89,"ANKRD52|KIF2C|FCER1A|CLIP1",4,1.153,0.85,1.563,0.361,0.558,0.468,0.649
"TCGA_heldout",FALSE,"proliferation_matched","random",90,"FAM219B|ARHGEF4|HPGDS|ADH1A",4,0.831,0.61,1.132,0.241,0.6,0.495,0.706
"TCGA_heldout",FALSE,"proliferation_matched","random",91,"CCDC159|GAS2L3|NUP210|CYSTM1",4,0.874,0.625,1.222,0.431,0.548,0.445,0.651
"TCGA_heldout",FALSE,"proliferation_matched","random",92,"N4BP2L2|MPZL2|RIPK3|SMCHD1",4,0.806,0.607,1.071,0.137,0.632,0.528,0.736
"TCGA_heldout",FALSE,"proliferation_matched","random",93,"NUP155|MTBP|CYB5A|DKC1",4,0.941,0.672,1.317,0.722,0.515,0.406,0.624
"TCGA_heldout",FALSE,"proliferation_matched","random",94,"PTPN11|SESN1|ODF2|LRFN4",4,1.494,1.06,2.108,0.022,0.642,0.557,0.726
"TCGA_heldout",FALSE,"proliferation_matched","random",95,"TRIP13|PSMD11|MARCHF2|REEP5",4,1.291,0.919,1.812,0.14,0.549,0.431,0.666
"TCGA_heldout",FALSE,"proliferation_matched","random",96,"KDM1A|MYBPHL|SENP1|ST3GAL6",4,0.86,0.634,1.168,0.335,0.578,0.467,0.689
"TCGA_heldout",FALSE,"proliferation_matched","random",97,"STIP1|LRP2BP|ACCS|SF3B2",4,0.885,0.646,1.213,0.447,0.499,0.391,0.608
"TCGA_heldout",FALSE,"proliferation_matched","random",98,"LYRM9|RBM28|DCLRE1B|KLC4",4,1.069,0.789,1.449,0.667,0.559,0.447,0.671
"TCGA_heldout",FALSE,"proliferation_matched","random",99,"PRCD|NRAS|ZNF146|ZBTB2",4,1.113,0.767,1.616,0.573,0.524,0.414,0.633
"TCGA_heldout",FALSE,"proliferation_matched","random",100,"DLGAP5|ABCA8|UBAP2|BORA",4,1.159,0.82,1.638,0.403,0.606,0.508,0.705
"TCGA_heldout",FALSE,"proliferation_matched","random",101,"PSME4|SMC1A|HELLS|ARMCX6",4,0.902,0.643,1.265,0.548,0.498,0.378,0.618
"TCGA_heldout",FALSE,"proliferation_matched","random",102,"APOH|PTBP1|HAUS6|APCDD1L",4,1.306,0.937,1.822,0.116,0.618,0.513,0.724
"TCGA_heldout",FALSE,"proliferation_matched","random",103,"CBX5|NEIL1|ATP2B1|TMEM130",4,0.947,0.687,1.305,0.739,0.509,0.409,0.609
"TCGA_heldout",FALSE,"proliferation_matched","random",104,"PAK2|LEO1|GANAB|SPATA6",4,1.341,0.979,1.836,0.0676,0.628,0.528,0.727
"TCGA_heldout",FALSE,"proliferation_matched","random",105,"LCOR|HLA-DRB1|SYNDIG1L|LIG1",4,0.962,0.722,1.282,0.793,0.525,0.417,0.633
"TCGA_heldout",FALSE,"proliferation_matched","random",106,"ZNF433|TRAIP|PTPN11|RC3H2",4,1.107,0.794,1.543,0.549,0.545,0.445,0.645
"TCGA_heldout",FALSE,"proliferation_matched","random",107,"LRP2BP|MYO19|ISG20L2|BTNL9",4,0.839,0.601,1.173,0.304,0.508,0.395,0.621
"TCGA_heldout",FALSE,"proliferation_matched","random",108,"POLR1A|PPME1|EHBP1|CCNB1",4,1.467,1.079,1.995,0.0145,0.671,0.579,0.763
"TCGA_heldout",FALSE,"proliferation_matched","random",109,"SH3PXD2B|IL6R|IARS1|ZNF367",4,1.157,0.835,1.604,0.38,0.555,0.455,0.655
"TCGA_heldout",FALSE,"proliferation_matched","random",110,"TSPAN3|TARS1|CDIN1|PATL1",4,1.262,0.928,1.718,0.138,0.643,0.55,0.736
"TCGA_heldout",FALSE,"proliferation_matched","random",111,"PRIM1|N4BP2L2|ST7|SPAG5",4,0.997,0.72,1.38,0.986,0.467,0.352,0.582
"TCGA_heldout",FALSE,"proliferation_matched","random",112,"PENK|FGGY|BMS1|CAMKK2",4,1.107,0.815,1.503,0.515,0.567,0.457,0.678
"TCGA_heldout",FALSE,"proliferation_matched","random",113,"CLGN|FGD1|CHRNA9|CAB39L",4,1.01,0.734,1.389,0.952,0.539,0.437,0.64
"TCGA_heldout",FALSE,"proliferation_matched","random",114,"PIF1|MIS18A|KIF23|OPA1",4,1.188,0.868,1.625,0.283,0.599,0.496,0.702
"TCGA_heldout",FALSE,"proliferation_matched","random",115,"CDK2|USP10|PTGFRN|SUPT16H",4,1.25,0.895,1.744,0.19,0.564,0.456,0.672
"TCGA_heldout",FALSE,"proliferation_matched","random",116,"CCNE2|CCDC115|E2F7|PLOD2",4,1.213,0.868,1.695,0.258,0.56,0.455,0.664
"TCGA_heldout",FALSE,"proliferation_matched","random",117,"CCT6B|HLA-DPB1|XRCC2|FIGN",4,0.983,0.734,1.318,0.911,0.52,0.422,0.618
"TCGA_heldout",FALSE,"proliferation_matched","random",118,"DEPDC1B|CDC25A|GPR108|CRYL1",4,1.075,0.772,1.497,0.669,0.52,0.431,0.609
"TCGA_heldout",FALSE,"proliferation_matched","random",119,"GTF2IRD2|DNAJC11|DHX57|FCGRT",4,0.847,0.611,1.175,0.32,0.554,0.45,0.658
"TCGA_heldout",FALSE,"proliferation_matched","random",120,"CST3|KIF24|MALL|TROAP",4,1.055,0.784,1.421,0.723,0.501,0.402,0.6
"TCGA_heldout",FALSE,"proliferation_matched","random",121,"PARPBP|SSB|RNASE1|LYRM9",4,0.763,0.551,1.055,0.101,0.55,0.449,0.651
"TCGA_heldout",FALSE,"proliferation_matched","random",122,"KCND2|CBX1|MAMDC2|PTBP1",4,1.202,0.9,1.604,0.212,0.626,0.528,0.724
"TCGA_heldout",FALSE,"proliferation_matched","random",123,"TBC1D10A|KDM2A|ADGRF5|ZNF670-ZNF695",4,0.708,0.524,0.956,0.0242,0.631,0.533,0.73
"TCGA_heldout",FALSE,"proliferation_matched","random",124,"MGP|CCNJ|DROSHA|SPAG5",4,0.965,0.683,1.363,0.84,0.485,0.366,0.603
"TCGA_heldout",FALSE,"proliferation_matched","random",125,"REEP5|HCFC1|DELE1|RMI2",4,0.957,0.706,1.298,0.779,0.493,0.39,0.595
"TCGA_heldout",FALSE,"proliferation_matched","random",126,"NEMP1|CCNB1|FMO4|CTDSPL",4,1.074,0.766,1.506,0.679,0.527,0.426,0.628
"TCGA_heldout",FALSE,"proliferation_matched","random",127,"CEP78|PLK1|PKMYT1|TNPO3",4,1.379,0.999,1.905,0.051,0.642,0.546,0.737
"TCGA_heldout",FALSE,"proliferation_matched","random",128,"NOD1|TMEM205|CISH|ZFP69B",4,0.739,0.534,1.023,0.0684,0.608,0.519,0.697
"TCGA_heldout",FALSE,"proliferation_matched","random",129,"ZNF671|LIN9|PCNA|SF3B3",4,1.147,0.846,1.554,0.377,0.545,0.44,0.649
"TCGA_heldout",FALSE,"proliferation_matched","random",130,"CENPU|MAP4K4|MCF2L2|SNRPN",4,1.407,1.029,1.923,0.0324,0.606,0.511,0.701
"TCGA_heldout",FALSE,"proliferation_matched","random",131,"NUP50|RCC2|PSMD11|HROB",4,1.201,0.885,1.631,0.239,0.585,0.471,0.7
"TCGA_heldout",FALSE,"proliferation_matched","random",132,"TMEM163|INA|CHIA|SMARCC1",4,0.88,0.647,1.197,0.416,0.514,0.413,0.615
"TCGA_heldout",FALSE,"proliferation_matched","random",133,"CENPE|TMEM9B|MSH6|ALYREF",4,0.968,0.693,1.351,0.846,0.502,0.394,0.611
"TCGA_heldout",FALSE,"proliferation_matched","random",134,"GAS2L3|GEN1|HOXB9|LIN54",4,1.123,0.824,1.53,0.462,0.537,0.437,0.636
"TCGA_heldout",FALSE,"proliferation_matched","random",135,"MSANTD3|GINS3|LRRC36|CLSPN",4,1.116,0.812,1.534,0.497,0.557,0.45,0.665
"TCGA_heldout",FALSE,"proliferation_matched","random",136,"DDX55|NOP58|SASS6|DNAJC14",4,1.045,0.76,1.436,0.787,0.558,0.458,0.658
"TCGA_heldout",FALSE,"proliferation_matched","random",137,"ABCC6|LYRM9|TCEAL1|UNC13C",4,0.776,0.58,1.039,0.0891,0.591,0.495,0.687
"TCGA_heldout",FALSE,"proliferation_matched","random",138,"USP14|TYMS|MAPRE1|CHAF1A",4,1.192,0.865,1.641,0.283,0.566,0.462,0.669
"TCGA_heldout",FALSE,"proliferation_matched","random",139,"MDC1|PCLAF|MSL1|HAUS6",4,1.031,0.765,1.39,0.839,0.545,0.442,0.648
"TCGA_heldout",FALSE,"proliferation_matched","random",140,"HELLS|BNIPL|E2F8|N4BP2L2",4,0.838,0.617,1.138,0.258,0.489,0.383,0.596
"TCGA_heldout",FALSE,"proliferation_matched","random",141,"NOD1|C16orf89|GOSR1|DUSP22",4,0.906,0.655,1.253,0.552,0.558,0.456,0.66
"TCGA_heldout",FALSE,"proliferation_matched","random",142,"PCGF6|EP400|P2RX3|SFTA3",4,0.75,0.532,1.06,0.103,0.561,0.466,0.656
"TCGA_heldout",FALSE,"proliferation_matched","random",143,"METTL21C|SRSF8|IQGAP3|TOP2A",4,1.022,0.746,1.401,0.89,0.535,0.425,0.646
"TCGA_heldout",FALSE,"proliferation_matched","random",144,"CENPN|CPA3|RAD51AP1|CHIA",4,0.745,0.528,1.05,0.0924,0.553,0.44,0.665
"TCGA_heldout",FALSE,"proliferation_matched","random",145,"THOP1|KNSTRN|DNAJC10|SAAL1",4,1.378,1.012,1.878,0.0418,0.627,0.518,0.736
"TCGA_heldout",FALSE,"proliferation_matched","random",146,"SNRNP200|MSL1|RERG|NUDT16L1",4,0.957,0.71,1.289,0.772,0.554,0.454,0.654
"TCGA_heldout",FALSE,"proliferation_matched","random",147,"PIFO|TMEM42|GAPDH|KIF3C",4,1.08,0.794,1.469,0.623,0.546,0.444,0.648
"TCGA_heldout",FALSE,"proliferation_matched","random",148,"SELENOI|SMS|ACCS|KNL1",4,1.185,0.852,1.65,0.314,0.575,0.482,0.668
"TCGA_heldout",FALSE,"proliferation_matched","random",149,"SACS|LIN9|TBC1D10A|HASPIN",4,1.245,0.895,1.732,0.193,0.581,0.48,0.683
"TCGA_heldout",FALSE,"proliferation_matched","random",150,"MAPRE1|INMT|CENPE|UCK2",4,1.221,0.88,1.695,0.232,0.607,0.509,0.705
"TCGA_heldout",FALSE,"proliferation_matched","random",151,"XPOT|QSER1|DBF4|PRCD",4,0.962,0.705,1.313,0.808,0.487,0.38,0.594
"TCGA_heldout",FALSE,"proliferation_matched","random",152,"SBNO1|NAA50|PGAM1|CTDSPL",4,1.205,0.865,1.68,0.27,0.584,0.486,0.682
"TCGA_heldout",FALSE,"proliferation_matched","random",153,"DARS2|IL12RB2|TPX2|POLA1",4,1.162,0.835,1.618,0.374,0.556,0.45,0.661
"TCGA_heldout",FALSE,"proliferation_matched","random",154,"WAPL|POU2F3|TAF1A|LEO1",4,1.454,1.058,1.998,0.0211,0.637,0.551,0.723
"TCGA_heldout",FALSE,"proliferation_matched","random",155,"LTV1|ENTPD7|SCN7A|ZFP2",4,0.968,0.682,1.373,0.854,0.472,0.371,0.572
"TCGA_heldout",FALSE,"proliferation_matched","random",156,"RNH1|PDSS1|DSN1|PIK3IP1",4,0.921,0.677,1.254,0.602,0.504,0.395,0.613
"TCGA_heldout",FALSE,"proliferation_matched","random",157,"SENP8|RNFT2|SUMF2|RRP12",4,0.912,0.668,1.245,0.561,0.513,0.409,0.618
"TCGA_heldout",FALSE,"proliferation_matched","random",158,"POLE2|PPRC1|N4BP2L1|PLLP",4,1.052,0.764,1.449,0.756,0.508,0.408,0.607
"TCGA_heldout",FALSE,"proliferation_matched","random",159,"TMEM205|ZNF491|HDGF|C1orf53",4,1.096,0.793,1.515,0.578,0.482,0.385,0.58
"TCGA_heldout",FALSE,"proliferation_matched","random",160,"LIG1|WDR62|PRCC|MTFR2",4,1.166,0.851,1.598,0.34,0.584,0.478,0.691
"TCGA_heldout",FALSE,"proliferation_matched","random",161,"GCN1|RFC5|ANKDD1B|TEF",4,0.82,0.592,1.138,0.235,0.488,0.386,0.589
"TCGA_heldout",FALSE,"proliferation_matched","random",162,"PLK1|C1orf112|STIL|DHX33",4,1.176,0.854,1.619,0.321,0.587,0.482,0.692
"TCGA_heldout",FALSE,"proliferation_matched","random",163,"CMAS|ERCC6L|SLC6A17|OPA1",4,1.4,0.997,1.967,0.0522,0.604,0.509,0.7
"TCGA_heldout",FALSE,"proliferation_matched","random",164,"TSTD1|RHEX|CDK5R1|NCAPH",4,0.923,0.661,1.29,0.64,0.55,0.446,0.653
"TCGA_heldout",FALSE,"proliferation_matched","random",165,"C4orf46|DDIAS|VCP|SRGAP1",4,1.217,0.87,1.704,0.252,0.593,0.494,0.693
"TCGA_heldout",FALSE,"proliferation_matched","random",166,"ENTPD3|TTF2|ERICH2|ABCF1",4,1.089,0.777,1.527,0.619,0.561,0.462,0.66
"TCGA_heldout",FALSE,"proliferation_matched","random",167,"SKA2|DNMT3B|PRR15L|GPRIN1",4,1.107,0.804,1.524,0.535,0.545,0.433,0.657
"TCGA_heldout",FALSE,"proliferation_matched","random",168,"CAV3|FXR1|MELK|ABHD14A",4,1.108,0.825,1.488,0.496,0.544,0.436,0.652
"TCGA_heldout",FALSE,"proliferation_matched","random",169,"TTL|SRSF1|HDGF|FHIT",4,1.214,0.889,1.659,0.223,0.591,0.486,0.696
"TCGA_heldout",FALSE,"proliferation_matched","random",170,"SPTLC3|SCGB3A2|HSD17B8|SPATA6L",4,0.891,0.658,1.206,0.454,0.568,0.473,0.662
"TCGA_heldout",FALSE,"proliferation_matched","random",171,"ZNF540|LYAR|SHCBP1|CENPM",4,1.097,0.817,1.474,0.537,0.577,0.464,0.689
"TCGA_heldout",FALSE,"proliferation_matched","random",172,"ERLIN1|MGST2|GPR19|HLA-DRA",4,1.026,0.734,1.433,0.882,0.517,0.408,0.626
"TCGA_heldout",FALSE,"proliferation_matched","random",173,"SRPK1|C14orf28|PRPF40A|SPTLC3",4,1.107,0.805,1.521,0.532,0.49,0.387,0.592
"TCGA_heldout",FALSE,"proliferation_matched","random",174,"RETNLB|CEP97|RBM28|FOLR1",4,0.909,0.669,1.235,0.541,0.489,0.375,0.604
"TCGA_heldout",FALSE,"proliferation_matched","random",175,"MCM3|VANGL1|ECT2|BAZ2A",4,1.259,0.904,1.753,0.173,0.604,0.514,0.694
"TCGA_heldout",FALSE,"proliferation_matched","random",176,"TSPAN4|SLC7A5|AMHR2|RGS13",4,0.797,0.576,1.103,0.172,0.549,0.443,0.655
"TCGA_heldout",FALSE,"proliferation_matched","random",177,"SMG5|E2F7|PSMD11|IPO8",4,1.14,0.827,1.57,0.424,0.584,0.483,0.684
"TCGA_heldout",FALSE,"proliferation_matched","random",178,"DNA2|P4HTM|ARHGDIB|DNAJC17",4,0.957,0.686,1.336,0.797,0.533,0.426,0.639
"TCGA_heldout",FALSE,"proliferation_matched","random",179,"UBAP2|SMS|RAD54B|SH3PXD2B",4,1.237,0.873,1.754,0.232,0.591,0.494,0.688
"TCGA_heldout",FALSE,"proliferation_matched","random",180,"DIAPH3|CSE1L|ANKRD52|GAS2L3",4,1.298,0.948,1.779,0.104,0.607,0.512,0.703
"TCGA_heldout",FALSE,"proliferation_matched","random",181,"SELENOW|POLQ|TMEM201|DNA2",4,0.884,0.657,1.188,0.413,0.526,0.422,0.631
"TCGA_heldout",FALSE,"proliferation_matched","random",182,"PPP2R5A|ADAMTS8|CNP|TEKT5",4,0.826,0.604,1.128,0.229,0.591,0.49,0.691
"TCGA_heldout",FALSE,"proliferation_matched","random",183,"GTF2IRD2B|HUWE1|IPO9|SMARCC1",4,1.12,0.803,1.561,0.506,0.561,0.454,0.667
"TCGA_heldout",FALSE,"proliferation_matched","random",184,"RGS13|EID1|DNA2|NTF4",4,0.927,0.684,1.257,0.628,0.578,0.484,0.672
"TCGA_heldout",FALSE,"proliferation_matched","random",185,"CNTFR|BBS4|DELE1|TMEM201",4,0.979,0.73,1.315,0.89,0.516,0.417,0.615
"TCGA_heldout",FALSE,"proliferation_matched","random",186,"CDCA4|ADH1B|FANCA|NUP205",4,0.957,0.691,1.325,0.791,0.476,0.376,0.575
"TCGA_heldout",FALSE,"proliferation_matched","random",187,"MCM5|RAB35|P2RX3|GFY",4,1.208,0.857,1.702,0.281,0.608,0.518,0.698
"TCGA_heldout",FALSE,"proliferation_matched","random",188,"RAD54B|EPOP|CCDC34|ACTR1B",4,0.887,0.656,1.199,0.435,0.52,0.41,0.63
"TCGA_heldout",FALSE,"proliferation_matched","random",189,"ZCWPW2|KDM2B|C10orf143|MAD2L1",4,0.808,0.598,1.093,0.167,0.551,0.429,0.672
"TCGA_heldout",FALSE,"proliferation_matched","random",190,"RRP1B|IQGAP3|AP2A1|NCAPG",4,1.434,1.029,1.999,0.0332,0.635,0.535,0.734
"TCGA_heldout",FALSE,"proliferation_matched","random",191,"RBM28|GHDC|NAA15|MGP",4,1.147,0.839,1.569,0.39,0.578,0.477,0.679
"TCGA_heldout",FALSE,"proliferation_matched","random",192,"ADHFE1|POLR1G|KNSTRN|NOL10",4,1.245,0.92,1.685,0.156,0.586,0.47,0.702
"TCGA_heldout",FALSE,"proliferation_matched","random",193,"ATAD2|RRP12|AMHR2|MAPRE1",4,0.991,0.732,1.344,0.956,0.461,0.355,0.567
"TCGA_heldout",FALSE,"proliferation_matched","random",194,"CCDC34|LIN54|NUP62|MAPRE1",4,1.168,0.858,1.591,0.324,0.574,0.476,0.671
"TCGA_heldout",FALSE,"proliferation_matched","random",195,"GSTA5|DHX37|KBTBD3|CDK12",4,0.713,0.506,1.005,0.0531,0.595,0.496,0.694
"TCGA_heldout",FALSE,"proliferation_matched","random",196,"SFTPD|C11orf54|NUP188|ACBD4",4,0.755,0.539,1.055,0.1,0.566,0.464,0.668
"TCGA_heldout",FALSE,"proliferation_matched","random",197,"SMG7|ZBTB39|ACAA1|SF3B2",4,1.284,0.909,1.815,0.156,0.567,0.469,0.664
"TCGA_heldout",FALSE,"proliferation_matched","random",198,"CCDC159|ZFP69B|ZNF491|ALG13",4,0.754,0.546,1.042,0.087,0.618,0.53,0.707
"TCGA_heldout",FALSE,"proliferation_matched","random",199,"UBE2T|TLR2|EHBP1|ADAR",4,1.245,0.919,1.685,0.156,0.588,0.504,0.673
"TCGA_heldout",FALSE,"proliferation_matched","random",200,"P2RX3|SMIM13|NOCT|GAL",4,1.038,0.766,1.405,0.811,0.542,0.427,0.658
"TCGA_heldout",FALSE,"proliferation_matched","random",201,"ASPM|DDX21|CTXND1|MCM3",4,1.44,1.021,2.03,0.0375,0.656,0.559,0.753
"TCGA_heldout",FALSE,"proliferation_matched","random",202,"LIG1|QSER1|PDCD11|DENND1A",4,1.226,0.885,1.697,0.22,0.591,0.492,0.69
"TCGA_heldout",FALSE,"proliferation_matched","random",203,"PKMYT1|GDF7|DONSON|HNMT",4,1.015,0.765,1.347,0.919,0.56,0.467,0.652
"TCGA_heldout",FALSE,"proliferation_matched","random",204,"CD300LG|NUP205|CLPB|GHDC",4,0.94,0.675,1.309,0.714,0.526,0.428,0.625
"TCGA_heldout",FALSE,"proliferation_matched","random",205,"MYOZ1|NATD1|ZNF671|CHIT1",4,0.845,0.622,1.146,0.279,0.607,0.494,0.72
"TCGA_heldout",FALSE,"proliferation_matched","random",206,"UBAP2|QSER1|POC1A|YPEL5",4,0.975,0.702,1.356,0.882,0.477,0.372,0.582
"TCGA_heldout",FALSE,"proliferation_matched","random",207,"MALL|ZNF552|E2F8|LYPD6",4,0.81,0.585,1.123,0.206,0.581,0.487,0.675
"TCGA_heldout",FALSE,"proliferation_matched","random",208,"PLAA|CTSG|CLPB|EXO1",4,0.936,0.683,1.283,0.682,0.489,0.385,0.594
"TCGA_heldout",FALSE,"proliferation_matched","random",209,"EIF5B|GIN1|HSPD1|WDHD1",4,1.246,0.891,1.742,0.199,0.56,0.45,0.669
"TCGA_heldout",FALSE,"proliferation_matched","random",210,"ECT2|LZTFL1|CCDC150|JARID2",4,1.015,0.735,1.401,0.929,0.553,0.45,0.655
"TCGA_heldout",FALSE,"proliferation_matched","random",211,"IL17RC|PPM1M|RRP12|STK35",4,1.191,0.847,1.676,0.314,0.535,0.413,0.658
"TCGA_heldout",FALSE,"proliferation_matched","random",212,"RIOK1|KLHDC1|LIG3|CDCA3",4,1.056,0.754,1.478,0.751,0.514,0.404,0.625
"TCGA_heldout",FALSE,"proliferation_matched","random",213,"GPD1L|SH3PXD2B|RFC3|SF3B2",4,1.032,0.761,1.399,0.838,0.567,0.459,0.675
"TCGA_heldout",FALSE,"proliferation_matched","random",214,"MTOR|TNNC1|VAMP8|ZSCAN4",4,0.79,0.551,1.131,0.197,0.604,0.493,0.716
"TCGA_heldout",FALSE,"proliferation_matched","random",215,"CTDSPL|PUS1|HNRNPL|ANKAR",4,1.114,0.827,1.5,0.478,0.561,0.476,0.647
"TCGA_heldout",FALSE,"proliferation_matched","random",216,"THYN1|CFAP20DC|RCOR2|SLC22A3",4,0.775,0.575,1.045,0.0943,0.53,0.419,0.641
"TCGA_heldout",FALSE,"proliferation_matched","random",217,"RAB27A|FAM72B|DIP2B|OPA1",4,1.521,1.077,2.146,0.0172,0.627,0.537,0.717
"TCGA_heldout",FALSE,"proliferation_matched","random",218,"TBX4|NUF2|TCEAL1|FAM83D",4,0.908,0.648,1.274,0.578,0.487,0.384,0.59
"TCGA_heldout",FALSE,"proliferation_matched","random",219,"DUSP22|KIF18A|R3HDM1|ADA",4,1.455,1.056,2.004,0.0217,0.636,0.528,0.744
"TCGA_heldout",FALSE,"proliferation_matched","random",220,"PTBP1|MRPL37|E2F2|EPDR1",4,1.212,0.898,1.637,0.209,0.596,0.484,0.708
"TCGA_heldout",FALSE,"proliferation_matched","random",221,"PTPN11|SHH|KNOP1|CABYR",4,1.277,0.928,1.756,0.133,0.57,0.475,0.665
"TCGA_heldout",FALSE,"proliferation_matched","random",222,"TMEM130|ACTR1B|ACSS1|ACSM1",4,0.798,0.598,1.065,0.125,0.642,0.541,0.744
"TCGA_heldout",FALSE,"proliferation_matched","random",223,"ACTR2|ZNF491|ACRV1|NEK2",4,1.361,0.967,1.915,0.0771,0.589,0.474,0.704
"TCGA_heldout",FALSE,"proliferation_matched","random",224,"CDC7|CDK12|CDKN3|TNNC1",4,0.969,0.716,1.312,0.837,0.478,0.38,0.575
"TCGA_heldout",FALSE,"proliferation_matched","random",225,"LYPD6|ADAMTS12|CCNA2|HPGD",4,1.597,1.118,2.282,0.0101,0.673,0.584,0.762
"TCGA_heldout",FALSE,"proliferation_matched","random",226,"CCDC32|SELENOI|OAS3|PIF1",4,1.043,0.794,1.371,0.76,0.55,0.456,0.643
"TCGA_heldout",FALSE,"proliferation_matched","random",227,"ARHGAP11A|UPRT|N4BP2L2|RETNLB",4,0.94,0.679,1.299,0.706,0.479,0.373,0.585
"TCGA_heldout",FALSE,"proliferation_matched","random",228,"HLA-DRB5|EFTUD2|CTSG|TMEM59",4,0.773,0.576,1.036,0.0851,0.612,0.499,0.725
"TCGA_heldout",FALSE,"proliferation_matched","random",229,"HDGF|GFY|ARHGAP11A|HSD17B6",4,1.301,0.957,1.767,0.0927,0.624,0.528,0.721
"TCGA_heldout",FALSE,"proliferation_matched","random",230,"NAV1|GPI|DRP2|TAF2",4,1.29,0.932,1.784,0.124,0.604,0.51,0.698
"TCGA_heldout",FALSE,"proliferation_matched","random",231,"FAM72A|CNP|WDR62|EIF4G3",4,1.226,0.897,1.677,0.202,0.587,0.487,0.688
"TCGA_heldout",FALSE,"proliferation_matched","random",232,"CSE1L|CPA3|PPME1|STK35",4,1.107,0.822,1.492,0.502,0.567,0.475,0.659
"TCGA_heldout",FALSE,"proliferation_matched","random",233,"GPR160|CDC45|GPRIN1|FAM72B",4,1.15,0.844,1.565,0.376,0.586,0.496,0.676
"TCGA_heldout",FALSE,"proliferation_matched","random",234,"PARP1|HSPD1|ADAMTS4|ADH1B",4,1.353,0.975,1.879,0.0709,0.594,0.481,0.708
"TCGA_heldout",FALSE,"proliferation_matched","random",235,"FMO5|BNIPL|U2AF2|PIMREG",4,1.049,0.744,1.479,0.784,0.545,0.435,0.656
"TCGA_heldout",FALSE,"proliferation_matched","random",236,"GBX2|RPAP3|EPDR1|MYH1",4,0.958,0.71,1.294,0.781,0.545,0.441,0.648
"TCGA_heldout",FALSE,"proliferation_matched","random",237,"NUP188|FBXO5|SSX2IP|R3HDM1",4,1.133,0.841,1.525,0.411,0.597,0.499,0.695
"TCGA_heldout",FALSE,"proliferation_matched","random",238,"PLK4|CREBRF|ADH1B|MSL1",4,0.823,0.601,1.128,0.226,0.583,0.489,0.676
"TCGA_heldout",FALSE,"proliferation_matched","random",239,"VEGFD|TTI1|TRAIP|ECT2",4,1.124,0.813,1.554,0.481,0.584,0.484,0.684
"TCGA_heldout",FALSE,"proliferation_matched","random",240,"CD81|LYRM1|FUBP3|KIF24",4,1.364,0.986,1.887,0.0606,0.585,0.472,0.698
"TCGA_heldout",FALSE,"proliferation_matched","random",241,"NSD2|PARP1|PRIM2|KCNK5",4,1.082,0.758,1.544,0.666,0.498,0.387,0.609
"TCGA_heldout",FALSE,"proliferation_matched","random",242,"RANBP1|XPO5|KIF24|PTPRN",4,1.098,0.808,1.492,0.549,0.567,0.46,0.674
"TCGA_heldout",FALSE,"proliferation_matched","random",243,"PCNA|PSMD11|STIL|NUP107",4,1.126,0.829,1.531,0.447,0.566,0.452,0.679
"TCGA_heldout",FALSE,"proliferation_matched","random",244,"NSD2|NTF4|ING4|HYLS1",4,0.813,0.579,1.142,0.232,0.54,0.428,0.653
"TCGA_heldout",FALSE,"proliferation_matched","random",245,"KLC2|PLAA|MSANTD3|IGIP",4,1.251,0.908,1.724,0.171,0.516,0.416,0.617
"TCGA_heldout",FALSE,"proliferation_matched","random",246,"ILF3|CEP128|TEKT5|GRIA1",4,0.763,0.543,1.072,0.119,0.585,0.478,0.691
"TCGA_heldout",FALSE,"proliferation_matched","random",247,"FCGRT|CDC27|CEP97|PPIF",4,1.203,0.903,1.602,0.207,0.57,0.479,0.661
"TCGA_heldout",FALSE,"proliferation_matched","random",248,"YES1|HSP90B1|FANCD2|SHH",4,1.079,0.775,1.502,0.653,0.526,0.416,0.637
"TCGA_heldout",FALSE,"proliferation_matched","random",249,"C11orf54|MTOR|HMMR|LYAR",4,1.106,0.816,1.5,0.516,0.576,0.476,0.677
"TCGA_heldout",FALSE,"proliferation_matched","random",250,"GGT6|PTGFRN|OIP5|RC3H2",4,1.069,0.772,1.481,0.688,0.577,0.474,0.679
"TCGA_heldout",FALSE,"proliferation_matched","random",251,"SMARCD1|ALDH18A1|ESPL1|SMARCD3",4,1.082,0.785,1.492,0.63,0.583,0.481,0.685
"TCGA_heldout",FALSE,"proliferation_matched","random",252,"GBX2|ELMOD3|ZFP91|TUBG1",4,1.057,0.781,1.429,0.72,0.538,0.435,0.641
"TCGA_heldout",FALSE,"proliferation_matched","random",253,"GNG7|TAF5|CD164L2|SP8",4,0.746,0.524,1.061,0.103,0.552,0.435,0.67
"TCGA_heldout",FALSE,"proliferation_matched","random",254,"ARHGDIB|ZFP91|CCDC32|GPR108",4,0.978,0.687,1.391,0.901,0.543,0.444,0.642
"TCGA_heldout",FALSE,"proliferation_matched","random",255,"ZMAT1|HNRNPA2B1|FCGRT|CCT5",4,0.984,0.731,1.325,0.916,0.54,0.433,0.647
"TCGA_heldout",FALSE,"proliferation_matched","random",256,"ANKRD18B|TIMM10B|ELMOD3|GLOD5",4,0.702,0.515,0.958,0.0255,0.561,0.457,0.664
"TCGA_heldout",FALSE,"proliferation_matched","random",257,"CATSPERG|TUBB|LRRC59|FAM98C",4,1.078,0.786,1.477,0.642,0.527,0.414,0.64
"TCGA_heldout",FALSE,"proliferation_matched","random",258,"C11orf54|GFY|SPATA6|PARG",4,0.747,0.535,1.042,0.0855,0.534,0.427,0.64
"TCGA_heldout",FALSE,"proliferation_matched","random",259,"ZNF695|FGGY|SAE1|CENPN",4,1.104,0.791,1.54,0.561,0.552,0.444,0.661
"TCGA_heldout",FALSE,"proliferation_matched","random",260,"DLC1|CCDC137|POLA1|NCAPH",4,1.09,0.771,1.542,0.625,0.542,0.427,0.657
"TCGA_heldout",FALSE,"proliferation_matched","random",261,"SCLT1|CENPI|VARS1|CHAF1A",4,1.261,0.917,1.733,0.154,0.612,0.511,0.713
"TCGA_heldout",FALSE,"proliferation_matched","random",262,"NR3C2|ORC6|MAMDC2|PHF19",4,0.9,0.67,1.21,0.486,0.485,0.383,0.587
"TCGA_heldout",FALSE,"proliferation_matched","random",263,"CAPN3|CEP135|PSRC1|POU2F1",4,0.917,0.679,1.239,0.574,0.506,0.404,0.608
"TCGA_heldout",FALSE,"proliferation_matched","random",264,"CTNNBIP1|AGMAT|SCTR|RNF26",4,1.028,0.755,1.399,0.862,0.5,0.396,0.604
"TCGA_heldout",FALSE,"proliferation_matched","random",265,"PLK1|EMC1|RFC4|DUSP22",4,1.294,0.932,1.797,0.124,0.579,0.468,0.69
"TCGA_heldout",FALSE,"proliferation_matched","random",266,"HASPIN|RUSF1|CENPW|SLC15A2",4,0.947,0.692,1.297,0.735,0.515,0.407,0.622
"TCGA_heldout",FALSE,"proliferation_matched","random",267,"PUS7L|HCFC1|ZBTB2|RCC2",4,1.062,0.752,1.5,0.732,0.552,0.449,0.655
"TCGA_heldout",FALSE,"proliferation_matched","random",268,"RETNLB|DVL3|HMMR|SEPTIN4",4,1.123,0.817,1.542,0.475,0.588,0.487,0.689
"TCGA_heldout",FALSE,"proliferation_matched","random",269,"KIF23|PATL1|PRRC2C|GPD1L",4,1.129,0.804,1.585,0.484,0.577,0.489,0.666
"TCGA_heldout",FALSE,"proliferation_matched","random",270,"ATP2B1|HUWE1|PIGX|TLK2",4,1.144,0.824,1.588,0.421,0.535,0.443,0.627
"TCGA_heldout",FALSE,"proliferation_matched","random",271,"CFAP221|ZBED5|EIF2S2|ABCF1",4,0.866,0.624,1.202,0.39,0.546,0.425,0.667
"TCGA_heldout",FALSE,"proliferation_matched","random",272,"TWNK|SKA1|FOLH1|PRPF40A",4,1.272,0.914,1.771,0.154,0.607,0.499,0.716
"TCGA_heldout",FALSE,"proliferation_matched","random",273,"MPZL2|MALL|CNTFR|KBTBD3",4,0.709,0.495,1.014,0.0593,0.622,0.516,0.728
"TCGA_heldout",FALSE,"proliferation_matched","random",274,"EID1|IL11RA|HMMR|CITED2",4,1.07,0.784,1.461,0.668,0.491,0.396,0.585
"TCGA_heldout",FALSE,"proliferation_matched","random",275,"KLHDC1|MEST|RFC5|WDR76",4,0.974,0.72,1.318,0.865,0.488,0.39,0.587
"TCGA_heldout",FALSE,"proliferation_matched","random",276,"SLC7A1|SLC6A17|DTYMK|CDC25A",4,1.376,0.988,1.916,0.0587,0.635,0.531,0.739
"TCGA_heldout",FALSE,"proliferation_matched","random",277,"HSPB7|IL37|ESF1|KHDRBS1",4,1.158,0.845,1.587,0.361,0.525,0.42,0.631
"TCGA_heldout",FALSE,"proliferation_matched","random",278,"GLOD5|NAA25|SPAG5|SELENOP",4,0.91,0.657,1.26,0.569,0.516,0.393,0.639
"TCGA_heldout",FALSE,"proliferation_matched","random",279,"CNP|SHCBP1|TLK2|ZNF671",4,1.08,0.771,1.515,0.654,0.531,0.429,0.633
"TCGA_heldout",FALSE,"proliferation_matched","random",280,"CHIT1|CENPJ|MTFR2|MTHFD2",4,1.098,0.796,1.514,0.568,0.562,0.459,0.665
"TCGA_heldout",FALSE,"proliferation_matched","random",281,"C1QTNF9|CLIP1|MALL|HLA-DMA",4,0.718,0.513,1.006,0.0539,0.62,0.519,0.721
"TCGA_heldout",FALSE,"proliferation_matched","random",282,"DNM1L|ABCC6|HLA-DRA|HPGD",4,0.836,0.609,1.148,0.267,0.579,0.48,0.677
"TCGA_heldout",FALSE,"proliferation_matched","random",283,"BLM|SLC15A2|ATP2A2|CDKL2",4,0.834,0.593,1.174,0.298,0.501,0.374,0.627
"TCGA_heldout",FALSE,"proliferation_matched","random",284,"SPC24|CDC25C|PXMP4|HOPX",4,0.956,0.696,1.313,0.781,0.476,0.379,0.573
"TCGA_heldout",FALSE,"proliferation_matched","random",285,"CLGN|GTPBP4|YEATS2|NUBP1",4,0.918,0.675,1.249,0.586,0.476,0.377,0.576
"TCGA_heldout",FALSE,"proliferation_matched","random",286,"METTL21C|FHOD1|CDC27|POU2F1",4,1.289,0.946,1.756,0.107,0.56,0.452,0.668
"TCGA_heldout",FALSE,"proliferation_matched","random",287,"PEDS1|EPDR1|CPQ|STRIP2",4,1.274,0.925,1.757,0.139,0.581,0.477,0.685
"TCGA_heldout",FALSE,"proliferation_matched","random",288,"ZNF697|HSP90B1|DPEP2|E2F3",4,1.094,0.818,1.462,0.546,0.579,0.476,0.682
"TCGA_heldout",FALSE,"proliferation_matched","random",289,"LETM1|PLLP|SAE1|NKIRAS2",4,1.275,0.931,1.744,0.129,0.604,0.509,0.698
"TCGA_heldout",FALSE,"proliferation_matched","random",290,"CBX5|HOXD11|CDK12|GPI",4,1.358,1.01,1.827,0.0431,0.604,0.503,0.706
"TCGA_heldout",FALSE,"proliferation_matched","random",291,"BTD|CENPW|URB2|APOO",4,1.221,0.905,1.648,0.191,0.59,0.493,0.687
"TCGA_heldout",FALSE,"proliferation_matched","random",292,"EHBP1|KMT5A|TROAP|LARP1",4,1.472,1.072,2.021,0.0169,0.656,0.564,0.748
"TCGA_heldout",FALSE,"proliferation_matched","random",293,"KLHDC2|GSAP|MASTL|P4HTM",4,0.792,0.57,1.1,0.164,0.591,0.49,0.691
"TCGA_heldout",FALSE,"proliferation_matched","random",294,"CYP4B1|BCCIP|NAA50|CAMKK2",4,1.025,0.765,1.374,0.867,0.544,0.433,0.655
"TCGA_heldout",FALSE,"proliferation_matched","random",295,"EIF4G3|ECT2|CCNB2|CPAMD8",4,1.274,0.922,1.76,0.143,0.599,0.504,0.693
"TCGA_heldout",FALSE,"proliferation_matched","random",296,"FANCD2|SAMD8|MAP4K4|SMARCC1",4,1.347,0.971,1.867,0.0741,0.614,0.517,0.712
"TCGA_heldout",FALSE,"proliferation_matched","random",297,"ACSM1|NAA50|KAT8|KLC4",4,0.96,0.679,1.357,0.818,0.531,0.413,0.649
"TCGA_heldout",FALSE,"proliferation_matched","random",298,"DNA2|FANCI|CYP4Z1|TNPO3",4,1.166,0.859,1.582,0.324,0.574,0.487,0.66
"TCGA_heldout",FALSE,"proliferation_matched","random",299,"TTLL4|GPR19|TSPAN3|SFTA2",4,0.801,0.58,1.106,0.177,0.554,0.453,0.654
"TCGA_heldout",FALSE,"proliferation_matched","random",300,"KIF18A|LCOR|EFCC1|ESYT3",4,0.775,0.552,1.089,0.141,0.588,0.47,0.706
"TCGA_heldout",FALSE,"proliferation_matched","random",301,"SASS6|CCDC77|GEN1|HNRNPL",4,1.137,0.83,1.56,0.424,0.563,0.46,0.666
"TCGA_heldout",FALSE,"proliferation_matched","random",302,"EFTUD2|CDCA8|KIF3B|FEN1",4,1.149,0.839,1.575,0.387,0.576,0.468,0.685
"TCGA_heldout",FALSE,"proliferation_matched","random",303,"MYH1|FAM72C|HSD17B8|FHL1",4,0.983,0.721,1.34,0.914,0.511,0.409,0.614
"TCGA_heldout",FALSE,"proliferation_matched","random",304,"RAB17|FOLR1|NEIL3|SULT1A2",4,0.78,0.581,1.049,0.1,0.55,0.433,0.666
"TCGA_heldout",FALSE,"proliferation_matched","random",305,"CNOT9|PCCA|KMT5A|KIF4A",4,1.201,0.885,1.63,0.239,0.601,0.503,0.699
"TCGA_heldout",FALSE,"proliferation_matched","random",306,"TAF5|MAPRE1|GANAB|SACS",4,1.343,0.983,1.834,0.0643,0.62,0.521,0.719
"TCGA_heldout",FALSE,"proliferation_matched","random",307,"CD1E|SULT1A2|PPM1M|ACOXL",4,0.729,0.542,0.982,0.0375,0.649,0.552,0.745
"TCGA_heldout",FALSE,"proliferation_matched","random",308,"GGTLC1|DAZAP1|CACUL1|SMC6",4,1.072,0.782,1.471,0.665,0.479,0.374,0.583
"TCGA_heldout",FALSE,"proliferation_matched","random",309,"RFC3|MPG|PLK4|MATN3",4,1.105,0.806,1.516,0.534,0.546,0.442,0.649
"TCGA_heldout",FALSE,"proliferation_matched","random",310,"MR1|HNRNPL|CDC7|GIN1",4,0.976,0.701,1.358,0.885,0.523,0.431,0.616
"TCGA_heldout",FALSE,"proliferation_matched","random",311,"CCDC150|CD302|RAP1GAP|KPNA2",4,0.788,0.575,1.081,0.14,0.552,0.43,0.673
"TCGA_heldout",FALSE,"proliferation_matched","random",312,"FKTN|ZMYND12|SGPL1|FAM83D",4,1.225,0.886,1.695,0.22,0.572,0.476,0.668
"TCGA_heldout",FALSE,"proliferation_matched","random",313,"CENPH|ZNF688|SF3B3|ASPA",4,1.354,0.969,1.894,0.0762,0.602,0.504,0.7
"TCGA_heldout",FALSE,"proliferation_matched","random",314,"ZNF763|SMG7|CEP128|ESF1",4,1.168,0.83,1.644,0.373,0.54,0.434,0.646
"TCGA_heldout",FALSE,"proliferation_matched","random",315,"IQGAP3|E2F3|MED11|FIGNL1",4,0.999,0.743,1.342,0.993,0.465,0.35,0.579
"TCGA_heldout",FALSE,"proliferation_matched","random",316,"PGAM5|CENPW|ZMYND15|GLOD5",4,0.854,0.629,1.161,0.314,0.524,0.421,0.628
"TCGA_heldout",FALSE,"proliferation_matched","random",317,"TAF1A|SLC49A3|SCN4B|BBS4",4,1.095,0.828,1.447,0.524,0.52,0.415,0.625
"TCGA_heldout",FALSE,"proliferation_matched","random",318,"CAND1|POU2F3|UBXN7|MCM3",4,1.141,0.794,1.638,0.476,0.554,0.462,0.646
"TCGA_heldout",FALSE,"proliferation_matched","random",319,"SELENOW|IL17RC|NCBP1|TLK2",4,1.008,0.738,1.376,0.962,0.476,0.369,0.582
"TCGA_heldout",FALSE,"proliferation_matched","random",320,"CEP250|FHL1|CHEK1|MEST",4,1.173,0.86,1.6,0.314,0.583,0.485,0.682
"TCGA_heldout",FALSE,"proliferation_matched","random",321,"XPO1|HNMT|CDC25A|ZNF763",4,0.983,0.727,1.33,0.911,0.516,0.417,0.616
"TCGA_heldout",FALSE,"proliferation_matched","random",322,"PA2G4|TLR2|HELLS|ZFP64",4,1.25,0.921,1.696,0.152,0.605,0.497,0.712
"TCGA_heldout",FALSE,"proliferation_matched","random",323,"HPGD|RPAP3|PEDS1|TMEM243",4,0.989,0.727,1.346,0.944,0.491,0.39,0.591
"TCGA_heldout",FALSE,"proliferation_matched","random",324,"MPHOSPH9|SELENOW|LIN54|CDKL2",4,0.681,0.472,0.985,0.0412,0.642,0.536,0.748
"TCGA_heldout",FALSE,"proliferation_matched","random",325,"HASPIN|CTSH|SLC27A1|HSD17B8",4,0.692,0.495,0.967,0.0312,0.626,0.526,0.726
"TCGA_heldout",FALSE,"proliferation_matched","random",326,"PLAA|GTF2IRD2B|CMA1|C18orf54",4,0.958,0.687,1.335,0.799,0.504,0.396,0.613
"TCGA_heldout",FALSE,"proliferation_matched","random",327,"PEDS1|LTC4S|SUPT16H|ZDHHC15",4,0.976,0.716,1.331,0.88,0.548,0.446,0.651
"TCGA_heldout",FALSE,"proliferation_matched","random",328,"TTI1|SLC2A1|UBA6|HSD17B8",4,1.282,0.939,1.752,0.118,0.576,0.474,0.678
"TCGA_heldout",FALSE,"proliferation_matched","random",329,"AHCTF1|ACSM1|RPL15|ZNF367",4,1.406,1.049,1.884,0.0226,0.609,0.513,0.704
"TCGA_heldout",FALSE,"proliferation_matched","random",330,"ESCO2|BDH2|CA3|EMC1",4,0.934,0.691,1.263,0.659,0.528,0.426,0.631
"TCGA_heldout",FALSE,"proliferation_matched","random",331,"KIFBP|SNRNP200|GAPDH|SRSF8",4,1.379,1.003,1.896,0.0475,0.608,0.52,0.695
"TCGA_heldout",FALSE,"proliferation_matched","random",332,"DRP2|KNOP1|ANKRA2|C11orf54",4,1.021,0.755,1.381,0.893,0.491,0.396,0.587
"TCGA_heldout",FALSE,"proliferation_matched","random",333,"NDRG2|GINS3|CCNE2|TROAP",4,0.877,0.624,1.231,0.447,0.518,0.409,0.628
"TCGA_heldout",FALSE,"proliferation_matched","random",334,"SLC35A1|SMC4|ALG13|MCM2",4,1.021,0.742,1.407,0.897,0.519,0.424,0.615
"TCGA_heldout",FALSE,"proliferation_matched","random",335,"ACBD4|DYRK2|SLC27A1|BMS1",4,0.893,0.64,1.246,0.506,0.523,0.421,0.625
"TCGA_heldout",FALSE,"proliferation_matched","random",336,"ING4|NEIL1|ANKRA2|ALG5",4,0.779,0.574,1.056,0.108,0.608,0.521,0.696
"TCGA_heldout",FALSE,"proliferation_matched","random",337,"ZFP91|SMC1A|CHIA|CA1",4,0.949,0.692,1.301,0.744,0.499,0.397,0.601
"TCGA_heldout",FALSE,"proliferation_matched","random",338,"CAB39L|N4BP2L2|CCDC115|TPX2",4,1.012,0.737,1.389,0.943,0.508,0.395,0.622
"TCGA_heldout",FALSE,"proliferation_matched","random",339,"SAPCD2|TDG|TMEM201|KBTBD3",4,0.96,0.711,1.296,0.79,0.469,0.36,0.578
"TCGA_heldout",FALSE,"proliferation_matched","random",340,"MED14|RNASE1|BCCIP|C16orf89",4,0.705,0.499,0.996,0.0476,0.612,0.516,0.709
"TCGA_heldout",FALSE,"proliferation_matched","random",341,"UBE2S|ZNF146|KIF18A|MCM3",4,1.272,0.906,1.785,0.165,0.577,0.464,0.689
"TCGA_heldout",FALSE,"proliferation_matched","random",342,"PRPF40A|CMA1|ADA|MAD2L1",4,1.111,0.809,1.526,0.514,0.552,0.46,0.644
"TCGA_heldout",FALSE,"proliferation_matched","random",343,"POLR1G|NOSTRIN|NRARP|SMC1A",4,1.343,0.956,1.887,0.0886,0.593,0.485,0.7
"TCGA_heldout",FALSE,"proliferation_matched","random",344,"STIP1|DTYMK|IGF2BP3|SENP8",4,1.249,0.896,1.743,0.19,0.581,0.464,0.697
"TCGA_heldout",FALSE,"proliferation_matched","random",345,"NUP155|NOSTRIN|USP14|EID1",4,1.36,0.999,1.851,0.051,0.608,0.509,0.707
"TCGA_heldout",FALSE,"proliferation_matched","random",346,"TOMM40|CDCA2|NCAPH|ST7",4,1.287,0.916,1.808,0.146,0.612,0.502,0.722
"TCGA_heldout",FALSE,"proliferation_matched","random",347,"DYRK2|HELLS|FANCM|CEP78",4,0.968,0.712,1.315,0.834,0.489,0.388,0.591
"TCGA_heldout",FALSE,"proliferation_matched","random",348,"CHEK1|PIF1|CPA3|RNFT2",4,0.89,0.665,1.191,0.433,0.495,0.395,0.595
"TCGA_heldout",FALSE,"proliferation_matched","random",349,"MAPRE1|ELMOD3|PLAC9|SSTR2",4,1.055,0.767,1.451,0.742,0.496,0.404,0.589
"TCGA_heldout",FALSE,"proliferation_matched","random",350,"NCOA6|ZMYND15|AHCTF1|SAAL1",4,1.295,0.963,1.742,0.0871,0.599,0.501,0.697
"TCGA_heldout",FALSE,"proliferation_matched","random",351,"GINS2|TUBB|MCM2|TICRR",4,1.185,0.852,1.648,0.314,0.575,0.467,0.682
"TCGA_heldout",FALSE,"proliferation_matched","random",352,"DNAJC17|LTC4S|E2F2|PAK2",4,1.366,0.948,1.969,0.0944,0.585,0.496,0.675
"TCGA_heldout",FALSE,"proliferation_matched","random",353,"CEP97|C1orf116|PRRC2C|FANCD2",4,1.046,0.754,1.45,0.79,0.523,0.431,0.615
"TCGA_heldout",FALSE,"proliferation_matched","random",354,"WDR4|SUV39H2|HEATR1|TIMELESS",4,1.113,0.821,1.51,0.489,0.561,0.455,0.668
"TCGA_heldout",FALSE,"proliferation_matched","random",355,"TACC3|ZNF433|FIP1L1|HSPD1",4,1.134,0.839,1.533,0.413,0.583,0.471,0.696
"TCGA_heldout",FALSE,"proliferation_matched","random",356,"CDK2|UMAD1|PPM1M|EMC3",4,0.841,0.6,1.179,0.316,0.596,0.49,0.701
"TCGA_heldout",FALSE,"proliferation_matched","random",357,"AURKB|TCP1|CD59|ADCY3",4,1.198,0.861,1.667,0.284,0.575,0.474,0.677
"TCGA_heldout",FALSE,"proliferation_matched","random",358,"CFD|UHRF1|MCM5|DHX33",4,1.519,1.09,2.116,0.0136,0.664,0.571,0.758
"TCGA_heldout",FALSE,"proliferation_matched","random",359,"ILF3|CPSF6|TNFSF12|CENPU",4,1.395,1.003,1.941,0.0482,0.617,0.512,0.722
"TCGA_heldout",FALSE,"proliferation_matched","random",360,"TMEM205|REEP5|RAD23B|NOCT",4,1.15,0.848,1.56,0.368,0.518,0.405,0.63
"TCGA_heldout",FALSE,"proliferation_matched","random",361,"SUSD2|ACLY|SKA2|SERBP1",4,1.248,0.903,1.724,0.18,0.554,0.448,0.661
"TCGA_heldout",FALSE,"proliferation_matched","random",362,"TTL|NTF4|SCGB3A2|TROAP",4,1.146,0.815,1.612,0.434,0.545,0.454,0.636
"TCGA_heldout",FALSE,"proliferation_matched","random",363,"PKMYT1|KLC4|SMS|SELENOI",4,1.344,0.988,1.829,0.0597,0.618,0.516,0.719
"TCGA_heldout",FALSE,"proliferation_matched","random",364,"GINS3|DDX10|SMC6|TESMIN",4,1.148,0.825,1.599,0.412,0.586,0.481,0.691
"TCGA_heldout",FALSE,"proliferation_matched","random",365,"NATD1|TXNDC15|EPOP|MTHFD1L",4,0.859,0.612,1.206,0.38,0.517,0.394,0.64
"TCGA_heldout",FALSE,"proliferation_matched","random",366,"PSMD1|ARHGEF4|E2F2|ZNF846",4,1.477,1.049,2.08,0.0255,0.65,0.56,0.74
"TCGA_heldout",FALSE,"proliferation_matched","random",367,"TPM3|NCAPG|LYRM1|ADH1A",4,1.068,0.766,1.489,0.698,0.512,0.406,0.619
"TCGA_heldout",FALSE,"proliferation_matched","random",368,"WDR75|PHKB|TARDBP|GPR108",4,1.037,0.773,1.391,0.809,0.496,0.394,0.597
"TCGA_heldout",FALSE,"proliferation_matched","random",369,"SNRPF|SPATA6|CEBPG|PAK2",4,1.176,0.874,1.582,0.285,0.57,0.475,0.665
"TCGA_heldout",FALSE,"proliferation_matched","random",370,"C9orf40|ANKRA2|CLGN|POLE2",4,0.996,0.73,1.357,0.978,0.496,0.387,0.605
"TCGA_heldout",FALSE,"proliferation_matched","random",371,"CMAS|RNASE1|EFTUD2|ZFP91",4,1.078,0.777,1.494,0.654,0.51,0.414,0.607
"TCGA_heldout",FALSE,"proliferation_matched","random",372,"ANKDD1B|TACC3|TSTD1|TMEM9B",4,0.804,0.595,1.086,0.155,0.593,0.489,0.697
"TCGA_heldout",FALSE,"proliferation_matched","random",373,"PA2G4|MAPRE1|FAM72A|MCM2",4,1.222,0.884,1.689,0.225,0.594,0.485,0.704
"TCGA_heldout",FALSE,"proliferation_matched","random",374,"NONO|SENP8|NSUN2|LIG3",4,0.974,0.685,1.383,0.881,0.512,0.395,0.629
"TCGA_heldout",FALSE,"proliferation_matched","random",375,"CDC6|TCOF1|VASH2|SART3",4,1.224,0.873,1.715,0.241,0.58,0.475,0.685
"TCGA_heldout",FALSE,"proliferation_matched","random",376,"MTIF2|MBLAC2|DDX55|PRPF4",4,0.948,0.692,1.298,0.74,0.504,0.394,0.613
"TCGA_heldout",FALSE,"proliferation_matched","random",377,"ERP27|ABTB1|CFD|SPINDOC",4,1.064,0.767,1.476,0.711,0.479,0.378,0.58
"TCGA_heldout",FALSE,"proliferation_matched","random",378,"CCNE1|BRI3BP|AP2A1|ERP27",4,1.187,0.861,1.637,0.295,0.575,0.475,0.676
"TCGA_heldout",FALSE,"proliferation_matched","random",379,"PPM1G|RAB17|MARCKS|UNC13C",4,1.118,0.835,1.495,0.455,0.572,0.475,0.67
"TCGA_heldout",FALSE,"proliferation_matched","random",380,"MTBP|TUBB|NCAPG2|SBNO1",4,1.144,0.838,1.562,0.397,0.586,0.486,0.687
"TCGA_heldout",FALSE,"proliferation_matched","random",381,"CYB5D2|AURKB|FAM83D|C10orf143",4,1.131,0.847,1.509,0.404,0.581,0.487,0.676
"TCGA_heldout",FALSE,"proliferation_matched","random",382,"TSC22D3|RFC3|CRBN|INA",4,1.038,0.735,1.466,0.833,0.502,0.4,0.604
"TCGA_heldout",FALSE,"proliferation_matched","random",383,"ACOXL|PARPBP|GNPNAT1|TBC1D31",4,1.02,0.742,1.402,0.902,0.547,0.455,0.64
"TCGA_heldout",FALSE,"proliferation_matched","random",384,"PCBD2|EPDR1|NOL10|FCGRT",4,1.024,0.739,1.418,0.887,0.469,0.366,0.573
"TCGA_heldout",FALSE,"proliferation_matched","random",385,"ARHGDIB|PIK3IP1|ORC1|PCLAF",4,1.069,0.768,1.489,0.691,0.529,0.42,0.638
"TCGA_heldout",FALSE,"proliferation_matched","random",386,"NRDC|PLK1|ENTPD7|LETM1",4,1.445,1.062,1.965,0.0191,0.67,0.579,0.761
"TCGA_heldout",FALSE,"proliferation_matched","random",387,"MRPL37|FAM98C|MTHFD2|ACTR2",4,1.298,0.949,1.776,0.102,0.571,0.47,0.672
"TCGA_heldout",FALSE,"proliferation_matched","random",388,"SMDT1|C2CD3|C1orf112|SACS",4,1.146,0.818,1.605,0.427,0.574,0.467,0.681
"TCGA_heldout",FALSE,"proliferation_matched","random",389,"WAPL|PPP1R1B|MEST|RAB35",4,1.184,0.871,1.608,0.28,0.572,0.478,0.667
"TCGA_heldout",FALSE,"proliferation_matched","random",390,"NASP|PSMC3IP|CCNE2|DVL3",4,0.992,0.735,1.34,0.958,0.473,0.368,0.579
"TCGA_heldout",FALSE,"proliferation_matched","random",391,"PGAM1|SRPK1|RBM17|HLF",4,1.02,0.734,1.416,0.907,0.533,0.435,0.63
"TCGA_heldout",FALSE,"proliferation_matched","random",392,"CTSO|CENPW|C9orf40|EIF4EBP3",4,1.174,0.865,1.594,0.302,0.569,0.47,0.667
"TCGA_heldout",FALSE,"proliferation_matched","random",393,"MAPRE1|CNTFR|ANGPTL5|MCMBP",4,1.09,0.796,1.494,0.59,0.537,0.432,0.642
"TCGA_heldout",FALSE,"proliferation_matched","random",394,"SCN4B|KNSTRN|SMCHD1|IQGAP3",4,1.249,0.919,1.698,0.155,0.607,0.502,0.711
"TCGA_heldout",FALSE,"proliferation_matched","random",395,"TTL|NUP50|DNAJC11|SPC25",4,1.179,0.859,1.618,0.307,0.56,0.456,0.664
"TCGA_heldout",FALSE,"proliferation_matched","random",396,"METTL21C|YEATS2|PPM1M|DELE1",4,0.899,0.651,1.24,0.516,0.586,0.475,0.698
"TCGA_heldout",FALSE,"proliferation_matched","random",397,"SELENBP1|NCAPG2|IL37|CENPO",4,0.935,0.676,1.293,0.684,0.496,0.398,0.594
"TCGA_heldout",FALSE,"proliferation_matched","random",398,"SELENOP|PARG|CYBRD1|COCH",4,0.981,0.722,1.331,0.9,0.518,0.402,0.635
"TCGA_heldout",FALSE,"proliferation_matched","random",399,"PPRC1|ECT2|FANCI|RASSF7",4,1.324,0.964,1.818,0.0826,0.625,0.532,0.719
"TCGA_heldout",FALSE,"proliferation_matched","random",400,"CLSPN|CEP97|SMDT1|CNP",4,1.046,0.789,1.388,0.754,0.547,0.445,0.649
"TCGA_heldout",FALSE,"proliferation_matched","random",401,"VAMP8|CEP78|TAF2|SSB",4,0.928,0.656,1.313,0.672,0.507,0.406,0.609
"TCGA_heldout",FALSE,"proliferation_matched","random",402,"MTBP|INSYN1|NKIRAS1|SMDT1",4,1.016,0.735,1.404,0.923,0.492,0.4,0.584
"TCGA_heldout",FALSE,"proliferation_matched","random",403,"CENPP|GTPBP4|NCL|SHMT2",4,1.275,0.929,1.749,0.132,0.605,0.493,0.717
"TCGA_heldout",FALSE,"proliferation_matched","random",404,"TTL|NASP|ALG13|PRIM1",4,1.062,0.773,1.459,0.711,0.553,0.446,0.661
"TCGA_heldout",FALSE,"proliferation_matched","random",405,"TDRD10|DDX55|RANBP1|ZNF25",4,0.675,0.485,0.94,0.02,0.672,0.571,0.774
"TCGA_heldout",FALSE,"proliferation_matched","random",406,"NUDT16L1|ACTR1B|WDR75|CRIP1",4,0.889,0.617,1.282,0.529,0.621,0.516,0.726
"TCGA_heldout",FALSE,"proliferation_matched","random",407,"MTIF2|KAT8|CCNDBP1|YWHAG",4,1.353,0.989,1.851,0.0584,0.589,0.492,0.686
"TCGA_heldout",FALSE,"proliferation_matched","random",408,"TARDBP|ADAMTS8|TOPBP1|CCDC77",4,1.15,0.847,1.563,0.371,0.588,0.489,0.686
"TCGA_heldout",FALSE,"proliferation_matched","random",409,"IQGAP3|ZNF846|MAPRE1|PENK",4,1.058,0.748,1.495,0.751,0.49,0.384,0.596
"TCGA_heldout",FALSE,"proliferation_matched","random",410,"NID1|DPEP2|CCDC115|POC1A",4,1.241,0.858,1.794,0.251,0.537,0.429,0.644
"TCGA_heldout",FALSE,"proliferation_matched","random",411,"GINS2|E2F3|KCTD18|SMC6",4,0.986,0.726,1.34,0.93,0.492,0.377,0.607
"TCGA_heldout",FALSE,"proliferation_matched","random",412,"PA2G4|KIF2C|KPNA2|KLHL42",4,1.274,0.915,1.775,0.152,0.593,0.481,0.706
"TCGA_heldout",FALSE,"proliferation_matched","random",413,"RAP1GAP|HAUS6|HNRNPU|MED14",4,1.133,0.804,1.596,0.477,0.535,0.425,0.646
"TCGA_heldout",FALSE,"proliferation_matched","random",414,"TAF5|ABCA8|PSMD2|NAV1",4,1.3,0.939,1.799,0.114,0.611,0.498,0.724
"TCGA_heldout",FALSE,"proliferation_matched","random",415,"KNOP1|KMT5A|THOP1|BLM",4,1.228,0.907,1.662,0.184,0.608,0.504,0.711
"TCGA_heldout",FALSE,"proliferation_matched","random",416,"CCNE1|FOLR1|UBAP2|DLGAP5",4,1.055,0.762,1.462,0.746,0.572,0.481,0.662
"TCGA_heldout",FALSE,"proliferation_matched","random",417,"CYB5R1|RAD23B|MYOC|KIF14",4,1.284,0.931,1.771,0.127,0.574,0.469,0.679
"TCGA_heldout",FALSE,"proliferation_matched","random",418,"MCM4|UNG|EIF4G1|MASTL",4,1.237,0.903,1.693,0.185,0.614,0.517,0.711
"TCGA_heldout",FALSE,"proliferation_matched","random",419,"KLHDC1|ECT2|CRYZL1|MEST",4,0.982,0.712,1.353,0.91,0.507,0.399,0.615
"TCGA_heldout",FALSE,"proliferation_matched","random",420,"CENPN|ILF3|CENPU|CRIP1",4,1.318,0.96,1.809,0.0882,0.596,0.496,0.697
"TCGA_heldout",FALSE,"proliferation_matched","random",421,"HMGB2|POLQ|NCAPG|FBXO5",4,1.105,0.801,1.525,0.542,0.558,0.452,0.664
"TCGA_heldout",FALSE,"proliferation_matched","random",422,"BRCA1|HOXB9|PRC1|DNAJC14",4,1.207,0.886,1.645,0.233,0.579,0.484,0.673
"TCGA_heldout",FALSE,"proliferation_matched","random",423,"TMEM130|GAS2L3|PRPF4|PSME4",4,0.967,0.707,1.323,0.834,0.524,0.409,0.639
"TCGA_heldout",FALSE,"proliferation_matched","random",424,"CEP97|GFY|USP14|KIF2C",4,1.145,0.824,1.591,0.42,0.588,0.485,0.691
"TCGA_heldout",FALSE,"proliferation_matched","random",425,"AP2A1|PRIM2|LARP4|NUP50",4,1.53,1.108,2.113,0.00983,0.644,0.542,0.746
"TCGA_heldout",FALSE,"proliferation_matched","random",426,"NSUN2|LMF1|MAD2L1|CITED2",4,1.084,0.789,1.49,0.617,0.524,0.42,0.628
"TCGA_heldout",FALSE,"proliferation_matched","random",427,"TNNC1|ORC1|SACS|NCS1",4,1.549,1.091,2.198,0.0143,0.626,0.526,0.726
"TCGA_heldout",FALSE,"proliferation_matched","random",428,"TARS1|NOCT|SPATA6|IARS1",4,1.042,0.761,1.426,0.799,0.553,0.439,0.667
"TCGA_heldout",FALSE,"proliferation_matched","random",429,"MPHOSPH9|GALNT11|SACS|ZMAT1",4,0.766,0.558,1.052,0.0996,0.579,0.476,0.681
"TCGA_heldout",FALSE,"proliferation_matched","random",430,"CCDC28A|MALL|IPO9|HNRNPR",4,1.026,0.749,1.406,0.871,0.506,0.397,0.616
"TCGA_heldout",FALSE,"proliferation_matched","random",431,"DNAJA1|SCN4B|SCGB3A1|DPEP2",4,0.932,0.675,1.286,0.668,0.543,0.433,0.653
"TCGA_heldout",FALSE,"proliferation_matched","random",432,"WAPL|DHX9|KIF22|CBX2",4,1.198,0.883,1.625,0.247,0.57,0.465,0.675
"TCGA_heldout",FALSE,"proliferation_matched","random",433,"CHEK2|GGH|CCNB1|CA13",4,0.953,0.701,1.295,0.757,0.45,0.341,0.558
"TCGA_heldout",FALSE,"proliferation_matched","random",434,"SELENOP|SNRPF|GPR19|CHEK1",4,1.062,0.786,1.436,0.694,0.545,0.439,0.65
"TCGA_heldout",FALSE,"proliferation_matched","random",435,"BRCA1|FKTN|RAD51|NEDD1",4,1.222,0.887,1.683,0.22,0.596,0.503,0.689
"TCGA_heldout",FALSE,"proliferation_matched","random",436,"CENPE|PSRC1|SPRY2|NEIL3",4,1.18,0.841,1.656,0.339,0.57,0.456,0.685
"TCGA_heldout",FALSE,"proliferation_matched","random",437,"TRIP13|KIF20B|ISG20L2|RMDN2",4,1.16,0.842,1.599,0.363,0.593,0.494,0.693
"TCGA_heldout",FALSE,"proliferation_matched","random",438,"MALL|THYN1|TARS1|ANLN",4,1.019,0.716,1.451,0.916,0.516,0.398,0.634
"TCGA_heldout",FALSE,"proliferation_matched","random",439,"CDCA5|RRP1B|MAMDC2|SGO2",4,1.378,0.994,1.911,0.0543,0.648,0.549,0.748
"TCGA_heldout",FALSE,"proliferation_matched","random",440,"ZBED1|POLD1|YWHAG|RRM1",4,1.383,0.993,1.927,0.0553,0.609,0.515,0.703
"TCGA_heldout",FALSE,"proliferation_matched","random",441,"FBXO5|PSMC3IP|RIOK1|DNAJC2",4,1.1,0.807,1.499,0.548,0.564,0.456,0.672
"TCGA_heldout",FALSE,"proliferation_matched","random",442,"SEPTIN4|BAZ2A|SETDB2|MBLAC2",4,0.908,0.691,1.193,0.489,0.597,0.481,0.713
"TCGA_heldout",FALSE,"proliferation_matched","random",443,"CCDC137|MYOC|NOSTRIN|ALDH18A1",4,1.155,0.844,1.58,0.369,0.63,0.536,0.724
"TCGA_heldout",FALSE,"proliferation_matched","random",444,"CTXND1|MEX3D|CENPA|CHEK2",4,1.042,0.757,1.434,0.802,0.57,0.471,0.67
"TCGA_heldout",FALSE,"proliferation_matched","random",445,"PARPBP|HMMR|ZNF695|NDC80",4,1.093,0.79,1.511,0.591,0.559,0.453,0.666
"TCGA_heldout",FALSE,"proliferation_matched","random",446,"HNRNPA2B1|ALOX15B|POU2F1|CCNA2",4,1.284,0.942,1.751,0.114,0.601,0.492,0.71
"TCGA_heldout",FALSE,"proliferation_matched","random",447,"TCF19|U2AF2|CYB5R1|FSBP",4,1.132,0.824,1.553,0.444,0.558,0.455,0.661
"TCGA_heldout",FALSE,"proliferation_matched","random",448,"MFAP4|HEATR1|CYP4B1|CDC25C",4,0.956,0.707,1.294,0.77,0.489,0.37,0.608
"TCGA_heldout",FALSE,"proliferation_matched","random",449,"NCAPD2|RDM1|VSIG2|RSPO2",4,0.927,0.672,1.277,0.642,0.487,0.374,0.6
"TCGA_heldout",FALSE,"proliferation_matched","random",450,"CCT6B|SPINDOC|CKAP4|PPP1R1B",4,0.969,0.707,1.33,0.847,0.493,0.394,0.591
"TCGA_heldout",FALSE,"proliferation_matched","random",451,"ZDHHC1|ZBED5|IPO8|TTI1",4,0.788,0.563,1.104,0.166,0.537,0.431,0.644
"TCGA_heldout",FALSE,"proliferation_matched","random",452,"NRARP|INPP5K|HSD17B8|CRIP1",4,1.113,0.799,1.551,0.527,0.452,0.345,0.56
"TCGA_heldout",FALSE,"proliferation_matched","random",453,"SLC1A7|SLC7A5|ZNF433|MCM7",4,0.816,0.583,1.14,0.233,0.534,0.431,0.637
"TCGA_heldout",FALSE,"proliferation_matched","random",454,"SSX2IP|TENM3|MAPK10|KIF24",4,1.127,0.828,1.534,0.447,0.576,0.477,0.675
"TCGA_heldout",FALSE,"proliferation_matched","random",455,"CENPI|ANKAR|CCNDBP1|SMDT1",4,1.004,0.719,1.402,0.98,0.514,0.414,0.613
"TCGA_heldout",FALSE,"proliferation_matched","random",456,"KIF24|CHEK1|NUP50|PAK2",4,1.354,0.953,1.924,0.091,0.616,0.518,0.714
"TCGA_heldout",FALSE,"proliferation_matched","random",457,"ORC6|SNRPA1|CCNJ|ELN",4,0.963,0.699,1.326,0.816,0.493,0.383,0.604
"TCGA_heldout",FALSE,"proliferation_matched","random",458,"PRIM2|DDX23|KLC4|GGTLC1",4,1.151,0.86,1.541,0.344,0.554,0.463,0.645
"TCGA_heldout",FALSE,"proliferation_matched","random",459,"GTF2IRD2|C18orf32|SMIM13|ANKDD1B",4,0.81,0.593,1.106,0.185,0.582,0.496,0.668
"TCGA_heldout",FALSE,"proliferation_matched","random",460,"XPO1|PPFIBP2|MSL1|MELK",4,0.875,0.648,1.183,0.387,0.547,0.447,0.647
"TCGA_heldout",FALSE,"proliferation_matched","random",461,"RACGAP1|OSGEP|HNRNPD|GGTLC1",4,0.921,0.676,1.257,0.606,0.538,0.423,0.652
"TCGA_heldout",FALSE,"proliferation_matched","random",462,"RECQL4|KDM2B|MSH6|SUZ12",4,0.965,0.7,1.329,0.826,0.525,0.417,0.633
"TCGA_heldout",FALSE,"proliferation_matched","random",463,"CDIN1|HLF|MED11|ZCWPW2",4,0.969,0.716,1.313,0.84,0.508,0.405,0.611
"TCGA_heldout",FALSE,"proliferation_matched","random",464,"ATP2A2|DNAJC17|VEGFD|KLHDC1",4,1.021,0.738,1.411,0.901,0.51,0.406,0.615
"TCGA_heldout",FALSE,"proliferation_matched","random",465,"HLA-DPB1|MARS1|ACOX2|NCAPH",4,0.839,0.618,1.139,0.26,0.521,0.411,0.631
"TCGA_heldout",FALSE,"proliferation_matched","random",466,"ANKRD52|C1QTNF9|CLGN|GMPS",4,0.958,0.7,1.311,0.789,0.474,0.368,0.58
"TCGA_heldout",FALSE,"proliferation_matched","random",467,"RDM1|ZNF688|ABHD14A|CLSPN",4,0.891,0.65,1.223,0.476,0.533,0.424,0.641
"TCGA_heldout",FALSE,"proliferation_matched","random",468,"INMT|DNAJC9|ARHGEF39|DNA2",4,1.032,0.774,1.376,0.83,0.561,0.47,0.652
"TCGA_heldout",FALSE,"proliferation_matched","random",469,"BRCA1|KBTBD3|CTNNBIP1|N4BP2L2",4,0.705,0.5,0.995,0.0466,0.598,0.497,0.699
"TCGA_heldout",FALSE,"proliferation_matched","random",470,"DCLRE1B|DHX8|TUBG1|RAP1GAP",4,1.024,0.756,1.388,0.877,0.518,0.414,0.621
"TCGA_heldout",FALSE,"proliferation_matched","random",471,"HNRNPA3|TTL|U2AF2|RASSF7",4,1.292,0.915,1.824,0.145,0.586,0.488,0.684
"TCGA_heldout",FALSE,"proliferation_matched","random",472,"ALG5|PLLP|IMMT|U2AF2",4,1.14,0.838,1.551,0.403,0.534,0.432,0.636
"TCGA_heldout",FALSE,"proliferation_matched","random",473,"KLC4|POC1A|YES1|CEP250",4,1.184,0.849,1.652,0.32,0.537,0.43,0.644
"TCGA_heldout",FALSE,"proliferation_matched","random",474,"KCNK5|PPP2R1B|CYP4Z1|FCHO2",4,0.877,0.654,1.175,0.377,0.606,0.503,0.708
"TCGA_heldout",FALSE,"proliferation_matched","random",475,"SHH|PCGF6|C5orf34|FANCA",4,1.099,0.813,1.485,0.541,0.588,0.484,0.692
"TCGA_heldout",FALSE,"proliferation_matched","random",476,"SERBP1|ST7|CDK2|CACUL1",4,1.353,0.97,1.886,0.0748,0.602,0.494,0.711
"TCGA_heldout",FALSE,"proliferation_matched","random",477,"SF3B3|RC3H2|WDR76|GRIA1",4,1.018,0.744,1.393,0.909,0.53,0.422,0.638
"TCGA_heldout",FALSE,"proliferation_matched","random",478,"NOP56|FBXO38|RECQL4|SAPCD2",4,1.145,0.827,1.584,0.416,0.572,0.458,0.686
"TCGA_heldout",FALSE,"proliferation_matched","random",479,"CCT2|METTL21C|USP31|PCNX3",4,1.169,0.82,1.665,0.388,0.531,0.423,0.639
"TCGA_heldout",FALSE,"proliferation_matched","random",480,"NCL|WDR43|ASF1B|ACTR1B",4,1.222,0.881,1.695,0.23,0.562,0.461,0.663
"TCGA_heldout",FALSE,"proliferation_matched","random",481,"PRC1|UPRT|STK35|ERCC6L",4,1.198,0.888,1.615,0.237,0.578,0.475,0.682
"TCGA_heldout",FALSE,"proliferation_matched","random",482,"ERP27|WDR4|CDC7|VRK1",4,0.933,0.678,1.284,0.67,0.497,0.379,0.616
"TCGA_heldout",FALSE,"proliferation_matched","random",483,"E2F1|MGP|FAM83F|SMIM1",4,0.964,0.716,1.299,0.81,0.512,0.42,0.604
"TCGA_heldout",FALSE,"proliferation_matched","random",484,"BUB1B|GBX2|ADH1A|VEGFD",4,0.938,0.681,1.291,0.692,0.485,0.384,0.587
"TCGA_heldout",FALSE,"proliferation_matched","random",485,"MED1|SKP2|ADPRM|SHMT2",4,1.211,0.884,1.659,0.232,0.601,0.493,0.709
"TCGA_heldout",FALSE,"proliferation_matched","random",486,"BRCA1|RPS6KC1|CCAR1|ZBTB2",4,1.117,0.805,1.55,0.507,0.581,0.473,0.689
"TCGA_heldout",FALSE,"proliferation_matched","random",487,"NOD1|SYNDIG1L|LARP1|PPFIBP2",4,0.897,0.658,1.224,0.494,0.541,0.436,0.645
"TCGA_heldout",FALSE,"proliferation_matched","random",488,"FCGRT|TCEAL1|CTSG|PLOD2",4,0.829,0.601,1.143,0.252,0.556,0.451,0.661
"TCGA_heldout",FALSE,"proliferation_matched","random",489,"LARP4|KIF18A|ORC1|HPGDS",4,1.159,0.841,1.597,0.366,0.539,0.43,0.649
"TCGA_heldout",FALSE,"proliferation_matched","random",490,"COL5A2|MGST2|SCN4B|GPD1L",4,1.009,0.741,1.374,0.953,0.484,0.374,0.593
"TCGA_heldout",FALSE,"proliferation_matched","random",491,"LRP2BP|KIF23|RHEX|ADH1A",4,0.735,0.533,1.014,0.0606,0.575,0.47,0.681
"TCGA_heldout",FALSE,"proliferation_matched","random",492,"MGP|ZBTB2|LCOR|NEIL1",4,0.833,0.617,1.124,0.232,0.517,0.421,0.613
"TCGA_heldout",FALSE,"proliferation_matched","random",493,"NEMP1|PTPN11|NCOA6|RAP1GAP",4,1.162,0.853,1.581,0.341,0.559,0.463,0.655
"TCGA_heldout",FALSE,"proliferation_matched","random",494,"USP10|ISG20L2|RBL1|SULT1A1",4,1.016,0.739,1.396,0.923,0.531,0.43,0.632
"TCGA_heldout",FALSE,"proliferation_matched","random",495,"SLC35A1|VIPR1|NEMP1|IMMT",4,1.038,0.777,1.388,0.799,0.557,0.46,0.655
"TCGA_heldout",FALSE,"proliferation_matched","random",496,"RPS6KC1|TFCP2|CEP78|U2SURP",4,1.149,0.833,1.585,0.399,0.565,0.464,0.666
"TCGA_heldout",FALSE,"proliferation_matched","random",497,"SMS|UNC13C|POC1A|ZFP69B",4,1.149,0.799,1.652,0.455,0.552,0.442,0.661
"TCGA_heldout",FALSE,"proliferation_matched","random",498,"SMPD4|MYBPHL|RPS6KC1|MEX3A",4,0.805,0.572,1.133,0.213,0.546,0.426,0.667
"TCGA_heldout",FALSE,"proliferation_matched","random",499,"CHEK1|DHX9|DHX33|FIGN",4,1.272,0.939,1.724,0.12,0.622,0.519,0.724
"TCGA_heldout",FALSE,"proliferation_matched","random",500,"SMG7|SLC25A16|PAICS|ACOX2",4,0.906,0.646,1.27,0.565,0.512,0.397,0.628
"TCGA_heldout",FALSE,"proliferation_matched","random",501,"TNPO3|TET3|CDC45|DENND1A",4,1.289,0.932,1.784,0.125,0.626,0.541,0.711
"TCGA_heldout",FALSE,"proliferation_matched","random",502,"KNL1|DHX36|GAL|FAM136A",4,1.251,0.908,1.724,0.17,0.601,0.501,0.7
"TCGA_heldout",FALSE,"proliferation_matched","random",503,"DHX57|TUBB|MED11|BTNL9",4,1.118,0.862,1.45,0.401,0.565,0.471,0.659
"TCGA_heldout",FALSE,"proliferation_matched","random",504,"NFIX|CA13|TCF19|MEX3D",4,0.995,0.73,1.357,0.976,0.502,0.4,0.603
"TCGA_heldout",FALSE,"proliferation_matched","random",505,"ST3GAL5|PPRC1|CYP2R1|CHEK1",4,0.805,0.576,1.125,0.204,0.534,0.425,0.643
"TCGA_heldout",FALSE,"proliferation_matched","random",506,"IMMT|KLC4|CREBRF|KHSRP",4,1.12,0.836,1.501,0.447,0.567,0.466,0.669
"TCGA_heldout",FALSE,"proliferation_matched","random",507,"MRPL37|ZNF695|ERICH2|UBAP2",4,1.062,0.754,1.498,0.73,0.556,0.441,0.671
"TCGA_heldout",FALSE,"proliferation_matched","random",508,"PIMREG|DEPDC1B|ATP13A4|CLPB",4,0.969,0.709,1.323,0.842,0.472,0.363,0.58
"TCGA_heldout",FALSE,"proliferation_matched","random",509,"DEPDC1|MMP28|PHYKPL|CD302",4,0.817,0.603,1.107,0.193,0.559,0.454,0.664
"TCGA_heldout",FALSE,"proliferation_matched","random",510,"CHEK1|UPRT|ACSS1|E2F2",4,0.796,0.577,1.097,0.163,0.547,0.442,0.651
"TCGA_heldout",FALSE,"proliferation_matched","random",511,"KLHDC1|MGP|PRDM4|FAAP24",4,1.021,0.716,1.456,0.908,0.545,0.44,0.65
"TCGA_heldout",FALSE,"proliferation_matched","random",512,"EIF4EBP3|TSPAN3|FAM136A|TSLP",4,0.849,0.633,1.139,0.275,0.568,0.472,0.663
"TCGA_heldout",FALSE,"proliferation_matched","random",513,"TCTA|HDGF|FAM72D|PENK",4,1.105,0.807,1.512,0.534,0.544,0.431,0.657
"TCGA_heldout",FALSE,"proliferation_matched","random",514,"PUS10|PRRC2A|MAD2L1|FXR1",4,1.222,0.872,1.713,0.244,0.556,0.451,0.661
"TCGA_heldout",FALSE,"proliferation_matched","random",515,"VRK1|XPO5|PENK|ALG13",4,0.819,0.555,1.207,0.313,0.557,0.451,0.662
"TCGA_heldout",FALSE,"proliferation_matched","random",516,"VASH2|CLU|USP10|LAPTM4A",4,1.104,0.807,1.51,0.537,0.539,0.436,0.643
"TCGA_heldout",FALSE,"proliferation_matched","random",517,"E2F7|WDR5|ACBD4|SHMT2",4,1.181,0.855,1.631,0.314,0.595,0.487,0.704
"TCGA_heldout",FALSE,"proliferation_matched","random",518,"RBM17|ZFP69B|DPP3|DIAPH3",4,1.121,0.819,1.535,0.474,0.585,0.484,0.685
"TCGA_heldout",FALSE,"proliferation_matched","random",519,"SMIM13|SMC1A|HEATR1|FAM168A",4,1.177,0.841,1.647,0.341,0.557,0.46,0.653
"TCGA_heldout",FALSE,"proliferation_matched","random",520,"ADAMTS8|RHEX|SPTLC3|SET",4,1.005,0.756,1.335,0.975,0.448,0.343,0.554
"TCGA_heldout",FALSE,"proliferation_matched","random",521,"SMDT1|ATP13A4|PA2G4|RIC3",4,0.946,0.705,1.269,0.711,0.538,0.441,0.635
"TCGA_heldout",FALSE,"proliferation_matched","random",522,"HNRNPH3|FOLH1|ZNF146|TSPAN4",4,1.449,1.027,2.045,0.0349,0.567,0.469,0.665
"TCGA_heldout",FALSE,"proliferation_matched","random",523,"SLC7A1|TACC3|RGS13|TARS1",4,1.169,0.847,1.613,0.343,0.612,0.504,0.719
"TCGA_heldout",FALSE,"proliferation_matched","random",524,"SMPD4|SMG7|TIMELESS|ERCC6L",4,1.153,0.847,1.57,0.365,0.555,0.451,0.659
"TCGA_heldout",FALSE,"proliferation_matched","random",525,"OIP5|DDX55|ARHGEF4|BDH2",4,1.085,0.805,1.462,0.592,0.592,0.495,0.689
"TCGA_heldout",FALSE,"proliferation_matched","random",526,"SHMT2|SFTPD|CDV3|CDK1",4,1.164,0.857,1.581,0.331,0.591,0.495,0.687
"TCGA_heldout",FALSE,"proliferation_matched","random",527,"VASH2|ADPRM|FHL1|GBX2",4,1.185,0.843,1.665,0.329,0.558,0.456,0.66
"TCGA_heldout",FALSE,"proliferation_matched","random",528,"UHRF1|ROBO2|TUBG1|NPRL2",4,0.96,0.707,1.305,0.794,0.48,0.369,0.59
"TCGA_heldout",FALSE,"proliferation_matched","random",529,"GRIA1|KHSRP|PPME1|CNP",4,1.125,0.825,1.536,0.456,0.543,0.45,0.636
"TCGA_heldout",FALSE,"proliferation_matched","random",530,"RAN|INMT|TROAP|MCM10",4,1.076,0.788,1.47,0.645,0.567,0.465,0.67
"TCGA_heldout",FALSE,"proliferation_matched","random",531,"MASTL|CRIP1|TUBA1C|DCLRE1B",4,1.318,0.967,1.797,0.0806,0.588,0.488,0.689
"TCGA_heldout",FALSE,"proliferation_matched","random",532,"HLA-DRB5|MAP4K4|LYPD6|SNED1",4,1.466,1.017,2.112,0.0401,0.561,0.462,0.659
"TCGA_heldout",FALSE,"proliferation_matched","random",533,"PXMP4|CENPM|WDR43|SGCA",4,0.949,0.677,1.329,0.759,0.484,0.382,0.585
"TCGA_heldout",FALSE,"proliferation_matched","random",534,"PTPRN|CEP55|LRFN4|EMC3",4,1.442,1.028,2.022,0.0341,0.616,0.513,0.72
"TCGA_heldout",FALSE,"proliferation_matched","random",535,"NUDT19|ZNF540|ECHDC2|HNRNPH3",4,0.882,0.658,1.182,0.401,0.572,0.469,0.674
"TCGA_heldout",FALSE,"proliferation_matched","random",536,"PENK|VANGL1|GLOD5|CYB5D2",4,1.155,0.841,1.588,0.374,0.555,0.445,0.666
"TCGA_heldout",FALSE,"proliferation_matched","random",537,"SHMT2|EXO1|ZNF540|TPM3",4,1.167,0.861,1.583,0.32,0.575,0.476,0.674
"TCGA_heldout",FALSE,"proliferation_matched","random",538,"CATSPERG|MSL1|PLA2G4F|NEIL3",4,0.8,0.588,1.088,0.155,0.587,0.472,0.703
"TCGA_heldout",FALSE,"proliferation_matched","random",539,"DDX23|TUBG1|CDCA2|NCS1",4,1.36,0.993,1.862,0.0556,0.613,0.511,0.715
"TCGA_heldout",FALSE,"proliferation_matched","random",540,"PTTG1|NAA50|STRIP2|ALYREF",4,1.235,0.882,1.731,0.22,0.597,0.49,0.704
"TCGA_heldout",FALSE,"proliferation_matched","random",541,"DCAF7|N4BP2L1|FANCA|SLC6A17",4,0.995,0.726,1.364,0.975,0.487,0.391,0.583
"TCGA_heldout",FALSE,"proliferation_matched","random",542,"PPM1M|FOXM1|PRKDC|COX16",4,1.161,0.856,1.573,0.338,0.592,0.496,0.687
"TCGA_heldout",FALSE,"proliferation_matched","random",543,"SNRPN|UMAD1|RIPK3|SCN4B",4,0.827,0.628,1.088,0.175,0.616,0.51,0.722
"TCGA_heldout",FALSE,"proliferation_matched","random",544,"ESPL1|GALNT11|PLOD2|CBX5",4,1.202,0.872,1.657,0.261,0.594,0.501,0.687
"TCGA_heldout",FALSE,"proliferation_matched","random",545,"CDIN1|SLC4A5|GGH|TBC1D10A",4,0.802,0.577,1.114,0.188,0.532,0.437,0.627
"TCGA_heldout",FALSE,"proliferation_matched","random",546,"MCM4|ACCS|CCDC77|WDHD1",4,1.059,0.764,1.469,0.73,0.556,0.444,0.667
"TCGA_heldout",FALSE,"proliferation_matched","random",547,"EIF5B|DROSHA|PRIM2|NEIL3",4,1.338,0.972,1.842,0.0743,0.631,0.521,0.742
"TCGA_heldout",FALSE,"proliferation_matched","random",548,"ABHD14A|ZWINT|ALG13|RC3H2",4,0.892,0.659,1.209,0.462,0.544,0.454,0.634
"TCGA_heldout",FALSE,"proliferation_matched","random",549,"IL37|TBX4|PRRC2C|SAP130",4,0.962,0.699,1.324,0.811,0.517,0.407,0.627
"TCGA_heldout",FALSE,"proliferation_matched","random",550,"KLC4|MTIF2|URB2|SSX2IP",4,1.115,0.818,1.518,0.491,0.555,0.461,0.649
"TCGA_heldout",FALSE,"proliferation_matched","random",551,"FANCB|ECHDC2|TAF5|FSBP",4,1.045,0.759,1.44,0.786,0.516,0.417,0.614
"TCGA_heldout",FALSE,"proliferation_matched","random",552,"N4BP2L1|RETNLB|NKIRAS1|BRIP1",4,0.908,0.649,1.27,0.573,0.521,0.411,0.631
"TCGA_heldout",FALSE,"proliferation_matched","random",553,"PCNX3|ASPM|ELMOD3|FAM83F",4,1.21,0.873,1.676,0.252,0.604,0.509,0.699
"TCGA_heldout",FALSE,"proliferation_matched","random",554,"BRI3BP|TROAP|DDIAS|ACOXL",4,0.965,0.714,1.305,0.817,0.454,0.352,0.556
"TCGA_heldout",FALSE,"proliferation_matched","random",555,"DROSHA|STIP1|POFUT1|CDC7",4,1.109,0.788,1.562,0.552,0.564,0.454,0.674
"TCGA_heldout",FALSE,"proliferation_matched","random",556,"NFIX|GPD1L|POLA2|RPP30",4,0.911,0.671,1.236,0.549,0.499,0.396,0.601
"TCGA_heldout",FALSE,"proliferation_matched","random",557,"MYH1|TWNK|HROB|MCM5",4,1.295,0.934,1.795,0.121,0.623,0.506,0.74
"TCGA_heldout",FALSE,"proliferation_matched","random",558,"PPME1|UNG|ARHGAP11A|KDM1A",4,1.195,0.869,1.642,0.273,0.579,0.477,0.68
"TCGA_heldout",FALSE,"proliferation_matched","random",559,"XRCC2|ZCWPW2|ERICH2|CCDC18",4,1.056,0.791,1.41,0.713,0.563,0.459,0.666
"TCGA_heldout",FALSE,"proliferation_matched","random",560,"RAN|EFTUD2|EIF4G1|MMP28",4,1.439,1.031,2.007,0.0324,0.613,0.509,0.717
"TCGA_heldout",FALSE,"proliferation_matched","random",561,"RPAP3|CFAP20DC|CRYL1|ZNF491",4,0.743,0.529,1.043,0.0863,0.588,0.481,0.695
"TCGA_heldout",FALSE,"proliferation_matched","random",562,"E2F3|FBXO38|CRBN|NSUN2",4,0.901,0.651,1.246,0.528,0.517,0.414,0.62
"TCGA_heldout",FALSE,"proliferation_matched","random",563,"GEN1|C1orf112|USP10|KLHDC2",4,0.906,0.669,1.228,0.524,0.538,0.43,0.647
"TCGA_heldout",FALSE,"proliferation_matched","random",564,"HMGA1|CNP|ABCA8|CACUL1",4,1.312,0.976,1.763,0.072,0.599,0.505,0.693
"TCGA_heldout",FALSE,"proliferation_matched","random",565,"CCT2|TARS1|RPS6KC1|RILP",4,1.214,0.869,1.697,0.255,0.542,0.43,0.653
"TCGA_heldout",FALSE,"proliferation_matched","random",566,"SSX2IP|PXMP4|MMP28|TMEM205",4,0.818,0.59,1.135,0.229,0.559,0.458,0.66
"TCGA_heldout",FALSE,"proliferation_matched","random",567,"SMC3|BBS4|CCDC150|PCBD2",4,1.106,0.826,1.481,0.498,0.573,0.484,0.663
"TCGA_heldout",FALSE,"proliferation_matched","random",568,"PLBD2|SF3B2|GFY|MCMBP",4,1.41,1.01,1.97,0.0438,0.648,0.558,0.739
"TCGA_heldout",FALSE,"proliferation_matched","random",569,"NKIRAS1|SRSF1|HNMT|RILP",4,0.97,0.689,1.366,0.864,0.516,0.42,0.613
"TCGA_heldout",FALSE,"proliferation_matched","random",570,"XPO1|CFD|MALL|E2F7",4,1.185,0.865,1.623,0.291,0.496,0.38,0.611
"TCGA_heldout",FALSE,"proliferation_matched","random",571,"CENPA|COL4A1|DSP|PRIM1",4,1.484,1.034,2.128,0.032,0.639,0.544,0.733
"TCGA_heldout",FALSE,"proliferation_matched","random",572,"USP14|DHRS12|ADAR|ALG5",4,1.219,0.887,1.675,0.222,0.534,0.437,0.631
"TCGA_heldout",FALSE,"proliferation_matched","random",573,"HOPX|RDM1|HSPD1|FIGN",4,0.984,0.714,1.356,0.922,0.492,0.385,0.598
"TCGA_heldout",FALSE,"proliferation_matched","random",574,"XPO6|CTXND1|MSH2|RUSF1",4,1.009,0.732,1.391,0.955,0.499,0.395,0.603
"TCGA_heldout",FALSE,"proliferation_matched","random",575,"KIF20A|ZSWIM7|PCLAF|SH3PXD2B",4,1.294,0.961,1.741,0.0894,0.624,0.507,0.742
"TCGA_heldout",FALSE,"proliferation_matched","random",576,"WASF1|TAF2|PRDM4|NFXL1",4,1.157,0.841,1.59,0.37,0.599,0.496,0.702
"TCGA_heldout",FALSE,"proliferation_matched","random",577,"CHRDL1|FAM98C|TMEM150A|PTGDR2",4,0.782,0.577,1.061,0.114,0.6,0.497,0.704
"TCGA_heldout",FALSE,"proliferation_matched","random",578,"MTFR2|RNASE1|SENP1|RUVBL1",4,1.023,0.756,1.384,0.883,0.53,0.423,0.637
"TCGA_heldout",FALSE,"proliferation_matched","random",579,"COQ6|LYAR|JARID2|STIL",4,1.158,0.827,1.623,0.393,0.563,0.448,0.678
"TCGA_heldout",FALSE,"proliferation_matched","random",580,"SPATA6L|KIF20A|ST3GAL5|FCHO2",4,0.903,0.671,1.215,0.501,0.546,0.46,0.631
"TCGA_heldout",FALSE,"proliferation_matched","random",581,"ADA|IL12RB2|CA1|CDCA3",4,1.118,0.819,1.527,0.481,0.58,0.48,0.68
"TCGA_heldout",FALSE,"proliferation_matched","random",582,"ZFP64|PIFO|ISG20L2|VANGL1",4,1.077,0.787,1.475,0.642,0.539,0.438,0.641
"TCGA_heldout",FALSE,"proliferation_matched","random",583,"CRY2|HROB|CCNB1|DSP",4,1.234,0.911,1.672,0.175,0.599,0.496,0.702
"TCGA_heldout",FALSE,"proliferation_matched","random",584,"KPNA2|NOP58|PLLP|EIF4EBP1",4,1.278,0.962,1.697,0.0903,0.627,0.517,0.737
"TCGA_heldout",FALSE,"proliferation_matched","random",585,"DALRD3|DNA2|DEPDC1B|HDAC2",4,1.108,0.807,1.522,0.526,0.569,0.465,0.673
"TCGA_heldout",FALSE,"proliferation_matched","random",586,"EMC3|KCND2|MCM6|CENPU",4,1.191,0.845,1.679,0.318,0.575,0.471,0.68
"TCGA_heldout",FALSE,"proliferation_matched","random",587,"CCDC138|TAF1A|ADAR|PRR11",4,1.25,0.907,1.722,0.172,0.611,0.513,0.709
"TCGA_heldout",FALSE,"proliferation_matched","random",588,"MED1|XPOT|SLC38A1|FANCB",4,0.988,0.718,1.36,0.943,0.463,0.357,0.569
"TCGA_heldout",FALSE,"proliferation_matched","random",589,"C1QTNF7|TTL|ACOXL|EIF4G3",4,0.983,0.729,1.325,0.91,0.526,0.417,0.635
"TCGA_heldout",FALSE,"proliferation_matched","random",590,"DHX8|HDGF|CCT5|DAZAP1",4,1.245,0.913,1.699,0.166,0.594,0.491,0.696
"TCGA_heldout",FALSE,"proliferation_matched","random",591,"APOH|SIAE|SSTR2|EID1",4,1.061,0.783,1.438,0.703,0.461,0.368,0.555
"TCGA_heldout",FALSE,"proliferation_matched","random",592,"VAMP8|TK1|LARP1|KHSRP",4,1.339,0.927,1.932,0.119,0.585,0.479,0.692
"TCGA_heldout",FALSE,"proliferation_matched","random",593,"TMEM59|C11orf54|ANG|MSANTD3",4,1.009,0.725,1.403,0.96,0.489,0.381,0.598
"TCGA_heldout",FALSE,"proliferation_matched","random",594,"ROS1|PPRC1|ARHGEF39|GTF2IRD2",4,1.015,0.725,1.422,0.931,0.554,0.463,0.646
"TCGA_heldout",FALSE,"proliferation_matched","random",595,"GPD1L|CLU|HMGB2|ADH1B",4,0.817,0.61,1.093,0.174,0.577,0.473,0.681
"TCGA_heldout",FALSE,"proliferation_matched","random",596,"CRIP1|DSP|ESYT3|RANBP3L",4,0.904,0.668,1.223,0.512,0.598,0.491,0.705
"TCGA_heldout",FALSE,"proliferation_matched","random",597,"RAN|CHAF1A|MCM10|DVL3",4,1.124,0.822,1.537,0.463,0.585,0.486,0.685
"TCGA_heldout",FALSE,"proliferation_matched","random",598,"FSBP|TEPP|ZNF671|TTF2",4,0.957,0.714,1.283,0.768,0.504,0.405,0.602
"TCGA_heldout",FALSE,"proliferation_matched","random",599,"AUNIP|NFIX|U2AF2|FAM72C",4,1.18,0.846,1.644,0.33,0.573,0.465,0.681
"TCGA_heldout",FALSE,"proliferation_matched","random",600,"PRR11|LAPTM4A|CYBRD1|HSD17B8",4,1.134,0.829,1.55,0.431,0.498,0.385,0.61
"TCGA_heldout",FALSE,"proliferation_matched","random",601,"SRSF8|ACCS|PTBP1|CTPS1",4,0.926,0.676,1.268,0.631,0.492,0.398,0.585
"TCGA_heldout",FALSE,"proliferation_matched","random",602,"FANCA|EPRS1|SULT1A1|NFIX",4,1.023,0.756,1.386,0.882,0.548,0.456,0.64
"TCGA_heldout",FALSE,"proliferation_matched","random",603,"CKAP2L|CYB5R1|MTHFD2|CYBRD1",4,1.156,0.834,1.603,0.384,0.511,0.4,0.622
"TCGA_heldout",FALSE,"proliferation_matched","random",604,"PCSK1|CENPP|ERLIN1|UGGT1",4,1.196,0.886,1.614,0.242,0.604,0.511,0.697
"TCGA_heldout",FALSE,"proliferation_matched","random",605,"RGCC|GAPDH|DHX33|TCF19",4,1.448,1.073,1.953,0.0154,0.653,0.551,0.755
"TCGA_heldout",FALSE,"proliferation_matched","random",606,"CDK5R1|NR3C2|WDR76|CTSV",4,1.241,0.902,1.707,0.185,0.583,0.478,0.687
"TCGA_heldout",FALSE,"proliferation_matched","random",607,"PARPBP|E2F7|EFCC1|BUB1B",4,1.148,0.842,1.565,0.384,0.577,0.477,0.677
"TCGA_heldout",FALSE,"proliferation_matched","random",608,"SLC38A1|N4BP2L2|SLC15A2|NOSTRIN",4,0.769,0.574,1.029,0.0774,0.583,0.485,0.68
"TCGA_heldout",FALSE,"proliferation_matched","random",609,"UBAP2|HLF|OAS3|SSBP2",4,0.993,0.72,1.369,0.964,0.488,0.385,0.59
"TCGA_heldout",FALSE,"proliferation_matched","random",610,"SNAI1|ASAP1|THYN1|GPR19",4,1.153,0.83,1.602,0.395,0.577,0.464,0.69
"TCGA_heldout",FALSE,"proliferation_matched","random",611,"SUV39H2|LIN9|PBXIP1|HCFC1",4,1.021,0.738,1.413,0.9,0.497,0.391,0.602
"TCGA_heldout",FALSE,"proliferation_matched","random",612,"LSG1|CDC27|HMMR|ADAM12",4,1.267,0.912,1.76,0.158,0.602,0.505,0.7
"TCGA_heldout",FALSE,"proliferation_matched","random",613,"DIP2B|ZFP69B|CCNF|ASPM",4,1.254,0.907,1.733,0.17,0.585,0.477,0.694
"TCGA_heldout",FALSE,"proliferation_matched","random",614,"ECHDC2|KPNA2|FGGY|PLLP",4,1.024,0.736,1.425,0.888,0.531,0.417,0.646
"TCGA_heldout",FALSE,"proliferation_matched","random",615,"CDC7|CYP4Z1|SAP130|TRAIP",4,0.998,0.721,1.381,0.989,0.483,0.372,0.594
"TCGA_heldout",FALSE,"proliferation_matched","random",616,"URB2|GATA1|SCGB3A1|ITGA9",4,0.824,0.593,1.145,0.248,0.572,0.46,0.683
"TCGA_heldout",FALSE,"proliferation_matched","random",617,"IL17RC|ACSM1|CKAP4|NSD2",4,1.28,0.942,1.741,0.115,0.599,0.499,0.698
"TCGA_heldout",FALSE,"proliferation_matched","random",618,"RNF26|CBX7|DROSHA|MEX3A",4,0.933,0.686,1.269,0.658,0.506,0.393,0.619
"TCGA_heldout",FALSE,"proliferation_matched","random",619,"HLA-DRB5|SHMT2|CFD|MCM3",4,1.084,0.802,1.466,0.6,0.564,0.473,0.654
"TCGA_heldout",FALSE,"proliferation_matched","random",620,"PRR11|CDC6|ILF3|KBTBD3",4,1.091,0.795,1.497,0.59,0.58,0.464,0.696
"TCGA_heldout",FALSE,"proliferation_matched","random",621,"GTPBP4|ZNF146|PCLAF|RFWD3",4,1.185,0.856,1.641,0.307,0.577,0.468,0.686
"TCGA_heldout",FALSE,"proliferation_matched","random",622,"SGO1|URB2|DAPK2|AC068831.6",4,1.035,0.774,1.384,0.814,0.519,0.419,0.62
"TCGA_heldout",FALSE,"proliferation_matched","random",623,"ANG|FUBP1|SNRPF|NUP210",4,0.984,0.718,1.348,0.918,0.448,0.332,0.564
"TCGA_heldout",FALSE,"proliferation_matched","random",624,"MEST|CACUL1|SGPL1|PPP2R1B",4,1.129,0.833,1.53,0.435,0.542,0.461,0.624
"TCGA_heldout",FALSE,"proliferation_matched","random",625,"HSPB7|DDX55|LRFN4|CFAP410",4,0.964,0.704,1.321,0.82,0.511,0.411,0.611
"TCGA_heldout",FALSE,"proliferation_matched","random",626,"TCHP|URB2|ANKDD1B|COL4A3",4,0.897,0.628,1.283,0.552,0.504,0.391,0.617
"TCGA_heldout",FALSE,"proliferation_matched","random",627,"MAMDC2|NUP107|CHRNA9|PENK",4,0.903,0.662,1.233,0.522,0.52,0.431,0.609
"TCGA_heldout",FALSE,"proliferation_matched","random",628,"EMC3|SASS6|MAD2L1|TCOF1",4,1.171,0.826,1.661,0.376,0.591,0.479,0.702
"TCGA_heldout",FALSE,"proliferation_matched","random",629,"LSG1|CTSV|C1orf112|FCHO2",4,1.025,0.745,1.411,0.88,0.507,0.41,0.604
"TCGA_heldout",FALSE,"proliferation_matched","random",630,"CLIP1|HNMT|DHX57|PARP3",4,0.959,0.67,1.37,0.816,0.521,0.41,0.633
"TCGA_heldout",FALSE,"proliferation_matched","random",631,"EHBP1|NFXL1|UBE2T|FHIT",4,1.221,0.898,1.662,0.203,0.631,0.529,0.733
"TCGA_heldout",FALSE,"proliferation_matched","random",632,"STRIP2|ARHGAP11A|KNTC1|CENPW",4,1.145,0.838,1.564,0.396,0.579,0.476,0.682
"TCGA_heldout",FALSE,"proliferation_matched","random",633,"SNRPF|RAB3B|RDM1|ROS1",4,1.049,0.765,1.439,0.765,0.541,0.437,0.644
"TCGA_heldout",FALSE,"proliferation_matched","random",634,"GPI|LDLRAD2|FAM72A|MED11",4,1.166,0.881,1.542,0.282,0.576,0.464,0.687
"TCGA_heldout",FALSE,"proliferation_matched","random",635,"SNRNP200|TENM3|SPATA6L|FMO5",4,0.956,0.692,1.32,0.783,0.469,0.354,0.583
"TCGA_heldout",FALSE,"proliferation_matched","random",636,"NUDT19|PCNX3|ZMAT1|POLQ",4,0.982,0.723,1.333,0.906,0.462,0.372,0.552
"TCGA_heldout",FALSE,"proliferation_matched","random",637,"SMC1A|GEN1|QTRT2|DBF4",4,1.063,0.775,1.458,0.706,0.547,0.449,0.644
"TCGA_heldout",FALSE,"proliferation_matched","random",638,"DROSHA|NCAPD2|SMIM13|NSUN2",4,1.291,0.942,1.769,0.112,0.617,0.511,0.724
"TCGA_heldout",FALSE,"proliferation_matched","random",639,"SGCA|TSLP|ABHD14A|UNC13C",4,0.905,0.665,1.231,0.524,0.545,0.448,0.642
"TCGA_heldout",FALSE,"proliferation_matched","random",640,"GPRIN1|PUS10|IQGAP3|ESPL1",4,1.118,0.809,1.544,0.5,0.554,0.456,0.652
"TCGA_heldout",FALSE,"proliferation_matched","random",641,"SCP2|KIF18B|TPM3|GINS4",4,1.237,0.893,1.712,0.201,0.588,0.486,0.689
"TCGA_heldout",FALSE,"proliferation_matched","random",642,"ACOXL|KIFC1|CS|EIF4EBP1",4,1.041,0.754,1.437,0.806,0.555,0.445,0.664
"TCGA_heldout",FALSE,"proliferation_matched","random",643,"ZNF688|ZNF552|ADAMTS12|GAL",4,1.232,0.872,1.742,0.236,0.557,0.449,0.665
"TCGA_heldout",FALSE,"proliferation_matched","random",644,"NUP50|TMEM163|EPDR1|C5orf34",4,1.026,0.753,1.399,0.869,0.509,0.398,0.621
"TCGA_heldout",FALSE,"proliferation_matched","random",645,"TCHP|ZNF670-ZNF695|EIF4EBP1|DPEP2",4,0.963,0.708,1.309,0.807,0.477,0.363,0.59
"TCGA_heldout",FALSE,"proliferation_matched","random",646,"CDCA4|SELENOP|ING4|SAE1",4,0.942,0.658,1.347,0.742,0.51,0.414,0.607
"TCGA_heldout",FALSE,"proliferation_matched","random",647,"NOCT|DSCC1|CSE1L|RMI2",4,1.069,0.785,1.455,0.673,0.557,0.449,0.665
"TCGA_heldout",FALSE,"proliferation_matched","random",648,"ABCC6|TSPAN4|ANGPTL5|FBXO38",4,0.852,0.626,1.16,0.309,0.567,0.474,0.66
"TCGA_heldout",FALSE,"proliferation_matched","random",649,"TNFSF13|MPHOSPH9|ADAR|FAM168A",4,1.013,0.748,1.371,0.934,0.53,0.436,0.624
"TCGA_heldout",FALSE,"proliferation_matched","random",650,"SCN4B|CD302|TONSL|P2RX3",4,0.803,0.59,1.093,0.163,0.583,0.48,0.687
"TCGA_heldout",FALSE,"proliferation_matched","random",651,"MYOZ1|AGPS|TBC1D31|MCM6",4,0.985,0.712,1.362,0.925,0.524,0.414,0.634
"TCGA_heldout",FALSE,"proliferation_matched","random",652,"YEATS2|BNIPL|PTPN11|HAGH",4,1.037,0.75,1.434,0.826,0.526,0.423,0.628
"TCGA_heldout",FALSE,"proliferation_matched","random",653,"TRIP13|XRCC2|RRP12|SLC1A7",4,1.15,0.826,1.601,0.409,0.584,0.475,0.693
"TCGA_heldout",FALSE,"proliferation_matched","random",654,"PRC1|USP1|GNG7|INTS13",4,1.166,0.863,1.576,0.316,0.569,0.48,0.657
"TCGA_heldout",FALSE,"proliferation_matched","random",655,"ZSCAN4|MSL1|SACS|CRYZL1",4,1.051,0.77,1.435,0.754,0.506,0.403,0.609
"TCGA_heldout",FALSE,"proliferation_matched","random",656,"FGGY|SBNO1|MTHFD1L|ABCA8",4,0.942,0.676,1.312,0.722,0.467,0.358,0.576
"TCGA_heldout",FALSE,"proliferation_matched","random",657,"DYRK2|GEN1|ZFP69B|LCOR",4,0.987,0.719,1.356,0.937,0.477,0.389,0.565
"TCGA_heldout",FALSE,"proliferation_matched","random",658,"THOP1|NSD2|SLC4A5|TBC1D10A",4,0.759,0.553,1.044,0.0897,0.574,0.477,0.671
"TCGA_heldout",FALSE,"proliferation_matched","random",659,"DVL3|CCT6B|GDF7|FANCA",4,0.793,0.577,1.09,0.152,0.518,0.408,0.628
"TCGA_heldout",FALSE,"proliferation_matched","random",660,"CBX5|LYAR|NPRL2|PACSIN1",4,1.158,0.85,1.577,0.352,0.599,0.485,0.713
"TCGA_heldout",FALSE,"proliferation_matched","random",661,"XPO1|RC3H2|NRDC|ELAVL1",4,1.27,0.93,1.733,0.133,0.591,0.494,0.687
"TCGA_heldout",FALSE,"proliferation_matched","random",662,"FAM98C|P4HTM|PIFO|RGCC",4,0.771,0.562,1.057,0.106,0.585,0.479,0.69
"TCGA_heldout",FALSE,"proliferation_matched","random",663,"MPHOSPH9|C18orf54|VRK1|PEDS1",4,1.034,0.757,1.412,0.835,0.546,0.44,0.652
"TCGA_heldout",FALSE,"proliferation_matched","random",664,"MTHFD2|AC068831.6|EFCC1|GGTLC1",4,0.745,0.537,1.034,0.0784,0.596,0.484,0.708
"TCGA_heldout",FALSE,"proliferation_matched","random",665,"RAB35|RPS6KC1|TWNK|ADHFE1",4,1.173,0.86,1.6,0.313,0.602,0.503,0.7
"TCGA_heldout",FALSE,"proliferation_matched","random",666,"PRDM4|LOXL2|OTOA|TMEM219",4,1.323,1.027,1.704,0.0303,0.641,0.546,0.735
"TCGA_heldout",FALSE,"proliferation_matched","random",667,"PRIM1|LYAR|DVL3|TOPBP1",4,1.129,0.822,1.55,0.453,0.567,0.461,0.673
"TCGA_heldout",FALSE,"proliferation_matched","random",668,"AGMAT|LYRM9|TACC3|ANAPC1",4,1.031,0.782,1.36,0.828,0.576,0.481,0.671
"TCGA_heldout",FALSE,"proliferation_matched","random",669,"FEN1|CEP55|PRRC2C|FKTN",4,1.375,0.993,1.902,0.055,0.632,0.539,0.725
"TCGA_heldout",FALSE,"proliferation_matched","random",670,"QSER1|HYLS1|FHOD1|NASP",4,1.11,0.799,1.542,0.533,0.545,0.436,0.654
"TCGA_heldout",FALSE,"proliferation_matched","random",671,"FMO4|GTF2IRD2|GNG7|EFTUD2",4,0.76,0.557,1.037,0.0836,0.585,0.466,0.703
"TCGA_heldout",FALSE,"proliferation_matched","random",672,"NAPSA|IPO8|RUVBL1|CBX1",4,0.934,0.673,1.296,0.681,0.495,0.392,0.597
"TCGA_heldout",FALSE,"proliferation_matched","random",673,"NKIRAS2|FHIT|CYSTM1|LOXL2",4,1.338,0.974,1.84,0.0726,0.617,0.519,0.715
"TCGA_heldout",FALSE,"proliferation_matched","random",674,"GPR160|KDM2B|RGCC|ZNF697",4,0.97,0.691,1.361,0.86,0.497,0.376,0.618
"TCGA_heldout",FALSE,"proliferation_matched","random",675,"STK35|TMEM50B|IPO9|ALDH18A1",4,1.111,0.815,1.515,0.505,0.55,0.439,0.661
"TCGA_heldout",FALSE,"proliferation_matched","random",676,"CDK12|AL365205.1|SMG5|TTL",4,0.901,0.655,1.24,0.523,0.507,0.411,0.604
"TCGA_heldout",FALSE,"proliferation_matched","random",677,"ZNF697|SKA3|U2AF2|PRR11",4,1.476,1.053,2.07,0.0238,0.664,0.563,0.766
"TCGA_heldout",FALSE,"proliferation_matched","random",678,"SCN4B|ERICH2|PXMP4|CBX2",4,0.984,0.711,1.362,0.921,0.482,0.386,0.578
"TCGA_heldout",FALSE,"proliferation_matched","random",679,"ACTR1B|TEX264|PIFO|HNRNPU",4,0.947,0.704,1.273,0.716,0.557,0.46,0.655
"TCGA_heldout",FALSE,"proliferation_matched","random",680,"C1orf53|HAGH|ANGPTL5|RBM15",4,0.91,0.657,1.261,0.571,0.596,0.501,0.69
"TCGA_heldout",FALSE,"proliferation_matched","random",681,"DAPK2|TXNDC15|NAA15|RUSF1",4,0.868,0.641,1.177,0.364,0.632,0.543,0.721
"TCGA_heldout",FALSE,"proliferation_matched","random",682,"MYH1|PIK3IP1|TTK|MALL",4,0.801,0.6,1.07,0.133,0.598,0.493,0.703
"TCGA_heldout",FALSE,"proliferation_matched","random",683,"MCM2|TET3|NUP210|GNPTG",4,0.978,0.716,1.335,0.887,0.499,0.401,0.597
"TCGA_heldout",FALSE,"proliferation_matched","random",684,"HSPB7|ERLIN1|PHKB|RGS13",4,0.864,0.628,1.187,0.366,0.542,0.44,0.644
"TCGA_heldout",FALSE,"proliferation_matched","random",685,"FAM72D|NCAPG2|TFCP2|TLK2",4,1.188,0.867,1.626,0.283,0.588,0.484,0.693
"TCGA_heldout",FALSE,"proliferation_matched","random",686,"PTBP1|FAM219B|CAD|TTLL4",4,1.139,0.832,1.558,0.416,0.544,0.446,0.643
"TCGA_heldout",FALSE,"proliferation_matched","random",687,"ALG5|UPRT|ZNF396|KIFBP",4,0.908,0.67,1.231,0.533,0.553,0.454,0.652
"TCGA_heldout",FALSE,"proliferation_matched","random",688,"RETNLB|NCAPG2|CCT5|HEMK1",4,0.963,0.696,1.334,0.822,0.47,0.371,0.569
"TCGA_heldout",FALSE,"proliferation_matched","random",689,"DDX10|PUS10|ACAD8|EHBP1",4,0.957,0.708,1.294,0.778,0.537,0.429,0.646
"TCGA_heldout",FALSE,"proliferation_matched","random",690,"KIF3B|CS|DNAJC14|TROAP",4,1.219,0.876,1.697,0.24,0.593,0.505,0.682
"TCGA_heldout",FALSE,"proliferation_matched","random",691,"SUV39H2|TSPAN31|SELENOI|PSMC3IP",4,0.893,0.65,1.226,0.484,0.514,0.414,0.615
"TCGA_heldout",FALSE,"proliferation_matched","random",692,"GPATCH4|SACS|CDCA5|DHX33",4,1.309,0.959,1.789,0.0903,0.64,0.536,0.745
"TCGA_heldout",FALSE,"proliferation_matched","random",693,"SGF29|SNRPF|BRCA1|CDCA8",4,1.044,0.773,1.41,0.778,0.541,0.422,0.661
"TCGA_heldout",FALSE,"proliferation_matched","random",694,"SIAE|NKIRAS1|ZNF763|ARMCX6",4,0.818,0.597,1.122,0.213,0.591,0.489,0.693
"TCGA_heldout",FALSE,"proliferation_matched","random",695,"PIFO|DDIAS|PHKB|FANCM",4,0.65,0.447,0.946,0.0245,0.585,0.482,0.688
"TCGA_heldout",FALSE,"proliferation_matched","random",696,"GINS3|TIMM10B|STIP1|NEIL1",4,0.682,0.508,0.916,0.011,0.58,0.466,0.693
"TCGA_heldout",FALSE,"proliferation_matched","random",697,"TTK|TEPP|TTLL4|RAB3B",4,1.051,0.77,1.434,0.754,0.548,0.448,0.648
"TCGA_heldout",FALSE,"proliferation_matched","random",698,"CKAP5|NPRL2|FGGY|CLEC3B",4,0.904,0.638,1.28,0.569,0.519,0.412,0.626
"TCGA_heldout",FALSE,"proliferation_matched","random",699,"LIN9|P4HTM|SNRNP200|TARDBP",4,1.138,0.836,1.55,0.411,0.569,0.474,0.663
"TCGA_heldout",FALSE,"proliferation_matched","random",700,"CCDC77|CAB39L|CEP97|AUNIP",4,1.104,0.809,1.507,0.531,0.569,0.477,0.661
"TCGA_heldout",FALSE,"proliferation_matched","random",701,"STK35|KIF2C|NEIL1|TSC22D3",4,1.007,0.735,1.381,0.964,0.524,0.426,0.623
"TCGA_heldout",FALSE,"proliferation_matched","random",702,"ADCY3|RAD54B|ZBED5|NEIL1",4,0.649,0.493,0.855,0.00211,0.659,0.556,0.761
"TCGA_heldout",FALSE,"proliferation_matched","random",703,"RAD23B|CABYR|NAA15|STIL",4,1.28,0.925,1.772,0.136,0.608,0.507,0.709
"TCGA_heldout",FALSE,"proliferation_matched","random",704,"HSP90B1|GINS3|ZNF44|MED1",4,0.791,0.579,1.082,0.143,0.547,0.446,0.649
"TCGA_heldout",FALSE,"proliferation_matched","random",705,"CHAF1A|E2F2|MEX3A|SAAL1",4,1.004,0.726,1.389,0.979,0.532,0.422,0.642
"TCGA_heldout",FALSE,"proliferation_matched","random",706,"RIC3|CYB5R1|TEX264|GABARAPL2",4,0.86,0.62,1.195,0.37,0.573,0.485,0.662
"TCGA_heldout",FALSE,"proliferation_matched","random",707,"DSP|LRP2BP|PRC1|REEP5",4,1.103,0.808,1.508,0.536,0.509,0.403,0.614
"TCGA_heldout",FALSE,"proliferation_matched","random",708,"CBX2|CDC45|CLIP1|ST3GAL6",4,1.061,0.793,1.42,0.69,0.573,0.468,0.678
"TCGA_heldout",FALSE,"proliferation_matched","random",709,"CIP2A|MSH6|CASP2|CYSTM1",4,1.164,0.859,1.578,0.327,0.553,0.453,0.654
"TCGA_heldout",FALSE,"proliferation_matched","random",710,"GEN1|PSME3|TSLP|LYRM9",4,0.906,0.676,1.215,0.51,0.512,0.4,0.624
"TCGA_heldout",FALSE,"proliferation_matched","random",711,"CSE1L|GDF7|ABCA8|HPGD",4,0.949,0.692,1.301,0.746,0.488,0.372,0.604
"TCGA_heldout",FALSE,"proliferation_matched","random",712,"TFCP2|SPDL1|KDM2A|HAGH",4,1.112,0.81,1.526,0.513,0.588,0.481,0.696
"TCGA_heldout",FALSE,"proliferation_matched","random",713,"FBXO43|TARDBP|CPQ|TTI1",4,1.091,0.806,1.477,0.574,0.552,0.448,0.656
"TCGA_heldout",FALSE,"proliferation_matched","random",714,"PEX11G|ADH1B|FOLH1|SRGAP1",4,1.329,0.955,1.85,0.0918,0.6,0.483,0.718
"TCGA_heldout",FALSE,"proliferation_matched","random",715,"RGS13|CDC7|LOXL2|SPTLC3",4,1.161,0.831,1.621,0.382,0.52,0.414,0.627
"TCGA_heldout",FALSE,"proliferation_matched","random",716,"HEMK1|ST3GAL6|P4HTM|CENPP",4,0.79,0.584,1.068,0.125,0.591,0.507,0.674
"TCGA_heldout",FALSE,"proliferation_matched","random",717,"RPAP3|GSTA5|TCHP|LTC4S",4,0.928,0.697,1.235,0.608,0.55,0.447,0.652
"TCGA_heldout",FALSE,"proliferation_matched","random",718,"DHRS12|AP2A1|CKS1B|TSLP",4,1.432,1.007,2.037,0.0455,0.609,0.526,0.692
"TCGA_heldout",FALSE,"proliferation_matched","random",719,"SFTA3|LMNB1|TAF1A|DNAJC14",4,1.129,0.827,1.541,0.446,0.559,0.453,0.665
"TCGA_heldout",FALSE,"proliferation_matched","random",720,"RETNLB|E2F8|PCLAF|FOLH1",4,1.042,0.761,1.427,0.796,0.571,0.468,0.674
"TCGA_heldout",FALSE,"proliferation_matched","random",721,"AGR3|HLA-DRB5|E2F1|APCDD1L",4,0.919,0.674,1.254,0.595,0.532,0.429,0.635
"TCGA_heldout",FALSE,"proliferation_matched","random",722,"SMG5|TROAP|ODF2|SASS6",4,1.05,0.766,1.44,0.762,0.583,0.481,0.685
"TCGA_heldout",FALSE,"proliferation_matched","random",723,"P2RX3|DENR|CDC27|ORC1",4,1.057,0.761,1.467,0.741,0.539,0.436,0.643
"TCGA_heldout",FALSE,"proliferation_matched","random",724,"DALRD3|CDC6|MSH6|LYPD6",4,1.242,0.896,1.72,0.193,0.578,0.476,0.68
"TCGA_heldout",FALSE,"proliferation_matched","random",725,"ADGRF5|SHMT2|FHL1|MARS1",4,0.982,0.734,1.313,0.902,0.472,0.377,0.566
"TCGA_heldout",FALSE,"proliferation_matched","random",726,"MTIF2|CLIP1|SRSF8|ANKLE2",4,1.013,0.75,1.367,0.934,0.511,0.404,0.618
"TCGA_heldout",FALSE,"proliferation_matched","random",727,"AMHR2|ACLY|EID1|ACOXL",4,0.928,0.693,1.243,0.616,0.586,0.49,0.682
"TCGA_heldout",FALSE,"proliferation_matched","random",728,"FCGRT|MTBP|SPATA6|GIN1",4,0.81,0.592,1.107,0.185,0.599,0.497,0.702
"TCGA_heldout",FALSE,"proliferation_matched","random",729,"PSMC3IP|KIF20A|SETDB2|PTBP1",4,1.221,0.878,1.698,0.235,0.627,0.518,0.735
"TCGA_heldout",FALSE,"proliferation_matched","random",730,"CTSH|DLGAP5|CEP97|BLM",4,0.924,0.682,1.253,0.612,0.504,0.414,0.593
"TCGA_heldout",FALSE,"proliferation_matched","random",731,"CLN5|RHEX|TTF2|IPO9",4,0.837,0.615,1.138,0.255,0.542,0.435,0.648
"TCGA_heldout",FALSE,"proliferation_matched","random",732,"CCDC77|NUDT16L1|ZNF146|HMMR",4,1.275,0.905,1.796,0.165,0.569,0.455,0.683
"TCGA_heldout",FALSE,"proliferation_matched","random",733,"XPO5|NOL10|RANBP3L|DELE1",4,1.061,0.774,1.456,0.711,0.492,0.38,0.604
"TCGA_heldout",FALSE,"proliferation_matched","random",734,"GPRIN1|HNRNPA2B1|WASF1|UTP20",4,1.195,0.865,1.65,0.28,0.593,0.491,0.696
"TCGA_heldout",FALSE,"proliferation_matched","random",735,"DENND1A|RERG|NCOA6|PUS7L",4,1.27,0.913,1.766,0.155,0.59,0.494,0.687
"TCGA_heldout",FALSE,"proliferation_matched","random",736,"PIK3IP1|CYB5D2|N4BP2L2|TMEM130",4,0.856,0.629,1.165,0.322,0.569,0.465,0.673
"TCGA_heldout",FALSE,"proliferation_matched","random",737,"GGH|ASPM|TBX4|SYBU",4,1.199,0.843,1.706,0.313,0.594,0.486,0.702
"TCGA_heldout",FALSE,"proliferation_matched","random",738,"PSAT1|PSME4|LTC4S|MSH2",4,0.902,0.672,1.209,0.489,0.539,0.429,0.649
"TCGA_heldout",FALSE,"proliferation_matched","random",739,"CCNB2|SULT1A2|DHX57|LYRM9",4,0.887,0.665,1.182,0.412,0.501,0.399,0.603
"TCGA_heldout",FALSE,"proliferation_matched","random",740,"N4BP2L1|PRIM2|CCDC34|CTXND1",4,1.07,0.795,1.438,0.656,0.556,0.453,0.66
"TCGA_heldout",FALSE,"proliferation_matched","random",741,"SESN1|TACC3|VEGFD|WDR75",4,1.019,0.726,1.432,0.912,0.513,0.417,0.609
"TCGA_heldout",FALSE,"proliferation_matched","random",742,"NOSTRIN|ATP2B1|CLK4|KNL1",4,1.114,0.822,1.509,0.485,0.572,0.468,0.675
"TCGA_heldout",FALSE,"proliferation_matched","random",743,"KIF2C|IMMT|SCN4B|KIFC1",4,1.195,0.869,1.643,0.274,0.601,0.495,0.707
"TCGA_heldout",FALSE,"proliferation_matched","random",744,"DNAJC10|CA1|ST7|SF3B3",4,1.073,0.78,1.477,0.663,0.545,0.437,0.652
"TCGA_heldout",FALSE,"proliferation_matched","random",745,"PDCD11|MRPL19|TDG|KNTC1",4,1.14,0.845,1.539,0.391,0.579,0.483,0.676
"TCGA_heldout",FALSE,"proliferation_matched","random",746,"MYH1|DDX10|XPOT|STIL",4,1.05,0.768,1.437,0.758,0.549,0.44,0.658
"TCGA_heldout",FALSE,"proliferation_matched","random",747,"FAM72D|ST3GAL5|ZBTB39|FAM168A",4,0.948,0.699,1.286,0.733,0.503,0.401,0.605
"TCGA_heldout",FALSE,"proliferation_matched","random",748,"ST3GAL5|PTGFRN|CHAF1B|PHKB",4,1.115,0.775,1.604,0.556,0.531,0.417,0.645
"TCGA_heldout",FALSE,"proliferation_matched","random",749,"FIP1L1|RIF1|SNRNP200|CYP4B1",4,0.922,0.667,1.275,0.624,0.517,0.424,0.61
"TCGA_heldout",FALSE,"proliferation_matched","random",750,"LEO1|KIF24|PLCD1|RNFT2",4,1.204,0.886,1.636,0.236,0.625,0.544,0.706
"TCGA_heldout",FALSE,"proliferation_matched","random",751,"PPIF|HLA-DPB1|GBX2|RAD51",4,1.196,0.871,1.643,0.269,0.59,0.495,0.684
"TCGA_heldout",FALSE,"proliferation_matched","random",752,"GRIA1|EIF4EBP1|KIF18A|TBX4",4,0.93,0.672,1.287,0.661,0.469,0.367,0.572
"TCGA_heldout",FALSE,"proliferation_matched","random",753,"DLC1|E2F2|NSD2|USP14",4,0.991,0.702,1.399,0.96,0.491,0.379,0.603
"TCGA_heldout",FALSE,"proliferation_matched","random",754,"NME3|MAD2L1|RETNLB|PATL1",4,1.154,0.84,1.584,0.377,0.584,0.492,0.677
"TCGA_heldout",FALSE,"proliferation_matched","random",755,"ANLN|HNRNPA3|RECQL4|NAA50",4,1.187,0.863,1.634,0.292,0.588,0.475,0.702
"TCGA_heldout",FALSE,"proliferation_matched","random",756,"GANC|CRY2|FOLH1|ADAM12",4,1.125,0.807,1.569,0.486,0.516,0.401,0.631
"TCGA_heldout",FALSE,"proliferation_matched","random",757,"TEX264|FHL1|CEP135|PFKP",4,1.24,0.898,1.714,0.192,0.557,0.459,0.655
"TCGA_heldout",FALSE,"proliferation_matched","random",758,"KPNA2|MPG|AGR3|TOP2A",4,1.157,0.849,1.577,0.355,0.574,0.469,0.679
"TCGA_heldout",FALSE,"proliferation_matched","random",759,"CACUL1|NOLC1|MPZL2|FHIT",4,1.097,0.798,1.508,0.569,0.546,0.447,0.646
"TCGA_heldout",FALSE,"proliferation_matched","random",760,"SMPD4|CS|BMS1|PCLAF",4,1.182,0.861,1.621,0.301,0.586,0.468,0.704
"TCGA_heldout",FALSE,"proliferation_matched","random",761,"ZNF367|ADAMTS8|PACSIN1|PLAC9",4,0.983,0.717,1.346,0.913,0.491,0.381,0.602
"TCGA_heldout",FALSE,"proliferation_matched","random",762,"CCNDBP1|NUP155|POU2F3|PBK",4,1.284,0.898,1.837,0.17,0.547,0.443,0.651
"TCGA_heldout",FALSE,"proliferation_matched","random",763,"CCT6B|WAPL|BCCIP|ANKDD1B",4,0.994,0.721,1.369,0.969,0.471,0.38,0.562
"TCGA_heldout",FALSE,"proliferation_matched","random",764,"ARHGDIB|POLR1A|EHBP1|DNAJA1",4,1.332,0.992,1.79,0.0566,0.613,0.516,0.71
"TCGA_heldout",FALSE,"proliferation_matched","random",765,"SFTA2|NRARP|ZNF441|IQGAP3",4,1.056,0.754,1.48,0.75,0.506,0.413,0.599
"TCGA_heldout",FALSE,"proliferation_matched","random",766,"HOXB9|KCTD18|MRPL19|CDCA8",4,1.226,0.911,1.649,0.179,0.602,0.489,0.714
"TCGA_heldout",FALSE,"proliferation_matched","random",767,"PSMD11|MCM2|CISH|ZDHHC15",4,0.993,0.718,1.373,0.965,0.504,0.391,0.617
"TCGA_heldout",FALSE,"proliferation_matched","random",768,"TEPP|RPS6KC1|IPO9|PLBD2",4,1.085,0.783,1.506,0.623,0.535,0.43,0.64
"TCGA_heldout",FALSE,"proliferation_matched","random",769,"PPP2R1B|ZNF671|CKAP5|CD59",4,0.998,0.704,1.414,0.989,0.525,0.42,0.63
"TCGA_heldout",FALSE,"proliferation_matched","random",770,"WDR5|GFY|MELK|MRPL37",4,1.174,0.846,1.629,0.337,0.585,0.479,0.692
"TCGA_heldout",FALSE,"proliferation_matched","random",771,"RIC3|RPS6KC1|PEBP4|DNM1L",4,0.974,0.707,1.343,0.873,0.527,0.422,0.631
"TCGA_heldout",FALSE,"proliferation_matched","random",772,"TMEM163|SLC6A17|CD81|SACM1L",4,0.951,0.702,1.287,0.742,0.549,0.434,0.664
"TCGA_heldout",FALSE,"proliferation_matched","random",773,"SELENOP|CTSH|ZSCAN4|CATSPERG",4,0.554,0.366,0.839,0.00531,0.641,0.527,0.755
"TCGA_heldout",FALSE,"proliferation_matched","random",774,"NSUN2|HMGA1|NCAPH|SENP8",4,1.245,0.9,1.723,0.186,0.591,0.478,0.704
"TCGA_heldout",FALSE,"proliferation_matched","random",775,"CGAS|RASSF7|SHMT2|SCGB3A2",4,1.087,0.795,1.487,0.599,0.545,0.438,0.653
"TCGA_heldout",FALSE,"proliferation_matched","random",776,"TDRD10|TEDC2|SMARCAL1|DDX21",4,1.351,1.01,1.806,0.0426,0.593,0.486,0.701
"TCGA_heldout",FALSE,"proliferation_matched","random",777,"ANLN|ACRV1|DRP2|PRIM1",4,1.285,0.909,1.816,0.156,0.614,0.505,0.723
"TCGA_heldout",FALSE,"proliferation_matched","random",778,"EPRS1|TIMM10B|ZNF367|RBM14",4,1.009,0.728,1.398,0.958,0.542,0.432,0.651
"TCGA_heldout",FALSE,"proliferation_matched","random",779,"GINS4|ANKAR|CCDC137|MR1",4,0.981,0.712,1.351,0.905,0.485,0.378,0.591
"TCGA_heldout",FALSE,"proliferation_matched","random",780,"SMC1A|CTSG|TSPAN3|HPGDS",4,0.767,0.568,1.036,0.084,0.607,0.495,0.72
"TCGA_heldout",FALSE,"proliferation_matched","random",781,"CDK2|BORA|PBXIP1|PLK4",4,1.169,0.838,1.63,0.359,0.569,0.463,0.676
"TCGA_heldout",FALSE,"proliferation_matched","random",782,"PKMYT1|MAP4K4|ZNF695|PRCD",4,1.247,0.915,1.698,0.162,0.578,0.476,0.68
"TCGA_heldout",FALSE,"proliferation_matched","random",783,"CCDC137|DVL3|MARS1|CNOT9",4,1.087,0.798,1.482,0.596,0.559,0.448,0.671
"TCGA_heldout",FALSE,"proliferation_matched","random",784,"CYSTM1|ILF3|HOXB9|E2F7",4,1.485,1.068,2.064,0.0186,0.62,0.522,0.718
"TCGA_heldout",FALSE,"proliferation_matched","random",785,"CDCA8|LYAR|ZGRF1|CDK12",4,1.072,0.779,1.474,0.671,0.549,0.441,0.657
"TCGA_heldout",FALSE,"proliferation_matched","random",786,"NSD2|SULT1A2|AGMAT|CD1E",4,0.711,0.51,0.99,0.0436,0.588,0.48,0.696
"TCGA_heldout",FALSE,"proliferation_matched","random",787,"C11orf54|KHSRP|FBXO45|NCS1",4,1.432,1.027,1.997,0.0341,0.621,0.526,0.715
"TCGA_heldout",FALSE,"proliferation_matched","random",788,"UBAP2|ANLN|POLQ|SPINDOC",4,1.181,0.851,1.638,0.32,0.607,0.503,0.71
"TCGA_heldout",FALSE,"proliferation_matched","random",789,"KLHL42|SPDL1|SGCA|GBX2",4,1.166,0.838,1.62,0.362,0.585,0.48,0.69
"TCGA_heldout",FALSE,"proliferation_matched","random",790,"CRYZL1|CSE1L|HDGF|KIF3B",4,1.276,0.935,1.742,0.125,0.593,0.493,0.692
"TCGA_heldout",FALSE,"proliferation_matched","random",791,"RAB27A|CEP152|TMPRSS2|NOLC1",4,1.012,0.718,1.426,0.946,0.537,0.43,0.643
"TCGA_heldout",FALSE,"proliferation_matched","random",792,"ASPA|KIFBP|DHX57|ELN",4,1.185,0.87,1.615,0.281,0.558,0.457,0.659
"TCGA_heldout",FALSE,"proliferation_matched","random",793,"DYRK2|FMO5|THOP1|GIN1",4,1.055,0.786,1.416,0.721,0.505,0.397,0.613
"TCGA_heldout",FALSE,"proliferation_matched","random",794,"MSL1|NUDT19|SUV39H1|ZNF763",4,1.074,0.803,1.437,0.632,0.532,0.436,0.628
"TCGA_heldout",FALSE,"proliferation_matched","random",795,"SLC1A7|PFKP|SETDB2|GPR19",4,0.903,0.662,1.231,0.519,0.552,0.461,0.642
"TCGA_heldout",FALSE,"proliferation_matched","random",796,"MYBPHL|HNRNPA2B1|NSD2|CCDC137",4,1.089,0.79,1.501,0.602,0.536,0.425,0.647
"TCGA_heldout",FALSE,"proliferation_matched","random",797,"TTL|ACRV1|CHRDL1|RFWD3",4,1.117,0.803,1.553,0.512,0.553,0.452,0.654
"TCGA_heldout",FALSE,"proliferation_matched","random",798,"SRPK1|MFAP4|PTPRN|CAD",4,1.314,0.942,1.833,0.107,0.588,0.487,0.689
"TCGA_heldout",FALSE,"proliferation_matched","random",799,"ADAR|TBX4|SMCHD1|HNMT",4,0.951,0.71,1.274,0.737,0.56,0.456,0.664
"TCGA_heldout",FALSE,"proliferation_matched","random",800,"MMS22L|TCTA|SLC22A3|TMEM163",4,0.775,0.571,1.052,0.102,0.588,0.487,0.689
"TCGA_heldout",FALSE,"proliferation_matched","random",801,"PRRC2A|LIG1|TAF1A|EME1",4,1.233,0.896,1.695,0.198,0.593,0.488,0.698
"TCGA_heldout",FALSE,"proliferation_matched","random",802,"USP1|AGPS|ZBTB2|UMAD1",4,1.143,0.811,1.611,0.445,0.561,0.456,0.667
"TCGA_heldout",FALSE,"proliferation_matched","random",803,"TMEM50B|WDHD1|STIP1|LIG1",4,1.015,0.724,1.425,0.93,0.535,0.42,0.65
"TCGA_heldout",FALSE,"proliferation_matched","random",804,"TSPAN4|MAPRE1|WDR4|SSTR2",4,1.277,0.932,1.748,0.128,0.579,0.472,0.686
"TCGA_heldout",FALSE,"proliferation_matched","random",805,"MCF2L2|ZBED5|CD59|LSG1",4,0.808,0.561,1.162,0.25,0.546,0.456,0.636
"TCGA_heldout",FALSE,"proliferation_matched","random",806,"GOSR1|CENPA|TK1|DHX37",4,1.198,0.886,1.621,0.24,0.614,0.511,0.718
"TCGA_heldout",FALSE,"proliferation_matched","random",807,"MCM4|LTV1|ZMYND12|MYBPHL",4,0.83,0.606,1.137,0.246,0.519,0.407,0.63
"TCGA_heldout",FALSE,"proliferation_matched","random",808,"TWNK|ERMAP|CD81|SUZ12",4,1.187,0.872,1.616,0.276,0.53,0.435,0.624
"TCGA_heldout",FALSE,"proliferation_matched","random",809,"PLAC9|ZMAT1|KHDRBS1|SFTA3",4,0.912,0.686,1.213,0.527,0.542,0.442,0.641
"TCGA_heldout",FALSE,"proliferation_matched","random",810,"NTF4|ZNF540|TSPAN3|HROB",4,0.69,0.499,0.954,0.0249,0.656,0.568,0.743
"TCGA_heldout",FALSE,"proliferation_matched","random",811,"SPATA6L|GANC|ALG5|ING4",4,0.752,0.539,1.05,0.0943,0.594,0.504,0.685
"TCGA_heldout",FALSE,"proliferation_matched","random",812,"CLIP1|IGIP|GABARAPL2|STK35",4,1.055,0.763,1.457,0.747,0.495,0.392,0.597
"TCGA_heldout",FALSE,"proliferation_matched","random",813,"TTI1|SYNCRIP|KPNA4|SART3",4,1.333,0.951,1.869,0.0953,0.609,0.508,0.71
"TCGA_heldout",FALSE,"proliferation_matched","random",814,"MAMDC2|SFPQ|HSP90B1|WDR4",4,1.103,0.808,1.507,0.536,0.55,0.441,0.66
"TCGA_heldout",FALSE,"proliferation_matched","random",815,"HLA-DRB1|PPM1M|PATL1|NOP58",4,1.067,0.772,1.474,0.696,0.513,0.397,0.629
"TCGA_heldout",FALSE,"proliferation_matched","random",816,"MCM7|EMC1|FAM72C|C1orf116",4,1.073,0.779,1.476,0.667,0.512,0.395,0.628
"TCGA_heldout",FALSE,"proliferation_matched","random",817,"NATD1|SUZ12|BNIPL|NKIRAS2",4,1.056,0.765,1.458,0.742,0.52,0.418,0.623
"TCGA_heldout",FALSE,"proliferation_matched","random",818,"SUV39H2|SCP2|EIF4EBP3|UPRT",4,0.892,0.656,1.211,0.464,0.567,0.472,0.662
"TCGA_heldout",FALSE,"proliferation_matched","random",819,"NPC2|NFIX|LMNB1|GINS3",4,0.965,0.728,1.28,0.805,0.507,0.406,0.608
"TCGA_heldout",FALSE,"proliferation_matched","random",820,"TTL|EMC3|IGIP|KDM1A",4,0.994,0.714,1.383,0.971,0.552,0.445,0.659
"TCGA_heldout",FALSE,"proliferation_matched","random",821,"QTRT2|HDGF|MSANTD1|RUVBL1",4,1.04,0.76,1.424,0.806,0.515,0.402,0.627
"TCGA_heldout",FALSE,"proliferation_matched","random",822,"NUDT16L1|ACTR1B|EPOP|SHCBP1",4,0.881,0.642,1.209,0.434,0.549,0.437,0.661
"TCGA_heldout",FALSE,"proliferation_matched","random",823,"PCSK1|SUV39H1|KIF23|TYRP1",4,1.026,0.742,1.418,0.876,0.555,0.44,0.67
"TCGA_heldout",FALSE,"proliferation_matched","random",824,"MYBPHL|GINS3|RFC5|TCF3",4,0.918,0.659,1.278,0.612,0.499,0.393,0.606
"TCGA_heldout",FALSE,"proliferation_matched","random",825,"MRPL19|HMGA1|PPRC1|DNAJC11",4,1.316,0.94,1.843,0.11,0.616,0.516,0.716
"TCGA_heldout",FALSE,"proliferation_matched","random",826,"CCNE2|HNRNPM|CCDC150|UBE2C",4,1.056,0.769,1.45,0.736,0.531,0.425,0.637
"TCGA_heldout",FALSE,"proliferation_matched","random",827,"MSANTD3|PFKP|SRSF1|HDGF",4,1.458,1.06,2.005,0.0204,0.622,0.522,0.722
"TCGA_heldout",FALSE,"proliferation_matched","random",828,"VAMP8|PARP1|SNED1|DBF4",4,1.135,0.806,1.597,0.469,0.466,0.361,0.571
"TCGA_heldout",FALSE,"proliferation_matched","random",829,"DDX55|RHEX|FANCI|NPC2",4,0.662,0.49,0.894,0.00723,0.655,0.555,0.754
"TCGA_heldout",FALSE,"proliferation_matched","random",830,"MTOR|TSPAN3|GANAB|SELENOP",4,0.971,0.708,1.334,0.858,0.523,0.415,0.631
"TCGA_heldout",FALSE,"proliferation_matched","random",831,"NPRL2|PAXIP1|SUDS3|BUB1B",4,0.879,0.636,1.215,0.434,0.501,0.391,0.61
"TCGA_heldout",FALSE,"proliferation_matched","random",832,"STK35|ZNF688|ENTPD7|PSRC1",4,1.281,0.958,1.712,0.0943,0.623,0.526,0.721
"TCGA_heldout",FALSE,"proliferation_matched","random",833,"PACSIN1|HEMK1|CAV3|CAND1",4,0.785,0.57,1.081,0.138,0.57,0.463,0.677
"TCGA_heldout",FALSE,"proliferation_matched","random",834,"FCER1A|GTF2IRD2B|GPI|MCM6",4,1.277,0.912,1.787,0.155,0.558,0.444,0.672
"TCGA_heldout",FALSE,"proliferation_matched","random",835,"C16orf89|HDGF|FNIP2|UBE2C",4,0.86,0.606,1.221,0.399,0.534,0.43,0.638
"TCGA_heldout",FALSE,"proliferation_matched","random",836,"WDR43|GINS2|DAPK2|ALG5",4,0.975,0.705,1.348,0.879,0.522,0.421,0.623
"TCGA_heldout",FALSE,"proliferation_matched","random",837,"ADH1A|PIMREG|YPEL5|ENTPD3",4,0.821,0.592,1.139,0.238,0.563,0.457,0.67
"TCGA_heldout",FALSE,"proliferation_matched","random",838,"REEP5|SUMF2|CCDC32|SLC38A7",4,0.973,0.713,1.327,0.863,0.545,0.451,0.638
"TCGA_heldout",FALSE,"proliferation_matched","random",839,"RRM1|NCL|EXO1|KPNB1",4,1.315,0.943,1.834,0.106,0.616,0.51,0.723
"TCGA_heldout",FALSE,"proliferation_matched","random",840,"CITED2|CYBRD1|SP8|CFD",4,1.086,0.789,1.493,0.614,0.502,0.394,0.611
"TCGA_heldout",FALSE,"proliferation_matched","random",841,"HSD17B6|TAF2|EPRS1|PBK",4,1.118,0.817,1.531,0.486,0.542,0.442,0.642
"TCGA_heldout",FALSE,"proliferation_matched","random",842,"NUP107|CYP4Z1|CTSG|ZGRF1",4,0.778,0.574,1.055,0.106,0.572,0.473,0.672
"TCGA_heldout",FALSE,"proliferation_matched","random",843,"PENK|HDGF|PDCD11|XPO6",4,1.236,0.906,1.686,0.181,0.578,0.492,0.664
"TCGA_heldout",FALSE,"proliferation_matched","random",844,"ATP2B1|MCM6|RRM2|TLR2",4,1.201,0.877,1.645,0.254,0.554,0.457,0.651
"TCGA_heldout",FALSE,"proliferation_matched","random",845,"FBXO43|YPEL5|CENPM|SLC22A3",4,0.872,0.619,1.226,0.43,0.511,0.402,0.619
"TCGA_heldout",FALSE,"proliferation_matched","random",846,"HLA-DPB1|HNRNPL|DNAJC11|ECT2",4,1.096,0.779,1.542,0.6,0.537,0.427,0.646
"TCGA_heldout",FALSE,"proliferation_matched","random",847,"SFTPD|BLM|GALNT11|DNM1L",4,0.832,0.594,1.165,0.284,0.545,0.445,0.645
"TCGA_heldout",FALSE,"proliferation_matched","random",848,"DAPK2|ZNF117|WDR5|UHRF1",4,1.055,0.756,1.473,0.752,0.536,0.433,0.639
"TCGA_heldout",FALSE,"proliferation_matched","random",849,"EP400|E2F2|CHEK1|SMPD4",4,1.052,0.767,1.442,0.754,0.565,0.465,0.665
"TCGA_heldout",FALSE,"proliferation_matched","random",850,"EPDR1|KNSTRN|ANG|PCNX3",4,1.234,0.921,1.654,0.159,0.626,0.528,0.723
"TCGA_heldout",FALSE,"proliferation_matched","random",851,"HUWE1|TARDBP|CDC45|RAB35",4,1.352,0.981,1.863,0.0653,0.626,0.54,0.712
"TCGA_heldout",FALSE,"proliferation_matched","random",852,"DDX10|ZWINT|MTFR2|PRIM2",4,1.206,0.874,1.664,0.253,0.598,0.484,0.712
"TCGA_heldout",FALSE,"proliferation_matched","random",853,"SSB|SLC27A1|ZDHHC15|PHKB",4,0.852,0.626,1.159,0.308,0.537,0.432,0.641
"TCGA_heldout",FALSE,"proliferation_matched","random",854,"FCHO2|SAAL1|MSH6|MPG",4,1.276,0.933,1.743,0.127,0.534,0.435,0.632
"TCGA_heldout",FALSE,"proliferation_matched","random",855,"PTTG1|SAE1|RERG|CHRNA9",4,1.188,0.861,1.64,0.295,0.581,0.472,0.689
"TCGA_heldout",FALSE,"proliferation_matched","random",856,"SLC7A5|NCAPH|SMPD4|MCM6",4,1.066,0.784,1.449,0.684,0.568,0.459,0.677
"TCGA_heldout",FALSE,"proliferation_matched","random",857,"ZSCAN4|GANAB|DRP2|MSH6",4,1.308,0.928,1.843,0.125,0.592,0.484,0.701
"TCGA_heldout",FALSE,"proliferation_matched","random",858,"NOSTRIN|POLR3A|TXNDC15|DDIAS",4,0.973,0.702,1.349,0.871,0.452,0.353,0.551
"TCGA_heldout",FALSE,"proliferation_matched","random",859,"MCM7|RAB3B|IGF2BP3|DROSHA",4,1.238,0.89,1.723,0.205,0.597,0.497,0.697
"TCGA_heldout",FALSE,"proliferation_matched","random",860,"DPEP2|FOLH1|CTSO|POP1",4,1.062,0.782,1.442,0.699,0.513,0.41,0.616
"TCGA_heldout",FALSE,"proliferation_matched","random",861,"INTS13|ZNF367|ARMCX6|ZFP69B",4,0.964,0.695,1.339,0.828,0.491,0.386,0.596
"TCGA_heldout",FALSE,"proliferation_matched","random",862,"CDK2|PIMREG|HEXA|CCT5",4,1.245,0.901,1.72,0.184,0.604,0.488,0.719
"TCGA_heldout",FALSE,"proliferation_matched","random",863,"MTHFD2|IQGAP3|MDC1|ERMAP",4,1.091,0.797,1.494,0.587,0.569,0.466,0.672
"TCGA_heldout",FALSE,"proliferation_matched","random",864,"C1orf116|FBXO5|AHCTF1|GTF2IRD2",4,1.129,0.822,1.55,0.453,0.55,0.456,0.644
"TCGA_heldout",FALSE,"proliferation_matched","random",865,"TUBG1|SPATA6|ENPP4|TMEM150A",4,0.68,0.519,0.891,0.00516,0.656,0.56,0.751
"TCGA_heldout",FALSE,"proliferation_matched","random",866,"CEBPG|SULT1A1|FAM168A|MMS22L",4,1.065,0.784,1.446,0.688,0.577,0.482,0.672
"TCGA_heldout",FALSE,"proliferation_matched","random",867,"KIFBP|FGD1|IL17RC|SMS",4,1.577,1.127,2.208,0.0079,0.661,0.573,0.75
"TCGA_heldout",FALSE,"proliferation_matched","random",868,"SCTR|BRCA2|ABTB1|LMBRD1",4,0.912,0.665,1.25,0.565,0.534,0.419,0.649
"TCGA_heldout",FALSE,"proliferation_matched","random",869,"RBM17|BTNL9|YES1|NTF4",4,0.87,0.632,1.198,0.394,0.569,0.489,0.65
"TCGA_heldout",FALSE,"proliferation_matched","random",870,"PLA2G4F|PPM1G|CHRNA9|PPP1R1B",4,0.834,0.606,1.149,0.267,0.564,0.459,0.669
"TCGA_heldout",FALSE,"proliferation_matched","random",871,"DNAJC11|ZNF44|SGO2|SLC38A7",4,0.921,0.671,1.265,0.613,0.466,0.363,0.569
"TCGA_heldout",FALSE,"proliferation_matched","random",872,"PLAC9|CD164L2|CDK5R1|TARS1",4,1.275,0.884,1.839,0.194,0.583,0.477,0.689
"TCGA_heldout",FALSE,"proliferation_matched","random",873,"CLN5|NOSTRIN|RNH1|RHEX",4,0.852,0.617,1.177,0.33,0.572,0.464,0.68
"TCGA_heldout",FALSE,"proliferation_matched","random",874,"PHYKPL|OTC|C11orf54|MPHOSPH9",4,0.699,0.505,0.969,0.0316,0.606,0.502,0.71
"TCGA_heldout",FALSE,"proliferation_matched","random",875,"IGF2BP3|DELE1|C1orf112|ASPA",4,1.037,0.753,1.428,0.823,0.542,0.436,0.649
"TCGA_heldout",FALSE,"proliferation_matched","random",876,"ACSS1|DDX10|ACRV1|FANCB",4,1.01,0.735,1.388,0.952,0.536,0.434,0.637
"TCGA_heldout",FALSE,"proliferation_matched","random",877,"WDR43|FBXO43|SPRY2|ADA",4,1.183,0.856,1.633,0.309,0.582,0.483,0.681
"TCGA_heldout",FALSE,"proliferation_matched","random",878,"TCF3|FXR1|CKAP2|POLD3",4,1.304,0.957,1.777,0.0929,0.605,0.506,0.704
"TCGA_heldout",FALSE,"proliferation_matched","random",879,"LETM1|AURKA|BUB1|HROB",4,1.119,0.82,1.527,0.48,0.578,0.465,0.692
"TCGA_heldout",FALSE,"proliferation_matched","random",880,"DSCC1|ZNF146|PEBP4|MASTL",4,1.161,0.838,1.609,0.369,0.564,0.464,0.663
"TCGA_heldout",FALSE,"proliferation_matched","random",881,"DNAJC7|KNOP1|ACAD8|EIF2S2",4,0.962,0.698,1.326,0.811,0.493,0.372,0.613
"TCGA_heldout",FALSE,"proliferation_matched","random",882,"PSRC1|LSG1|SIRT3|SPRY2",4,0.864,0.629,1.188,0.368,0.535,0.431,0.639
"TCGA_heldout",FALSE,"proliferation_matched","random",883,"SCP2|POLA2|MED11|TK1",4,1.115,0.862,1.442,0.407,0.554,0.432,0.675
"TCGA_heldout",FALSE,"proliferation_matched","random",884,"C4orf46|HASPIN|WDR5|CCT6B",4,0.99,0.718,1.364,0.952,0.485,0.373,0.597
"TCGA_heldout",FALSE,"proliferation_matched","random",885,"UBAP2|PFKP|ADAMTS4|PARP3",4,1.392,1.002,1.933,0.0488,0.597,0.504,0.69
"TCGA_heldout",FALSE,"proliferation_matched","random",886,"MCEE|ZCWPW2|HAUS6|SCTR",4,0.892,0.647,1.23,0.486,0.531,0.425,0.638
"TCGA_heldout",FALSE,"proliferation_matched","random",887,"SUPT16H|METTL21C|ZNF44|MRPL37",4,0.85,0.6,1.204,0.36,0.567,0.463,0.672
"TCGA_heldout",FALSE,"proliferation_matched","random",888,"TENM3|CHD7|MCM7|KDM1A",4,1.122,0.806,1.562,0.494,0.55,0.446,0.655
"TCGA_heldout",FALSE,"proliferation_matched","random",889,"HSD17B8|LRP2BP|ARHGEF39|SFPQ",4,0.906,0.661,1.243,0.541,0.536,0.42,0.653
"TCGA_heldout",FALSE,"proliferation_matched","random",890,"MMP28|NOL11|ESPL1|REEP5",4,1.443,0.985,2.115,0.0597,0.561,0.442,0.679
"TCGA_heldout",FALSE,"proliferation_matched","random",891,"MELK|HELLS|CHRNA9|CISH",4,0.902,0.67,1.214,0.495,0.484,0.377,0.59
"TCGA_heldout",FALSE,"proliferation_matched","random",892,"SGPL1|WDR62|MPHOSPH9|KIF14",4,1.148,0.843,1.563,0.38,0.554,0.46,0.647
"TCGA_heldout",FALSE,"proliferation_matched","random",893,"SETDB2|SNED1|CLIP1|HOXA11",4,1.013,0.713,1.439,0.943,0.479,0.364,0.594
"TCGA_heldout",FALSE,"proliferation_matched","random",894,"PHYKPL|TIMM10B|CMA1|AUNIP",4,0.531,0.371,0.761,0.000556,0.643,0.545,0.742
"TCGA_heldout",FALSE,"proliferation_matched","random",895,"PPAT|GINS4|BRCA2|DTL",4,1.032,0.75,1.421,0.846,0.551,0.442,0.659
"TCGA_heldout",FALSE,"proliferation_matched","random",896,"CLSPN|TOP2A|HEMK1|UGGT1",4,1.043,0.754,1.445,0.798,0.575,0.475,0.676
"TCGA_heldout",FALSE,"proliferation_matched","random",897,"H2AX|TAF2|CCAR1|NUP50",4,1.235,0.898,1.697,0.194,0.599,0.498,0.701
"TCGA_heldout",FALSE,"proliferation_matched","random",898,"HLA-DPB1|TYRP1|CKAP2L|ABCF1",4,0.905,0.676,1.212,0.504,0.542,0.44,0.644
"TCGA_heldout",FALSE,"proliferation_matched","random",899,"SMPD4|BUB1B|HJURP|ENPP4",4,1.031,0.752,1.412,0.851,0.546,0.441,0.65
"TCGA_heldout",FALSE,"proliferation_matched","random",900,"LMF1|ATP2A2|ERMAP|BDH2",4,0.969,0.704,1.334,0.847,0.518,0.407,0.63
"TCGA_heldout",FALSE,"proliferation_matched","random",901,"DPP3|CHAF1A|CNP|CDT1",4,1.21,0.896,1.632,0.213,0.605,0.508,0.702
"TCGA_heldout",FALSE,"proliferation_matched","random",902,"TIMM10B|PIF1|CD164L2|IL37",4,0.566,0.402,0.797,0.0011,0.629,0.52,0.738
"TCGA_heldout",FALSE,"proliferation_matched","random",903,"DROSHA|SMCHD1|NCAPG|SACM1L",4,1.029,0.744,1.423,0.861,0.528,0.427,0.63
"TCGA_heldout",FALSE,"proliferation_matched","random",904,"ANKLE2|E2F2|MTFR2|CLN5",4,0.916,0.681,1.231,0.559,0.511,0.416,0.606
"TCGA_heldout",FALSE,"proliferation_matched","random",905,"FBXO43|CDK12|ANKLE2|HLF",4,0.728,0.524,1.011,0.0581,0.564,0.469,0.659
"TCGA_heldout",FALSE,"proliferation_matched","random",906,"CENPO|DNMT3A|HOPX|DNAJB11",4,1.035,0.761,1.407,0.828,0.536,0.426,0.645
"TCGA_heldout",FALSE,"proliferation_matched","random",907,"HMGA1|C1orf53|XRCC2|RCC2",4,1.284,0.936,1.762,0.121,0.593,0.481,0.706
"TCGA_heldout",FALSE,"proliferation_matched","random",908,"HASPIN|AC012651.1|DCLRE1B|FPGT-TNNI3K",4,1.107,0.807,1.517,0.529,0.549,0.441,0.656
"TCGA_heldout",FALSE,"proliferation_matched","random",909,"NOSTRIN|ANKRD18B|RRM1|ESCO2",4,1.028,0.758,1.395,0.858,0.578,0.483,0.674
"TCGA_heldout",FALSE,"proliferation_matched","random",910,"ZNF441|BASP1|LYRM1|POC1A",4,1.035,0.739,1.448,0.843,0.529,0.425,0.634
"TCGA_heldout",FALSE,"proliferation_matched","random",911,"PLAA|C10orf143|KLC4|TCHP",4,1.054,0.765,1.452,0.747,0.519,0.404,0.634
"TCGA_heldout",FALSE,"proliferation_matched","random",912,"CDC7|SGO2|DSN1|PRIM2",4,1.062,0.775,1.457,0.708,0.559,0.448,0.67
"TCGA_heldout",FALSE,"proliferation_matched","random",913,"EP400|WDR43|TCF3|ELAVL1",4,1.242,0.895,1.724,0.194,0.593,0.497,0.688
"TCGA_heldout",FALSE,"proliferation_matched","random",914,"SACS|ESF1|ZNF69|ESYT3",4,1.022,0.742,1.406,0.894,0.496,0.405,0.587
"TCGA_heldout",FALSE,"proliferation_matched","random",915,"FKTN|AGMAT|CCDC159|FBXO5",4,1.04,0.763,1.418,0.805,0.545,0.442,0.648
"TCGA_heldout",FALSE,"proliferation_matched","random",916,"ALG5|GARS1|PPP2R5A|PSMD1",4,1.208,0.902,1.619,0.205,0.572,0.471,0.674
"TCGA_heldout",FALSE,"proliferation_matched","random",917,"TOPBP1|WAPL|TEKT5|ZMYND12",4,0.799,0.561,1.137,0.212,0.52,0.409,0.632
"TCGA_heldout",FALSE,"proliferation_matched","random",918,"MARCHF2|KNOP1|POP1|KNTC1",4,1.055,0.777,1.433,0.732,0.534,0.423,0.646
"TCGA_heldout",FALSE,"proliferation_matched","random",919,"RAP1GAP|PRPF4|CKS1B|SLC7A1",4,1.144,0.845,1.548,0.384,0.561,0.464,0.659
"TCGA_heldout",FALSE,"proliferation_matched","random",920,"PKMYT1|CENPM|PHKB|SHCBP1",4,1.202,0.877,1.648,0.252,0.575,0.468,0.682
"TCGA_heldout",FALSE,"proliferation_matched","random",921,"ABHD14A|UBE2T|FAM219B|OIP5",4,0.921,0.676,1.257,0.605,0.49,0.395,0.585
"TCGA_heldout",FALSE,"proliferation_matched","random",922,"KNL1|NOP56|POLA1|INCENP",4,1.269,0.926,1.74,0.139,0.605,0.508,0.702
"TCGA_heldout",FALSE,"proliferation_matched","random",923,"TOMM40|RRM2|DHRS12|DNMT3B",4,1.169,0.868,1.575,0.305,0.584,0.477,0.69
"TCGA_heldout",FALSE,"proliferation_matched","random",924,"NUBP1|LIN9|NAV1|DNAJC10",4,1.18,0.856,1.626,0.312,0.555,0.469,0.641
"TCGA_heldout",FALSE,"proliferation_matched","random",925,"HSPD1|PRCC|DDX23|FAM72A",4,1.265,0.926,1.728,0.139,0.616,0.514,0.719
"TCGA_heldout",FALSE,"proliferation_matched","random",926,"HAUS6|CD81|OAS3|ZNF491",4,1.222,0.838,1.783,0.297,0.523,0.403,0.644
"TCGA_heldout",FALSE,"proliferation_matched","random",927,"CLN5|YPEL3|ERBB4|ZFP91",4,0.969,0.714,1.316,0.842,0.538,0.43,0.647
"TCGA_heldout",FALSE,"proliferation_matched","random",928,"MARCKS|ZNF695|COL4A3|SMCHD1",4,0.957,0.715,1.279,0.766,0.509,0.408,0.61
"TCGA_heldout",FALSE,"proliferation_matched","random",929,"SCTR|SMDT1|ANKLE2|ZNF44",4,0.706,0.52,0.959,0.0259,0.641,0.542,0.74
"TCGA_heldout",FALSE,"proliferation_matched","random",930,"ANKLE2|PLAC9|TBC1D10A|DNAJC10",4,1.014,0.707,1.453,0.94,0.508,0.392,0.623
"TCGA_heldout",FALSE,"proliferation_matched","random",931,"ANKLE2|FAM83F|CCDC77|SAMD8",4,1.191,0.888,1.597,0.244,0.608,0.516,0.7
"TCGA_heldout",FALSE,"proliferation_matched","random",932,"FNIP2|POU2F1|FHIT|CYB5A",4,0.823,0.611,1.109,0.201,0.583,0.474,0.692
"TCGA_heldout",FALSE,"proliferation_matched","random",933,"CENPJ|SCN4B|ANG|ADPRM",4,1.067,0.774,1.471,0.692,0.544,0.438,0.65
"TCGA_heldout",FALSE,"proliferation_matched","random",934,"SPAG5|ZNF441|MTBP|TENM3",4,1.203,0.888,1.629,0.232,0.61,0.51,0.709
"TCGA_heldout",FALSE,"proliferation_matched","random",935,"SIRT3|RAP1GAP|ALDH18A1|CAND1",4,0.99,0.729,1.344,0.95,0.496,0.401,0.59
"TCGA_heldout",FALSE,"proliferation_matched","random",936,"PCSK1|PPM1M|WDR5|NUP205",4,1.058,0.793,1.41,0.701,0.563,0.46,0.666
"TCGA_heldout",FALSE,"proliferation_matched","random",937,"NOM1|ZNF671|GFY|ENPP5",4,0.741,0.542,1.012,0.0591,0.594,0.489,0.699
"TCGA_heldout",FALSE,"proliferation_matched","random",938,"RSPO2|AC068831.6|ATP2B1|NFXL1",4,1.091,0.811,1.468,0.566,0.579,0.478,0.679
"TCGA_heldout",FALSE,"proliferation_matched","random",939,"PRDM4|DBF4B|INCENP|ECT2",4,1.227,0.903,1.667,0.192,0.626,0.534,0.717
"TCGA_heldout",FALSE,"proliferation_matched","random",940,"GNPNAT1|LCOR|FIGN|RIC3",4,1.221,0.907,1.644,0.188,0.57,0.481,0.66
"TCGA_heldout",FALSE,"proliferation_matched","random",941,"GGTLC1|WDR76|BTNL9|SPINDOC",4,0.98,0.722,1.331,0.896,0.531,0.428,0.634
"TCGA_heldout",FALSE,"proliferation_matched","random",942,"LETM1|HSD17B6|TCEAL1|E2F1",4,0.883,0.638,1.222,0.453,0.553,0.456,0.649
"TCGA_heldout",FALSE,"proliferation_matched","random",943,"RNASE1|CDC6|TENM3|DNAJC2",4,1.178,0.849,1.635,0.327,0.588,0.487,0.69
"TCGA_heldout",FALSE,"proliferation_matched","random",944,"ALDH18A1|DSCC1|TET3|SKA1",4,1.188,0.872,1.62,0.275,0.611,0.513,0.709
"TCGA_heldout",FALSE,"proliferation_matched","random",945,"MSL1|FUBP3|EIF4G1|CKAP2L",4,1.335,0.975,1.828,0.0716,0.62,0.526,0.714
"TCGA_heldout",FALSE,"proliferation_matched","random",946,"PEX11G|GINS2|CLSPN|GMPS",4,1.258,0.92,1.721,0.151,0.599,0.499,0.699
"TCGA_heldout",FALSE,"proliferation_matched","random",947,"CNP|ACLY|KCNK5|RAD23B",4,1.164,0.845,1.602,0.352,0.535,0.444,0.625
"TCGA_heldout",FALSE,"proliferation_matched","random",948,"TTLL4|CACUL1|RAP1GAP|DSP",4,1.149,0.856,1.543,0.354,0.523,0.42,0.627
"TCGA_heldout",FALSE,"proliferation_matched","random",949,"SPAG5|GPRIN1|CEP250|NFXL1",4,1.265,0.91,1.758,0.161,0.613,0.515,0.712
"TCGA_heldout",FALSE,"proliferation_matched","random",950,"RBM15|BTNL9|SPATS2|EMC3",4,1.157,0.833,1.607,0.385,0.505,0.406,0.604
"TCGA_heldout",FALSE,"proliferation_matched","random",951,"SRSF1|IGF2BP3|ZNF671|NOL11",4,1.183,0.855,1.637,0.311,0.526,0.421,0.63
"TCGA_heldout",FALSE,"proliferation_matched","random",952,"NCS1|PRIM2|KIF2C|MATN3",4,1.357,0.952,1.936,0.0914,0.579,0.462,0.695
"TCGA_heldout",FALSE,"proliferation_matched","random",953,"ST7|DTL|ECT2|ACOXL",4,1.059,0.778,1.441,0.716,0.564,0.46,0.667
"TCGA_heldout",FALSE,"proliferation_matched","random",954,"LRRC59|RAP1GAP|ACAD8|YWHAG",4,1.158,0.835,1.605,0.381,0.556,0.448,0.663
"TCGA_heldout",FALSE,"proliferation_matched","random",955,"LEO1|CHEK2|GFY|PLA2G1B",4,1.071,0.776,1.48,0.676,0.584,0.49,0.678
"TCGA_heldout",FALSE,"proliferation_matched","random",956,"MTFR2|KCNK5|NUP188|DLGAP5",4,1.145,0.829,1.581,0.412,0.563,0.459,0.666
"TCGA_heldout",FALSE,"proliferation_matched","random",957,"TCOF1|NOD1|HMGA1|ZSCAN4",4,1.218,0.889,1.669,0.22,0.577,0.474,0.681
"TCGA_heldout",FALSE,"proliferation_matched","random",958,"ACOXL|DCAF7|GPR19|MARCHF2",4,0.909,0.678,1.218,0.522,0.562,0.457,0.667
"TCGA_heldout",FALSE,"proliferation_matched","random",959,"RIC3|ORC1|RFC4|HLF",4,0.872,0.647,1.176,0.37,0.545,0.439,0.652
"TCGA_heldout",FALSE,"proliferation_matched","random",960,"UBXN7|NOD1|RC3H2|KHSRP",4,1.119,0.811,1.544,0.492,0.552,0.454,0.649
"TCGA_heldout",FALSE,"proliferation_matched","random",961,"CCNJ|NOD1|KLHDC2|METTL21C",4,0.752,0.539,1.049,0.0931,0.608,0.497,0.719
"TCGA_heldout",FALSE,"proliferation_matched","random",962,"ADAR|SELENOI|SMC2|KIF20A",4,1.304,0.939,1.812,0.113,0.599,0.495,0.704
"TCGA_heldout",FALSE,"proliferation_matched","random",963,"UBAP2|CDV3|PATL1|EID1",4,1.365,0.987,1.888,0.0596,0.639,0.553,0.725
"TCGA_heldout",FALSE,"proliferation_matched","random",964,"ITM2B|PRC1|CEP128|TROAP",4,1.206,0.882,1.649,0.242,0.557,0.466,0.648
"TCGA_heldout",FALSE,"proliferation_matched","random",965,"PGAP3|HUWE1|HDGF|KDM1A",4,1.196,0.846,1.689,0.31,0.524,0.42,0.628
"TCGA_heldout",FALSE,"proliferation_matched","random",966,"ENPP4|DPEP2|PXMP4|MYO19",4,0.635,0.462,0.872,0.00507,0.603,0.502,0.703
"TCGA_heldout",FALSE,"proliferation_matched","random",967,"TMPRSS2|TPX2|GNG7|KLHL42",4,0.723,0.527,0.994,0.0458,0.568,0.468,0.668
"TCGA_heldout",FALSE,"proliferation_matched","random",968,"TMEM50B|ICAM5|CPAMD8|SFTPD",4,0.793,0.574,1.096,0.16,0.591,0.483,0.7
"TCGA_heldout",FALSE,"proliferation_matched","random",969,"PHYKPL|GARS1|MTIF2|ZNF396",4,0.865,0.62,1.207,0.395,0.534,0.418,0.649
"TCGA_heldout",FALSE,"proliferation_matched","random",970,"EPOP|PSMD11|TRIP13|HLA-DRB5",4,0.973,0.72,1.315,0.858,0.456,0.344,0.568
"TCGA_heldout",FALSE,"proliferation_matched","random",971,"EFTUD2|B3GNT5|TENM3|ERCC6L",4,1.336,0.943,1.893,0.103,0.595,0.486,0.704
"TCGA_heldout",FALSE,"proliferation_matched","random",972,"CCNJ|TMPRSS2|PRDM4|CITED2",4,0.794,0.566,1.114,0.182,0.534,0.414,0.654
"TCGA_heldout",FALSE,"proliferation_matched","random",973,"CYP2R1|KNL1|RUSF1|CDK1",4,0.957,0.701,1.308,0.784,0.503,0.407,0.598
"TCGA_heldout",FALSE,"proliferation_matched","random",974,"NDRG2|CDCA2|WDR4|TSPAN31",4,0.999,0.721,1.385,0.996,0.499,0.398,0.601
"TCGA_heldout",FALSE,"proliferation_matched","random",975,"CDKL2|MTOR|SUPV3L1|TSPAN3",4,0.729,0.525,1.013,0.0598,0.579,0.469,0.689
"TCGA_heldout",FALSE,"proliferation_matched","random",976,"MTHFD2|SLC16A1|PARP1|POU2F1",4,1.373,1.01,1.866,0.043,0.608,0.502,0.715
"TCGA_heldout",FALSE,"proliferation_matched","random",977,"IL11RA|SCGB3A1|SSX2IP|WDR62",4,0.825,0.605,1.125,0.224,0.55,0.452,0.648
"TCGA_heldout",FALSE,"proliferation_matched","random",978,"BMS1|APOO|VASH2|NPC2",4,1.06,0.772,1.456,0.718,0.515,0.407,0.622
"TCGA_heldout",FALSE,"proliferation_matched","random",979,"DCLRE1B|KIF4A|HASPIN|GINS2",4,1.161,0.837,1.611,0.37,0.578,0.469,0.688
"TCGA_heldout",FALSE,"proliferation_matched","random",980,"GPR160|IGIP|HLA-DRB1|ZFP69B",4,0.698,0.51,0.957,0.0253,0.644,0.544,0.744
"TCGA_heldout",FALSE,"proliferation_matched","random",981,"HDGF|SMC3|FANCA|DAZAP1",4,1.184,0.873,1.606,0.278,0.613,0.514,0.712
"TCGA_heldout",FALSE,"proliferation_matched","random",982,"GPI|MARCHF2|POLR1A|PSRC1",4,1.321,0.953,1.833,0.095,0.589,0.489,0.689
"TCGA_heldout",FALSE,"proliferation_matched","random",983,"LZTFL1|TSC22D3|DONSON|HOXB9",4,1.045,0.774,1.411,0.773,0.525,0.425,0.625
"TCGA_heldout",FALSE,"proliferation_matched","random",984,"SULT1A2|FXR1|CTSO|CEP97",4,1.064,0.766,1.478,0.713,0.531,0.444,0.618
"TCGA_heldout",FALSE,"proliferation_matched","random",985,"VSIG2|CEP78|EMC1|ECHDC2",4,0.809,0.594,1.102,0.18,0.551,0.444,0.659
"TCGA_heldout",FALSE,"proliferation_matched","random",986,"SCGB3A1|VASH2|SRGAP1|PIFO",4,0.926,0.667,1.285,0.645,0.475,0.362,0.588
"TCGA_heldout",FALSE,"proliferation_matched","random",987,"PACSIN1|FSBP|HNRNPU|TBC1D10A",4,1.22,0.856,1.74,0.271,0.555,0.452,0.658
"TCGA_heldout",FALSE,"proliferation_matched","random",988,"HAGH|TSLP|ROBO2|POLR1G",4,1.032,0.77,1.385,0.831,0.523,0.42,0.625
"TCGA_heldout",FALSE,"proliferation_matched","random",989,"HPGD|CISH|ING4|GINS1",4,0.788,0.562,1.105,0.167,0.567,0.472,0.662
"TCGA_heldout",FALSE,"proliferation_matched","random",990,"ARHGEF39|TFCP2|RGCC|CDC6",4,1.111,0.821,1.504,0.496,0.599,0.494,0.705
"TCGA_heldout",FALSE,"proliferation_matched","random",991,"C5orf34|CISH|TEF|RNASE1",4,0.793,0.58,1.086,0.148,0.591,0.492,0.69
"TCGA_heldout",FALSE,"proliferation_matched","random",992,"TBC1D10A|SF3B2|TCHP|CCDC150",4,1.059,0.767,1.461,0.729,0.552,0.444,0.661
"TCGA_heldout",FALSE,"proliferation_matched","random",993,"DYRK2|LRP2BP|MTHFD2|E2F2",4,0.907,0.659,1.249,0.551,0.503,0.399,0.606
"TCGA_heldout",FALSE,"proliferation_matched","random",994,"NOLC1|BMS1|RRM2|KNL1",4,1.425,1.023,1.985,0.0363,0.648,0.553,0.744
"TCGA_heldout",FALSE,"proliferation_matched","random",995,"OPA1|EIF2S2|SH3PXD2B|MPZL2",4,1.221,0.878,1.699,0.235,0.579,0.482,0.675
"TCGA_heldout",FALSE,"proliferation_matched","random",996,"FAM136A|RANBP1|TNNC1|CPSF6",4,0.928,0.67,1.287,0.656,0.493,0.388,0.597
"TCGA_heldout",FALSE,"proliferation_matched","random",997,"E2F2|SULT1A1|SF3B3|WDR62",4,1.041,0.759,1.427,0.805,0.541,0.433,0.649
"TCGA_heldout",FALSE,"proliferation_matched","random",998,"POLR1A|MBLAC2|MAP4K4|NCOA6",4,1.365,1.003,1.859,0.048,0.601,0.498,0.703
"TCGA_heldout",FALSE,"proliferation_matched","random",999,"NPRL2|HSPB7|KMT5A|MYBPHL",4,0.848,0.606,1.189,0.339,0.55,0.453,0.647
"TCGA_heldout",FALSE,"proliferation_matched","random",1000,"PPM1G|EP400|SACS|GNG7",4,1.222,0.902,1.655,0.195,0.589,0.496,0.683
"GSE31210",FALSE,NA,"observed",0,"LMNB2|TMPO|NDC1|LBR",4,1.457,1.122,1.892,0.00473,0.641,0.537,0.745
"GSE31210",FALSE,"protein_coding","random",1,"MMAA|SARDH|LEFTY1|S100A4",4,0.728,0.464,1.142,0.167,0.566,0.459,0.672
"GSE31210",FALSE,"protein_coding","random",2,"HERPUD1|ESRRB|SETDB2|CORO1C",4,1.062,0.741,1.523,0.744,0.517,0.398,0.636
"GSE31210",FALSE,"protein_coding","random",3,"CNTRL|SLC46A2|CXorf65|GPIHBP1",4,0.549,0.354,0.853,0.00761,0.683,0.599,0.767
"GSE31210",FALSE,"protein_coding","random",4,"TBC1D8|LUC7L3|ARMC6|PDCD6",4,0.889,0.619,1.275,0.522,0.522,0.421,0.623
"GSE31210",FALSE,"protein_coding","random",5,"MID2|ST6GALNAC3|ITGA2|USP44",4,0.532,0.358,0.79,0.00174,0.7,0.61,0.79
"GSE31210",FALSE,"protein_coding","random",6,"TCEAL1|TUBA4A|EXD1|SCAF4",4,0.709,0.459,1.095,0.121,0.59,0.492,0.687
"GSE31210",FALSE,"protein_coding","random",7,"TCEA1|LGR4|NCOA1|NOL7",4,0.971,0.665,1.416,0.877,0.472,0.362,0.581
"GSE31210",FALSE,"protein_coding","random",8,"NECAP1|ANKRD36|GRN|NSUN3",4,1.304,0.967,1.757,0.0815,0.644,0.553,0.735
"GSE31210",FALSE,"protein_coding","random",9,"NPY|PDCD5|CXCL10|DENND6B",4,1.157,0.858,1.561,0.34,0.522,0.4,0.644
"GSE31210",FALSE,"protein_coding","random",10,"HGF|ASF1B|EIF4E3|DDC",4,0.778,0.523,1.158,0.216,0.554,0.449,0.659
"GSE31210",FALSE,"protein_coding","random",11,"RNF111|FANCD2|ATP6V1G2|CXCR3",4,1.321,0.942,1.854,0.107,0.599,0.524,0.675
"GSE31210",FALSE,"protein_coding","random",12,"CLDN4|SGK1|SRSF4|DMTN",4,1.148,0.81,1.627,0.437,0.557,0.44,0.675
"GSE31210",FALSE,"protein_coding","random",13,"EID2B|CEBPB|DNAJB11|CDKN1C",4,1.342,0.994,1.811,0.0548,0.568,0.459,0.678
"GSE31210",FALSE,"protein_coding","random",14,"ANKHD1|FBXO8|TMED9|AOC2",4,0.859,0.586,1.259,0.436,0.574,0.463,0.684
"GSE31210",FALSE,"protein_coding","random",15,"ZNF470|ZMAT1|KLK3|NUP205",4,0.692,0.465,1.029,0.0687,0.56,0.462,0.657
"GSE31210",FALSE,"protein_coding","random",16,"PHTF2|MSRB3|RETNLB|CBY1",4,0.876,0.601,1.279,0.494,0.573,0.459,0.687
"GSE31210",FALSE,"protein_coding","random",17,"COPS7A|VASN|APC2|MTPAP",4,0.987,0.679,1.434,0.944,0.492,0.376,0.608
"GSE31210",FALSE,"protein_coding","random",18,"CSMD2|TADA2B|PRDX3|AC079741.2",4,1.006,0.711,1.422,0.974,0.506,0.397,0.616
"GSE31210",FALSE,"protein_coding","random",19,"TMEM141|ORM1|CRYGA|BRMS1L",4,1.204,0.871,1.664,0.261,0.628,0.543,0.712
"GSE31210",FALSE,"protein_coding","random",20,"RALGDS|TMEM160|HS6ST2|E4F1",4,1.024,0.719,1.46,0.894,0.519,0.424,0.614
"GSE31210",FALSE,"protein_coding","random",21,"PSMG1|OR52A1|TFAP2E|GPANK1",4,1.094,0.793,1.509,0.584,0.529,0.43,0.629
"GSE31210",FALSE,"protein_coding","random",22,"GIPC2|ELAVL1|AHI1|CERS5",4,1.001,0.704,1.422,0.996,0.517,0.403,0.632
"GSE31210",FALSE,"protein_coding","random",23,"IFNA4|TOP3A|EPHB1|CYP1B1",4,1.242,0.881,1.751,0.215,0.561,0.455,0.666
"GSE31210",FALSE,"protein_coding","random",24,"KCNG3|PLD2|RPL6|TOM1",4,0.93,0.64,1.351,0.703,0.518,0.41,0.625
"GSE31210",FALSE,"protein_coding","random",25,"DCLK2|KLRC3|INO80D|CANX",4,0.983,0.69,1.401,0.925,0.52,0.421,0.619
"GSE31210",FALSE,"protein_coding","random",26,"DENR|TTC22|PAX1|OPN4",4,1.275,0.926,1.755,0.137,0.593,0.503,0.683
"GSE31210",FALSE,"protein_coding","random",27,"SKP1|DET1|CAST|RPP40",4,1.631,1.176,2.26,0.00334,0.661,0.56,0.762
"GSE31210",FALSE,"protein_coding","random",28,"UGT8|KCNK1|HK1|SLC6A13",4,1.499,1.183,1.898,0.000792,0.712,0.633,0.792
"GSE31210",FALSE,"protein_coding","random",29,"CSTA|SLC25A27|RABL2A|MTAP",4,0.718,0.466,1.107,0.133,0.605,0.497,0.714
"GSE31210",FALSE,"protein_coding","random",30,"TRIM55|GCSH|MMRN1|ATAD2",4,0.774,0.503,1.191,0.244,0.609,0.485,0.734
"GSE31210",FALSE,"protein_coding","random",31,"CXXC4|PNMT|GAS2L1|PPIL1",4,1.247,0.909,1.709,0.171,0.58,0.472,0.687
"GSE31210",FALSE,"protein_coding","random",32,"PARN|SKA1|IFNA2|ELOVL7",4,1.409,1.073,1.85,0.0136,0.656,0.569,0.742
"GSE31210",FALSE,"protein_coding","random",33,"CLIP2|CENPP|ART4|NT5C1A",4,0.555,0.363,0.849,0.00659,0.667,0.555,0.779
"GSE31210",FALSE,"protein_coding","random",34,"USP54|EXPH5|RET|STK32B",4,0.483,0.305,0.763,0.00184,0.679,0.587,0.771
"GSE31210",FALSE,"protein_coding","random",35,"ARFGAP3|PHF13|MED17|EPHA5",4,1.256,0.901,1.75,0.179,0.563,0.468,0.658
"GSE31210",FALSE,"protein_coding","random",36,"PRICKLE4|GMPR2|ZNF148|IQCF6",4,0.94,0.65,1.359,0.742,0.488,0.389,0.587
"GSE31210",FALSE,"protein_coding","random",37,"ZNF701|WRNIP1|CLCN6|CYP3A7",4,0.768,0.52,1.135,0.185,0.523,0.414,0.632
"GSE31210",FALSE,"protein_coding","random",38,"MAPK14|LILRB3|BTBD7|ULK2",4,0.783,0.527,1.163,0.226,0.629,0.537,0.721
"GSE31210",FALSE,"protein_coding","random",39,"BOLA2|SYNGR4|ITPKA|TMEM9B",4,0.941,0.642,1.378,0.755,0.557,0.442,0.672
"GSE31210",FALSE,"protein_coding","random",40,"GORAB|ARHGAP20|SCNN1B|WDFY3",4,0.498,0.332,0.748,0.000779,0.675,0.565,0.784
"GSE31210",FALSE,"protein_coding","random",41,"SPI1|PIK3R5|GRK5|ZMAT5",4,0.975,0.679,1.399,0.889,0.519,0.406,0.633
"GSE31210",FALSE,"protein_coding","random",42,"FBXO15|SULF2|LOXL1|OCIAD2",4,1.476,1.096,1.988,0.0104,0.651,0.561,0.741
"GSE31210",FALSE,"protein_coding","random",43,"OBSCN|ZC3H18|OR2W1|HUS1B",4,1.013,0.713,1.438,0.944,0.505,0.402,0.609
"GSE31210",FALSE,"protein_coding","random",44,"CACNG8|SECTM1|AGR2|LGALSL",4,1.444,1.023,2.039,0.0369,0.607,0.503,0.711
"GSE31210",FALSE,"protein_coding","random",45,"SOX8|EXO5|ARHGAP39|HHIP",4,0.699,0.46,1.061,0.0928,0.601,0.501,0.7
"GSE31210",FALSE,"protein_coding","random",46,"PRSS21|ECE1|CALHM1|DYNC2H1",4,1.054,0.74,1.5,0.771,0.501,0.381,0.621
"GSE31210",FALSE,"protein_coding","random",47,"TAF9B|DNAJC10|CCR10|TMEM8B",4,0.761,0.504,1.149,0.193,0.573,0.451,0.695
"GSE31210",FALSE,"protein_coding","random",48,"RPL21|AQR|LGALS13|MCTP2",4,1.23,0.864,1.751,0.25,0.578,0.466,0.689
"GSE31210",FALSE,"protein_coding","random",49,"C5orf46|AP3D1|SCAP|FCGR1A",4,1.532,1.165,2.014,0.00227,0.691,0.604,0.777
"GSE31210",FALSE,"protein_coding","random",50,"RAC2|NLGN4Y|MRPL19|MRAS",4,1.447,1.069,1.957,0.0166,0.617,0.509,0.725
"GSE31210",FALSE,"protein_coding","random",51,"ZNF343|CA10|NALCN|ZNF493",4,0.538,0.356,0.814,0.00335,0.653,0.561,0.745
"GSE31210",FALSE,"protein_coding","random",52,"SGCE|GPKOW|MUTYH|OR6B1",4,1.329,0.967,1.827,0.0798,0.566,0.454,0.678
"GSE31210",FALSE,"protein_coding","random",53,"KCNE3|CKAP4|ATAD3B|SLC2A6",4,1.407,1.038,1.906,0.0276,0.65,0.556,0.744
"GSE31210",FALSE,"protein_coding","random",54,"TBRG4|LNX1|COA5|RFPL1",4,0.926,0.647,1.325,0.675,0.515,0.404,0.625
"GSE31210",FALSE,"protein_coding","random",55,"TCTEX1D1|PCMT1|SLC22A14|CD79B",4,0.889,0.614,1.289,0.536,0.548,0.456,0.64
"GSE31210",FALSE,"protein_coding","random",56,"TNPO1|ESRRA|ATP10A|RCC1",4,1.166,0.829,1.639,0.377,0.537,0.44,0.633
"GSE31210",FALSE,"protein_coding","random",57,"PCDHB16|CBLB|COX16|KNDC1",4,1.312,0.955,1.802,0.0942,0.511,0.391,0.631
"GSE31210",FALSE,"protein_coding","random",58,"CELA3B|C17orf75|OLFML1|RRAS",4,0.945,0.655,1.361,0.76,0.515,0.402,0.629
"GSE31210",FALSE,"protein_coding","random",59,"CANT1|ARHGAP15|PPP1R1A|PPP3R2",4,1.252,0.922,1.7,0.15,0.558,0.464,0.653
"GSE31210",FALSE,"protein_coding","random",60,"CCDC78|SNX25|IQGAP2|TEX35",4,0.846,0.575,1.247,0.399,0.554,0.449,0.658
"GSE31210",FALSE,"protein_coding","random",61,"MED14|PPP6R3|NUP50|MUC3A",4,0.807,0.545,1.196,0.286,0.599,0.49,0.708
"GSE31210",FALSE,"protein_coding","random",62,"CERS3|MRPS5|MRPL37|HSD17B14",4,0.964,0.669,1.388,0.842,0.493,0.377,0.609
"GSE31210",FALSE,"protein_coding","random",63,"PAM16|ESF1|MAP3K19|HPN",4,0.556,0.363,0.852,0.00698,0.662,0.574,0.75
"GSE31210",FALSE,"protein_coding","random",64,"PIK3R1|TAS2R19|LRRC56|ZNF500",4,0.531,0.366,0.771,0.000887,0.674,0.589,0.759
"GSE31210",FALSE,"protein_coding","random",65,"CHRD|SGPL1|FRYL|FAM222B",4,1.303,1.015,1.674,0.0378,0.642,0.537,0.746
"GSE31210",FALSE,"protein_coding","random",66,"TBC1D4|ITGB1|NPM3|SLC39A13",4,1.417,0.993,2.021,0.0545,0.573,0.464,0.682
"GSE31210",FALSE,"protein_coding","random",67,"PUSL1|PTPN11|CLDN5|SMPD3",4,0.99,0.695,1.411,0.956,0.487,0.381,0.592
"GSE31210",FALSE,"protein_coding","random",68,"KANK3|DES|MFN1|SCYL2",4,0.764,0.505,1.156,0.203,0.537,0.431,0.642
"GSE31210",FALSE,"protein_coding","random",69,"ZNF580|HP1BP3|HSD17B14|COLGALT1",4,1.157,0.799,1.677,0.44,0.514,0.407,0.62
"GSE31210",FALSE,"protein_coding","random",70,"NAE1|SUDS3|CLDN9|FRMD4A",4,0.989,0.684,1.429,0.951,0.478,0.358,0.599
"GSE31210",FALSE,"protein_coding","random",71,"AADAC|DMP1|MLLT11|ZNF443",4,1.072,0.756,1.52,0.697,0.511,0.401,0.621
"GSE31210",FALSE,"protein_coding","random",72,"PACSIN2|HCN4|RNF215|PRRC2C",4,0.973,0.684,1.385,0.881,0.518,0.416,0.619
"GSE31210",FALSE,"protein_coding","random",73,"EPS15|HBE1|MAP2K6|IL1A",4,0.559,0.36,0.868,0.00961,0.675,0.582,0.769
"GSE31210",FALSE,"protein_coding","random",74,"ZNF200|CHST14|PSTPIP1|TGM5",4,1.018,0.727,1.426,0.917,0.498,0.384,0.613
"GSE31210",FALSE,"protein_coding","random",75,"ZNF2|RPL23|CD27|AGXT",4,0.712,0.473,1.072,0.104,0.576,0.489,0.663
"GSE31210",FALSE,"protein_coding","random",76,"METTL25|PRKCSH|BGLAP|CRLF1",4,1.141,0.822,1.585,0.431,0.592,0.494,0.689
"GSE31210",FALSE,"protein_coding","random",77,"EIF2AK1|MTX3|MLXIP|DBP",4,0.536,0.355,0.809,0.00297,0.617,0.514,0.72
"GSE31210",FALSE,"protein_coding","random",78,"GYPC|MAD2L1BP|LRTOMT|GLYATL2",4,1.164,0.847,1.599,0.35,0.52,0.411,0.629
"GSE31210",FALSE,"protein_coding","random",79,"KIAA1755|PPP1R21|B4GALT6|RPS4Y1",4,0.824,0.563,1.207,0.32,0.555,0.458,0.652
"GSE31210",FALSE,"protein_coding","random",80,"CDPF1|SLC26A8|BEND5|C2orf72",4,1.153,0.817,1.626,0.418,0.484,0.365,0.603
"GSE31210",FALSE,"protein_coding","random",81,"IGFBP1|ERCC2|NUDT11|DAO",4,1.05,0.734,1.501,0.79,0.483,0.37,0.597
"GSE31210",FALSE,"protein_coding","random",82,"ANXA5|CLECL1|A2M|DOCK8",4,1.121,0.784,1.605,0.531,0.512,0.399,0.625
"GSE31210",FALSE,"protein_coding","random",83,"CYTH3|MRRF|TIPIN|ALDH1A3",4,1.086,0.775,1.523,0.632,0.526,0.415,0.637
"GSE31210",FALSE,"protein_coding","random",84,"ARHGAP33|C1QTNF2|TMEM256|ZDHHC24",4,0.798,0.546,1.168,0.246,0.609,0.508,0.71
"GSE31210",FALSE,"protein_coding","random",85,"TPD52L3|TMEM107|MAGEA2|BPI",4,1,0.699,1.431,0.999,0.483,0.377,0.589
"GSE31210",FALSE,"protein_coding","random",86,"HDAC8|PRR35|SLC38A1|BRD3",4,1.151,0.845,1.568,0.373,0.545,0.425,0.664
"GSE31210",FALSE,"protein_coding","random",87,"POC1B|TNFRSF13C|C6orf89|SARM1",4,0.611,0.399,0.937,0.0238,0.677,0.572,0.782
"GSE31210",FALSE,"protein_coding","random",88,"GPRC5C|EBF3|RAVER1|GATAD2B",4,0.692,0.467,1.025,0.0662,0.622,0.515,0.729
"GSE31210",FALSE,"protein_coding","random",89,"CEP57|CACNG2|LYZL6|POLR2J2",4,1.051,0.739,1.496,0.78,0.521,0.415,0.626
"GSE31210",FALSE,"protein_coding","random",90,"GRAPL|THNSL1|SPRED3|ZHX1",4,0.676,0.463,0.988,0.0434,0.578,0.473,0.684
"GSE31210",FALSE,"protein_coding","random",91,"COX7B2|FBXO31|MRGPRX2|NAGK",4,1.213,0.862,1.708,0.267,0.571,0.473,0.669
"GSE31210",FALSE,"protein_coding","random",92,"TRIO|MAF|SNRPN|TSPAN17",4,1.157,0.819,1.634,0.409,0.562,0.459,0.665
"GSE31210",FALSE,"protein_coding","random",93,"ADAMTS10|LSM14B|APOL6|SEMA4F",4,0.856,0.59,1.243,0.415,0.585,0.477,0.692
"GSE31210",FALSE,"protein_coding","random",94,"ARF1|PDCD5|ALPK2|EPYC",4,1.192,0.935,1.52,0.155,0.594,0.486,0.702
"GSE31210",FALSE,"protein_coding","random",95,"TMEM256|MEF2C|MVK|CST3",4,0.787,0.544,1.137,0.202,0.576,0.461,0.692
"GSE31210",FALSE,"protein_coding","random",96,"PRDX4|PLA2G2A|RTEL1-TNFRSF6B|UPP2",4,1.412,1.096,1.82,0.00763,0.646,0.555,0.737
"GSE31210",FALSE,"protein_coding","random",97,"HS1BP3|BTRC|CDCA7|CALR",4,0.893,0.601,1.328,0.577,0.518,0.403,0.634
"GSE31210",FALSE,"protein_coding","random",98,"FBXW8|RXFP3|ANKFN1|SLC10A2",4,0.614,0.38,0.99,0.0452,0.626,0.513,0.739
"GSE31210",FALSE,"protein_coding","random",99,"RPL14|RNF24|RPS23|LRRK1",4,1.347,0.975,1.862,0.0711,0.608,0.508,0.707
"GSE31210",FALSE,"protein_coding","random",100,"SGSM2|HOXA5|PRDM9|DCST1",4,0.441,0.258,0.754,0.0028,0.671,0.579,0.762
"GSE31210",FALSE,"protein_coding","random",101,"CACFD1|FBXO43|LAMP1|PRRT3",4,1.163,0.842,1.606,0.359,0.544,0.444,0.643
"GSE31210",FALSE,"protein_coding","random",102,"ELK3|OIP5|GLRA3|CD2BP2",4,1.195,0.894,1.597,0.228,0.574,0.476,0.672
"GSE31210",FALSE,"protein_coding","random",103,"KCNMB1|WNT9B|SESTD1|HCN1",4,0.917,0.631,1.332,0.648,0.511,0.397,0.625
"GSE31210",FALSE,"protein_coding","random",104,"BIVM|APOOL|KLF2|DOCK11",4,0.762,0.519,1.12,0.167,0.587,0.471,0.703
"GSE31210",FALSE,"protein_coding","random",105,"ERBB4|CAST|TMBIM4|VPS54",4,0.688,0.469,1.011,0.0566,0.612,0.513,0.712
"GSE31210",FALSE,"protein_coding","random",106,"TFG|MMP15|SF3B1|SERGEF",4,1.276,0.898,1.813,0.174,0.609,0.499,0.718
"GSE31210",FALSE,"protein_coding","random",107,"GEM|GADD45B|TMEM63C|IFI35",4,1.079,0.757,1.539,0.674,0.489,0.376,0.601
"GSE31210",FALSE,"protein_coding","random",108,"MAP3K8|CCND3|SH3GL1|F11",4,0.796,0.528,1.202,0.278,0.581,0.472,0.689
"GSE31210",FALSE,"protein_coding","random",109,"MYD88|MYPOP|TRIM36|AKAP9",4,1.23,0.898,1.684,0.196,0.594,0.488,0.7
"GSE31210",FALSE,"protein_coding","random",110,"HMGN5|ZDHHC23|CEBPE|SATB2",4,1.176,0.86,1.608,0.311,0.538,0.423,0.654
"GSE31210",FALSE,"protein_coding","random",111,"ILK|SLC35D3|ZXDA|DEDD2",4,0.952,0.654,1.385,0.796,0.515,0.413,0.617
"GSE31210",FALSE,"protein_coding","random",112,"IL31RA|TLR1|LRRC47|ALKBH2",4,1.27,0.936,1.724,0.124,0.595,0.483,0.708
"GSE31210",FALSE,"protein_coding","random",113,"DENND2A|CMTM5|TMEM235|ZNF582",4,0.592,0.386,0.906,0.0159,0.645,0.552,0.739
"GSE31210",FALSE,"protein_coding","random",114,"DCAF4L2|LGALS4|KNDC1|JMJD8",4,0.727,0.492,1.074,0.109,0.604,0.513,0.695
"GSE31210",FALSE,"protein_coding","random",115,"USP1|PDGFC|KIAA1549L|NOXO1",4,1.237,0.902,1.696,0.187,0.537,0.405,0.669
"GSE31210",FALSE,"protein_coding","random",116,"GTPBP4|HSPA2|LAMB2|USP2",4,0.896,0.624,1.287,0.552,0.523,0.421,0.625
"GSE31210",FALSE,"protein_coding","random",117,"STK4|TYW5|MRPL24|NDUFB2",4,1.603,1.181,2.174,0.00244,0.688,0.598,0.778
"GSE31210",FALSE,"protein_coding","random",118,"RHPN1|LNP1|DCAF10|PIBF1",4,0.737,0.485,1.121,0.154,0.576,0.462,0.69
"GSE31210",FALSE,"protein_coding","random",119,"TNP2|MUSTN1|NMT1|DLK2",4,1.075,0.765,1.512,0.676,0.556,0.466,0.646
"GSE31210",FALSE,"protein_coding","random",120,"AXDND1|DYNC1I2|APOBR|RAPH1",4,1.432,1.116,1.838,0.00472,0.667,0.578,0.755
"GSE31210",FALSE,"protein_coding","random",121,"BBS7|RAI14|ELMOD2|CNGA1",4,1.148,0.834,1.581,0.398,0.543,0.431,0.655
"GSE31210",FALSE,"protein_coding","random",122,"ADM5|ZNF223|LMO4|PRG3",4,0.909,0.623,1.327,0.622,0.523,0.414,0.633
"GSE31210",FALSE,"protein_coding","random",123,"PRKCD|LPP|DCST2|ACOX3",4,1.109,0.782,1.573,0.563,0.524,0.426,0.622
"GSE31210",FALSE,"protein_coding","random",124,"PRKG1|ADD3|NWD2|ZNF443",4,1.012,0.704,1.454,0.948,0.501,0.393,0.61
"GSE31210",FALSE,"protein_coding","random",125,"PIP5K1C|ZNF493|MAML2|FGF13",4,1.001,0.699,1.433,0.996,0.454,0.344,0.563
"GSE31210",FALSE,"protein_coding","random",126,"CYP2F1|KCNK4|ARID5B|COL12A1",4,1.262,0.92,1.732,0.149,0.578,0.47,0.685
"GSE31210",FALSE,"protein_coding","random",127,"TFCP2|LRRN1|TMEM151B|CYTIP",4,0.802,0.55,1.168,0.249,0.602,0.491,0.714
"GSE31210",FALSE,"protein_coding","random",128,"SCARA3|ZSCAN10|ARHGAP35|DNMT3A",4,0.84,0.581,1.214,0.352,0.552,0.456,0.648
"GSE31210",FALSE,"protein_coding","random",129,"GPN1|LCE1E|NDUFAF3|LRRC23",4,1.386,1.01,1.903,0.0435,0.573,0.466,0.68
"GSE31210",FALSE,"protein_coding","random",130,"PTPN18|ZNF548|IFNA5|RBM15",4,1.06,0.736,1.525,0.754,0.508,0.401,0.615
"GSE31210",FALSE,"protein_coding","random",131,"CLDND1|PGF|HRH2|C5orf46",4,1.065,0.748,1.517,0.726,0.475,0.348,0.602
"GSE31210",FALSE,"protein_coding","random",132,"CHGB|GDPD5|MUC15|ZNF555",4,0.853,0.577,1.259,0.423,0.552,0.442,0.662
"GSE31210",FALSE,"protein_coding","random",133,"IPO8|TATDN2|CTSG|ZC3HAV1",4,1.046,0.723,1.513,0.813,0.516,0.419,0.614
"GSE31210",FALSE,"protein_coding","random",134,"FZD10|IGF2|FAM178B|NKX3-1",4,1.218,0.94,1.578,0.135,0.605,0.503,0.706
"GSE31210",FALSE,"protein_coding","random",135,"FXYD4|GNAT1|VAPB|LRRC72",4,0.863,0.587,1.268,0.453,0.516,0.412,0.621
"GSE31210",FALSE,"protein_coding","random",136,"LRTM2|PLEKHH1|ANKRD33B|NPEPL1",4,1.254,0.891,1.764,0.194,0.549,0.434,0.664
"GSE31210",FALSE,"protein_coding","random",137,"SPIB|AP3S1|SLC6A9|FOXP4",4,0.79,0.533,1.172,0.242,0.591,0.493,0.689
"GSE31210",FALSE,"protein_coding","random",138,"KTN1|CCDC71L|PARP14|VWA5B2",4,1.018,0.713,1.455,0.921,0.491,0.384,0.598
"GSE31210",FALSE,"protein_coding","random",139,"FGF14|FAM78B|LGI4|RAD51B",4,0.735,0.466,1.158,0.184,0.546,0.429,0.663
"GSE31210",FALSE,"protein_coding","random",140,"ZNF35|RTKN|MAP3K19|UBN2",4,1.169,0.825,1.657,0.379,0.488,0.377,0.598
"GSE31210",FALSE,"protein_coding","random",141,"KCNAB2|SEC14L3|CLTB|WHAMM",4,1.192,0.889,1.598,0.242,0.529,0.411,0.648
"GSE31210",FALSE,"protein_coding","random",142,"CEP97|ALS2CL|CARD14|ETV4",4,1.091,0.775,1.535,0.618,0.504,0.386,0.622
"GSE31210",FALSE,"protein_coding","random",143,"RECQL5|GTF3C5|STAC3|PPP2R3C",4,1.611,1.173,2.212,0.00323,0.603,0.494,0.713
"GSE31210",FALSE,"protein_coding","random",144,"MUC5AC|NSA2|DEPDC5|DDAH2",4,1.255,0.898,1.755,0.183,0.546,0.437,0.656
"GSE31210",FALSE,"protein_coding","random",145,"LMBRD2|MYCL|CLPTM1L|SERPINB4",4,1.104,0.766,1.591,0.596,0.533,0.42,0.647
"GSE31210",FALSE,"protein_coding","random",146,"PLD2|TRMT12|IL2RG|TRAPPC10",4,0.777,0.537,1.125,0.182,0.57,0.468,0.671
"GSE31210",FALSE,"protein_coding","random",147,"CISD3|IRS1|KRT33A|PBX1",4,0.867,0.598,1.258,0.453,0.516,0.418,0.614
"GSE31210",FALSE,"protein_coding","random",148,"MRPL42|CNBP|SCGB1A1|GYG1",4,1.327,0.999,1.764,0.0511,0.622,0.519,0.726
"GSE31210",FALSE,"protein_coding","random",149,"KLK15|KBTBD12|PDCL3|RNASE1",4,0.872,0.597,1.273,0.479,0.522,0.402,0.643
"GSE31210",FALSE,"protein_coding","random",150,"REG1A|GJD4|CHD3|IL3RA",4,1.082,0.769,1.522,0.652,0.529,0.423,0.635
"GSE31210",FALSE,"protein_coding","random",151,"SORCS1|PTPRZ1|RNF40|ZNF432",4,0.763,0.445,1.308,0.326,0.555,0.457,0.653
"GSE31210",FALSE,"protein_coding","random",152,"CITED4|MIEF1|TKTL1|ZNF135",4,1.104,0.767,1.59,0.595,0.455,0.342,0.567
"GSE31210",FALSE,"protein_coding","random",153,"ZKSCAN5|UBR2|MEF2B|POLA2",4,1.105,0.783,1.56,0.568,0.552,0.444,0.66
"GSE31210",FALSE,"protein_coding","random",154,"KLF7|MYO1A|GJA8|RNASE1",4,1.246,0.905,1.717,0.178,0.571,0.472,0.67
"GSE31210",FALSE,"protein_coding","random",155,"AOC1|SCARA3|MAFB|ANXA11",4,1.548,1.174,2.041,0.00196,0.659,0.565,0.752
"GSE31210",FALSE,"protein_coding","random",156,"PRKCG|ASNSD1|HOMER1|PGAM5",4,1.134,0.799,1.608,0.482,0.566,0.462,0.67
"GSE31210",FALSE,"protein_coding","random",157,"SLC39A1|DDX1|LTBR|FRMD6",4,1.666,1.299,2.137,5.93e-05,0.678,0.584,0.771
"GSE31210",FALSE,"protein_coding","random",158,"REXO4|ADCY7|SKAP2|TPPP2",4,0.952,0.65,1.394,0.801,0.515,0.398,0.631
"GSE31210",FALSE,"protein_coding","random",159,"ITGB2|KCNN4|AP2B1|ARHGEF10L",4,1.792,1.335,2.406,0.000103,0.718,0.632,0.804
"GSE31210",FALSE,"protein_coding","random",160,"KIAA1217|NFKBIE|PAIP2B|FGFR1OP2",4,0.931,0.634,1.366,0.713,0.529,0.425,0.634
"GSE31210",FALSE,"protein_coding","random",161,"OLFM4|CHD6|SYTL3|SHBG",4,0.96,0.66,1.397,0.831,0.546,0.429,0.662
"GSE31210",FALSE,"protein_coding","random",162,"NOXA1|CWF19L2|PSMD13|HHLA2",4,0.896,0.612,1.311,0.571,0.563,0.447,0.68
"GSE31210",FALSE,"protein_coding","random",163,"CLDN5|ANKUB1|KRT13|AEN",4,0.902,0.62,1.313,0.591,0.544,0.447,0.641
"GSE31210",FALSE,"protein_coding","random",164,"LRRC15|CALCOCO2|WDR43|BPY2",4,0.989,0.681,1.438,0.956,0.529,0.412,0.647
"GSE31210",FALSE,"protein_coding","random",165,"PCBP1|ANPEP|TIMM44|STK25",4,1.011,0.709,1.441,0.952,0.528,0.418,0.639
"GSE31210",FALSE,"protein_coding","random",166,"CDH26|TMEM237|DNMT3B|DDT",4,1.126,0.8,1.585,0.495,0.537,0.437,0.637
"GSE31210",FALSE,"protein_coding","random",167,"ERG|GUCY2C|METTL25|FRMPD4",4,0.495,0.297,0.826,0.00707,0.662,0.567,0.756
"GSE31210",FALSE,"protein_coding","random",168,"FATE1|UNC80|STRADB|SLC17A6",4,0.896,0.619,1.297,0.56,0.479,0.378,0.58
"GSE31210",FALSE,"protein_coding","random",169,"CHMP4B|SLC47A1|PHTF1|MVD",4,1.264,0.914,1.748,0.157,0.573,0.451,0.695
"GSE31210",FALSE,"protein_coding","random",170,"GZMA|CORO7|NUP37|PPT1",4,1.624,1.18,2.235,0.00293,0.668,0.572,0.764
"GSE31210",FALSE,"protein_coding","random",171,"MRGPRX3|L3MBTL2|TP53I13|TAS2R50",4,0.889,0.617,1.28,0.527,0.557,0.456,0.657
"GSE31210",FALSE,"protein_coding","random",172,"ZNF575|B4GALT2|FMO3|MSH2",4,1.01,0.694,1.469,0.96,0.444,0.324,0.564
"GSE31210",FALSE,"protein_coding","random",173,"EZH1|CRCT1|PRSS2|ANXA11",4,1.109,0.8,1.537,0.534,0.477,0.372,0.582
"GSE31210",FALSE,"protein_coding","random",174,"HNF4G|OXLD1|LGI4|SCIN",4,1.056,0.756,1.476,0.748,0.557,0.456,0.659
"GSE31210",FALSE,"protein_coding","random",175,"NRBF2|N4BP1|MTG1|FCN1",4,1.052,0.74,1.497,0.776,0.52,0.418,0.623
"GSE31210",FALSE,"protein_coding","random",176,"GPRC5B|C8B|TEX30|NIFK",4,1.555,1.218,1.986,0.000395,0.664,0.566,0.762
"GSE31210",FALSE,"protein_coding","random",177,"GLUD2|PXDNL|SCFD2|ANAPC13",4,1.204,0.844,1.716,0.306,0.536,0.419,0.652
"GSE31210",FALSE,"protein_coding","random",178,"BCL2L11|GJB4|VGLL2|BHMT2",4,1.135,0.835,1.544,0.419,0.47,0.36,0.58
"GSE31210",FALSE,"protein_coding","random",179,"UCK1|TNFRSF13B|CALCOCO1|PLEKHM1",4,0.727,0.497,1.062,0.0987,0.587,0.481,0.694
"GSE31210",FALSE,"protein_coding","random",180,"MAPK8IP2|PEX26|CYP2U1|TMEM140",4,1.068,0.752,1.516,0.715,0.51,0.411,0.609
"GSE31210",FALSE,"protein_coding","random",181,"ZNF320|CLIC5|LIN54|SLC15A2",4,0.566,0.382,0.838,0.00448,0.649,0.554,0.744
"GSE31210",FALSE,"protein_coding","random",182,"MBD6|NRF1|RIT1|EMC8",4,1.189,0.875,1.616,0.268,0.563,0.46,0.666
"GSE31210",FALSE,"protein_coding","random",183,"TIMM17A|PLAT|PROM2|OR3A1",4,1.581,1.242,2.011,0.000194,0.652,0.545,0.759
"GSE31210",FALSE,"protein_coding","random",184,"CACNG1|SHISA3|P2RX4|FAT1",4,1.144,0.829,1.579,0.414,0.588,0.499,0.677
"GSE31210",FALSE,"protein_coding","random",185,"CETN1|ATL2|TNFAIP6|INTS12",4,1.073,0.755,1.525,0.694,0.532,0.424,0.64
"GSE31210",FALSE,"protein_coding","random",186,"PPP5C|TRIM37|CA9|RGL3",4,0.949,0.642,1.402,0.792,0.556,0.453,0.658
"GSE31210",FALSE,"protein_coding","random",187,"NUDT14|CSE1L|MMP10|CRYBG3",4,1.312,0.997,1.725,0.0525,0.624,0.518,0.73
"GSE31210",FALSE,"protein_coding","random",188,"TTL|RHBDL3|C17orf64|TNNC1",4,0.973,0.684,1.386,0.88,0.492,0.375,0.609
"GSE31210",FALSE,"protein_coding","random",189,"SF3B4|PDHA1|BMPR1B|ZNF85",4,0.994,0.686,1.439,0.974,0.492,0.374,0.609
"GSE31210",FALSE,"protein_coding","random",190,"FBXL8|SLC39A6|DDT|BMS1",4,1.3,0.931,1.814,0.123,0.603,0.506,0.699
"GSE31210",FALSE,"protein_coding","random",191,"ZSCAN16|CAPN6|ZNF821|TVP23A",4,0.926,0.632,1.356,0.692,0.559,0.441,0.676
"GSE31210",FALSE,"protein_coding","random",192,"DPY19L4|PAFAH1B2|CLTCL1|SRRM3",4,1.364,0.982,1.893,0.0639,0.563,0.457,0.669
"GSE31210",FALSE,"protein_coding","random",193,"PLXDC1|LY9|SQLE|TNNC2",4,0.828,0.56,1.224,0.344,0.51,0.396,0.623
"GSE31210",FALSE,"protein_coding","random",194,"HOXB2|RIMBP2|GNA15|FEN1",4,1.332,1.097,1.619,0.00383,0.699,0.606,0.792
"GSE31210",FALSE,"protein_coding","random",195,"ARMC9|TMF1|ADAMTS5|UNKL",4,0.583,0.363,0.936,0.0254,0.617,0.507,0.727
"GSE31210",FALSE,"protein_coding","random",196,"SDC3|TRIL|ALDH2|SPATA12",4,0.913,0.634,1.313,0.622,0.506,0.396,0.617
"GSE31210",FALSE,"protein_coding","random",197,"GSX1|DDX11|ATOH1|GTPBP6",4,1.183,0.834,1.679,0.345,0.515,0.408,0.623
"GSE31210",FALSE,"protein_coding","random",198,"MTX2|S100A6|ARHGEF12|KCNA6",4,1.36,0.979,1.891,0.0669,0.617,0.501,0.733
"GSE31210",FALSE,"protein_coding","random",199,"CRAT|MSC|BMP1|DLX4",4,1.097,0.77,1.564,0.608,0.486,0.367,0.605
"GSE31210",FALSE,"protein_coding","random",200,"NAPRT|ASB10|MSANTD2|SFXN3",4,1.159,0.825,1.629,0.396,0.543,0.431,0.655
"GSE31210",FALSE,"protein_coding","random",201,"EDN2|MAP3K4|ZNF800|UAP1",4,1.089,0.787,1.507,0.607,0.531,0.435,0.627
"GSE31210",FALSE,"protein_coding","random",202,"FN3KRP|ZNF675|ITGAX|SPACA1",4,1.081,0.761,1.535,0.664,0.487,0.386,0.588
"GSE31210",FALSE,"protein_coding","random",203,"ADAP1|SPATA20|TP53INP2|PDS5B",4,1.446,1.082,1.933,0.0126,0.608,0.491,0.724
"GSE31210",FALSE,"protein_coding","random",204,"PHF21B|SERPINA5|PDSS2|ARPC1A",4,1.117,0.862,1.446,0.403,0.539,0.422,0.655
"GSE31210",FALSE,"protein_coding","random",205,"IFIT1|MYO18A|CP|CIDEB",4,1.384,1.091,1.756,0.00744,0.612,0.502,0.723
"GSE31210",FALSE,"protein_coding","random",206,"AKAP6|HSPB8|INTS1|SMOX",4,1.022,0.705,1.48,0.91,0.486,0.369,0.604
"GSE31210",FALSE,"protein_coding","random",207,"GLYCTK|SALL2|TIGD1|KNDC1",4,0.869,0.581,1.301,0.495,0.552,0.448,0.656
"GSE31210",FALSE,"protein_coding","random",208,"PNMA3|SLC19A2|ZNF638|MROH6",4,0.897,0.626,1.285,0.552,0.548,0.442,0.654
"GSE31210",FALSE,"protein_coding","random",209,"PRELID1|SYT2|BMPR2|COPG2",4,1.273,0.919,1.764,0.147,0.581,0.484,0.678
"GSE31210",FALSE,"protein_coding","random",210,"STK19|VSTM4|ASB3|SYT17",4,0.752,0.503,1.125,0.165,0.59,0.471,0.71
"GSE31210",FALSE,"protein_coding","random",211,"DDIAS|COL20A1|TUBG2|GML",4,1.159,0.813,1.654,0.414,0.538,0.428,0.649
"GSE31210",FALSE,"protein_coding","random",212,"NEGR1|PSG11|GOLIM4|PAX2",4,0.837,0.56,1.251,0.384,0.586,0.464,0.707
"GSE31210",FALSE,"protein_coding","random",213,"VPS4B|MAT1A|HIBADH|TIGD4",4,1.176,0.844,1.639,0.338,0.574,0.473,0.675
"GSE31210",FALSE,"protein_coding","random",214,"RAB3GAP1|OSBP|CYB5D2|PLIN1",4,0.966,0.681,1.37,0.846,0.487,0.374,0.6
"GSE31210",FALSE,"protein_coding","random",215,"F11R|FAM104B|POLR3F|C7orf26",4,0.747,0.503,1.111,0.15,0.584,0.478,0.689
"GSE31210",FALSE,"protein_coding","random",216,"CTAG2|COX6A2|TICRR|SLC2A9",4,1.508,1.136,2.002,0.00446,0.604,0.495,0.714
"GSE31210",FALSE,"protein_coding","random",217,"C6orf47|ETFDH|CCDC185|BEX2",4,0.866,0.603,1.245,0.437,0.554,0.452,0.656
"GSE31210",FALSE,"protein_coding","random",218,"FBXW9|MBTD1|CUZD1|GCOM1",4,0.797,0.538,1.183,0.261,0.544,0.444,0.644
"GSE31210",FALSE,"protein_coding","random",219,"CPNE9|ZNF624|SLC17A7|GRM4",4,0.892,0.622,1.28,0.534,0.539,0.447,0.632
"GSE31210",FALSE,"protein_coding","random",220,"GSTK1|TMC5|FAU|MYBPC2",4,1.099,0.788,1.533,0.579,0.526,0.411,0.64
"GSE31210",FALSE,"protein_coding","random",221,"UTP20|STAMBPL1|DNAJC28|C12orf73",4,0.84,0.568,1.242,0.382,0.554,0.447,0.661
"GSE31210",FALSE,"protein_coding","random",222,"TPM1|DPM2|CHP2|COPS8",4,1.45,1.102,1.908,0.00803,0.605,0.493,0.716
"GSE31210",FALSE,"protein_coding","random",223,"TMEM129|IRF2BPL|BRD3|CD47",4,1.523,1.072,2.163,0.0188,0.594,0.488,0.701
"GSE31210",FALSE,"protein_coding","random",224,"ZFHX2|SIGLECL1|GPRC5B|CCNB1",4,1.517,1.139,2.021,0.00438,0.588,0.485,0.692
"GSE31210",FALSE,"protein_coding","random",225,"FSD2|SDCCAG8|SNAPC3|PPP1R18",4,0.804,0.537,1.204,0.29,0.57,0.44,0.699
"GSE31210",FALSE,"protein_coding","random",226,"USP51|SLC39A4|DSP|KRTAP9-3",4,1.676,1.211,2.321,0.00185,0.66,0.566,0.753
"GSE31210",FALSE,"protein_coding","random",227,"TNXB|PCDHA10|CTDSPL|LSP1",4,0.715,0.483,1.058,0.0931,0.594,0.48,0.709
"GSE31210",FALSE,"protein_coding","random",228,"ABCA3|PDE6A|CA9|MEST",4,1.339,1.025,1.75,0.0324,0.593,0.486,0.7
"GSE31210",FALSE,"protein_coding","random",229,"IGFN1|RAVER1|UTRN|ARHGAP42",4,0.677,0.467,0.979,0.0383,0.657,0.567,0.748
"GSE31210",FALSE,"protein_coding","random",230,"PRADC1|XRCC3|TSSK4|CMTM6",4,1.149,0.82,1.609,0.42,0.524,0.413,0.635
"GSE31210",FALSE,"protein_coding","random",231,"HOXD1|TUFM|ZDHHC22|ABCC12",4,0.611,0.378,0.987,0.044,0.567,0.477,0.657
"GSE31210",FALSE,"protein_coding","random",232,"CDK9|CDH19|INHBA|SORD",4,1.36,0.997,1.857,0.0525,0.654,0.565,0.742
"GSE31210",FALSE,"protein_coding","random",233,"CCL13|TRMT10B|RDH12|ZNF257",4,0.787,0.523,1.184,0.25,0.562,0.453,0.671
"GSE31210",FALSE,"protein_coding","random",234,"MARVELD3|SLITRK3|PJA1|TMEM170A",4,1.404,1.02,1.932,0.0376,0.573,0.452,0.694
"GSE31210",FALSE,"protein_coding","random",235,"NRARP|ERVK3-1|ILF3|PLXNB1",4,0.993,0.698,1.413,0.97,0.501,0.388,0.615
"GSE31210",FALSE,"protein_coding","random",236,"METTL2A|GALNT11|CDR1|CST8",4,0.821,0.554,1.216,0.325,0.55,0.442,0.659
"GSE31210",FALSE,"protein_coding","random",237,"AGO4|LILRA4|ZNF221|OVOL2",4,0.6,0.404,0.891,0.0114,0.636,0.553,0.719
"GSE31210",FALSE,"protein_coding","random",238,"NPY|USP3|SLC46A2|NBEAL2",4,1.014,0.718,1.432,0.936,0.52,0.412,0.629
"GSE31210",FALSE,"protein_coding","random",239,"KDM1A|POP7|ZMPSTE24|ACSS2",4,1.173,0.834,1.648,0.36,0.535,0.431,0.639
"GSE31210",FALSE,"protein_coding","random",240,"E2F8|DESI2|PCDHA10|TRIM42",4,1.025,0.715,1.47,0.892,0.528,0.424,0.632
"GSE31210",FALSE,"protein_coding","random",241,"CELA2A|LAIR1|GPR161|MASP1",4,1.205,0.884,1.643,0.238,0.577,0.487,0.668
"GSE31210",FALSE,"protein_coding","random",242,"STRN4|CELA2A|PDE8B|DDX10",4,0.879,0.606,1.277,0.5,0.537,0.434,0.639
"GSE31210",FALSE,"protein_coding","random",243,"CYP2J2|HSPA4L|P2RY6|GPA33",4,1.157,0.872,1.535,0.311,0.607,0.513,0.701
"GSE31210",FALSE,"protein_coding","random",244,"CDKN3|DBP|PARD3|ARHGEF18",4,0.978,0.663,1.444,0.912,0.514,0.402,0.627
"GSE31210",FALSE,"protein_coding","random",245,"PDCD2|DLG5|ABLIM2|EIF2D",4,0.82,0.554,1.213,0.321,0.526,0.413,0.639
"GSE31210",FALSE,"protein_coding","random",246,"VWA3A|UBAP2|OSBPL2|MTHFD1L",4,1.076,0.761,1.519,0.679,0.502,0.398,0.606
"GSE31210",FALSE,"protein_coding","random",247,"FGFBP2|ZIC4|MPDU1|RPL36",4,0.878,0.589,1.309,0.524,0.567,0.455,0.678
"GSE31210",FALSE,"protein_coding","random",248,"NKPD1|CBLB|SPATA31D1|PPP1R10",4,0.741,0.502,1.095,0.132,0.587,0.47,0.703
"GSE31210",FALSE,"protein_coding","random",249,"GKN2|CBY1|ATP6V1G1|HAPLN4",4,1.472,1.23,1.762,2.39e-05,0.672,0.565,0.78
"GSE31210",FALSE,"protein_coding","random",250,"EPB41L2|C10orf67|ESCO1|HBG1",4,0.976,0.683,1.396,0.896,0.487,0.394,0.58
"GSE31210",FALSE,"protein_coding","random",251,"SOSTDC1|TEF|ZNF519|USPL1",4,0.327,0.198,0.541,1.36e-05,0.756,0.685,0.826
"GSE31210",FALSE,"protein_coding","random",252,"ADRB2|ZSWIM3|LIME1|MANSC1",4,1.119,0.791,1.582,0.526,0.542,0.426,0.658
"GSE31210",FALSE,"protein_coding","random",253,"ORMDL1|CNNM4|LRP2|NR1H2",4,0.886,0.607,1.292,0.529,0.493,0.374,0.611
"GSE31210",FALSE,"protein_coding","random",254,"CA11|CT83|SEC61A2|CD19",4,1.108,0.768,1.6,0.583,0.548,0.432,0.664
"GSE31210",FALSE,"protein_coding","random",255,"VPS29|MEX3C|DLG5|DOC2A",4,1.156,0.837,1.595,0.379,0.556,0.445,0.667
"GSE31210",FALSE,"protein_coding","random",256,"HMGA2|MPHOSPH9|SYPL2|SH3GL1",4,1.482,1.144,1.919,0.00288,0.634,0.548,0.72
"GSE31210",FALSE,"protein_coding","random",257,"COLGALT2|CISD3|TPD52L2|IRF9",4,1.151,0.87,1.524,0.325,0.625,0.536,0.715
"GSE31210",FALSE,"protein_coding","random",258,"APOBEC4|REXO4|WNT6|SERPINI1",4,0.978,0.688,1.39,0.901,0.496,0.384,0.608
"GSE31210",FALSE,"protein_coding","random",259,"MCOLN2|HNRNPCL1|NONO|GLUD2",4,1.3,0.907,1.861,0.153,0.571,0.467,0.675
"GSE31210",FALSE,"protein_coding","random",260,"TBC1D23|GABRE|NONO|OR4D1",4,1.512,1.108,2.063,0.00906,0.628,0.525,0.732
"GSE31210",FALSE,"protein_coding","random",261,"FOSL2|GREM1|FAM47B|CASP8AP2",4,1.374,0.999,1.889,0.0508,0.582,0.477,0.687
"GSE31210",FALSE,"protein_coding","random",262,"PLEKHO1|SBNO2|MTF2|SNAP23",4,2.323,1.624,3.324,3.97e-06,0.718,0.631,0.804
"GSE31210",FALSE,"protein_coding","random",263,"LIMK2|EDN1|FRMD6|WDR11",4,1.167,0.823,1.654,0.386,0.518,0.417,0.619
"GSE31210",FALSE,"protein_coding","random",264,"CABP5|FAM222B|KLHL18|RCN1",4,1.341,1.003,1.792,0.0478,0.608,0.505,0.71
"GSE31210",FALSE,"protein_coding","random",265,"ARCN1|MOB3B|ZNF207|ITGBL1",4,1.412,0.981,2.032,0.0635,0.587,0.475,0.699
"GSE31210",FALSE,"protein_coding","random",266,"AVPR1B|CDAN1|PRKAG2|CACYBP",4,0.89,0.615,1.287,0.535,0.503,0.405,0.601
"GSE31210",FALSE,"protein_coding","random",267,"NANP|ARFGEF2|FUCA1|NT5C3A",4,1.281,0.927,1.771,0.134,0.604,0.492,0.717
"GSE31210",FALSE,"protein_coding","random",268,"IMPDH2|FADS3|RSBN1|EGR4",4,0.858,0.584,1.26,0.434,0.551,0.43,0.673
"GSE31210",FALSE,"protein_coding","random",269,"GIMAP1-GIMAP5|CDKN2C|NDUFA6|BTBD1",4,0.884,0.61,1.279,0.513,0.534,0.444,0.625
"GSE31210",FALSE,"protein_coding","random",270,"KRT5|SSR4|VSIG4|PRR23D1",4,1.422,1.068,1.892,0.0158,0.639,0.541,0.737
"GSE31210",FALSE,"protein_coding","random",271,"UBE2M|MBP|SCN5A|ERLIN1",4,1.174,0.876,1.572,0.283,0.578,0.469,0.688
"GSE31210",FALSE,"protein_coding","random",272,"LRRC19|ZNF414|UBE2H|MTA2",4,0.934,0.648,1.345,0.712,0.535,0.431,0.639
"GSE31210",FALSE,"protein_coding","random",273,"CAND2|OPA3|MARVELD2|TVP23B",4,0.459,0.291,0.724,0.000822,0.686,0.592,0.779
"GSE31210",FALSE,"protein_coding","random",274,"ATP6V0D2|ALOX5AP|SIT1|DSEL",4,0.894,0.612,1.306,0.563,0.529,0.413,0.645
"GSE31210",FALSE,"protein_coding","random",275,"WDR77|PF4|AIF1|TAF4",4,1.402,1.035,1.901,0.0293,0.617,0.509,0.726
"GSE31210",FALSE,"protein_coding","random",276,"CLDN12|RCN2|MED28|ZHX2",4,0.917,0.633,1.329,0.648,0.514,0.404,0.624
"GSE31210",FALSE,"protein_coding","random",277,"IL1RL1|TMEM54|NHEJ1|INF2",4,1.233,0.931,1.634,0.144,0.609,0.516,0.703
"GSE31210",FALSE,"protein_coding","random",278,"PTGS1|NUMA1|TEDDM1|SDC3",4,1.463,1.035,2.068,0.0311,0.609,0.501,0.716
"GSE31210",FALSE,"protein_coding","random",279,"ST3GAL3|DPPA2|OCRL|CAMK1D",4,0.692,0.457,1.048,0.0823,0.601,0.495,0.707
"GSE31210",FALSE,"protein_coding","random",280,"ZNF780B|FAM160A2|CCDC81|PCCB",4,0.592,0.391,0.897,0.0133,0.635,0.539,0.73
"GSE31210",FALSE,"protein_coding","random",281,"NRAP|ING1|TAF6L|JAKMIP2",4,1.049,0.751,1.467,0.778,0.549,0.455,0.642
"GSE31210",FALSE,"protein_coding","random",282,"MARVELD3|CUL4A|RAB3GAP2|ATG9A",4,1.248,0.898,1.733,0.187,0.554,0.443,0.664
"GSE31210",FALSE,"protein_coding","random",283,"TDRD12|SULT1E1|PCDHGB5|NKX2-1",4,0.812,0.508,1.3,0.386,0.535,0.432,0.639
"GSE31210",FALSE,"protein_coding","random",284,"XPNPEP1|CLEC4M|APOA5|EPCAM",4,1.101,0.785,1.545,0.576,0.526,0.421,0.631
"GSE31210",FALSE,"protein_coding","random",285,"CSF1R|PCSK7|MAGEB3|AK4",4,1.841,1.359,2.493,8.04e-05,0.717,0.631,0.803
"GSE31210",FALSE,"protein_coding","random",286,"HES7|KDM5D|GLRX|HHIP",4,1.35,0.967,1.885,0.0775,0.627,0.531,0.724
"GSE31210",FALSE,"protein_coding","random",287,"PKP1|RHCG|COL16A1|NAA60",4,1.246,0.96,1.615,0.0978,0.546,0.424,0.668
"GSE31210",FALSE,"protein_coding","random",288,"EN2|SYNRG|USP38|PXYLP1",4,0.953,0.641,1.419,0.814,0.577,0.455,0.699
"GSE31210",FALSE,"protein_coding","random",289,"WDR26|TCTE3|AGA|CEP170B",4,1.344,0.966,1.872,0.0797,0.631,0.54,0.722
"GSE31210",FALSE,"protein_coding","random",290,"AHSG|MED13|CASR|GATA2",4,0.57,0.368,0.884,0.0121,0.655,0.566,0.745
"GSE31210",FALSE,"protein_coding","random",291,"G6PC2|RPL8|ZNF135|CRY2",4,0.819,0.559,1.201,0.308,0.554,0.432,0.676
"GSE31210",FALSE,"protein_coding","random",292,"CACNB3|NR3C1|SUMF2|HECTD2",4,0.619,0.416,0.921,0.0179,0.65,0.542,0.758
"GSE31210",FALSE,"protein_coding","random",293,"BGLAP|PKP4|LRRC41|CAMK2G",4,0.965,0.665,1.4,0.851,0.523,0.411,0.635
"GSE31210",FALSE,"protein_coding","random",294,"DNAJC19|ERCC1|SWSAP1|CTSZ",4,1.004,0.702,1.435,0.984,0.537,0.44,0.634
"GSE31210",FALSE,"protein_coding","random",295,"TUSC2|NEUROG1|ODC1|ZNF552",4,1.056,0.748,1.492,0.756,0.545,0.432,0.658
"GSE31210",FALSE,"protein_coding","random",296,"ROPN1L|DBF4B|ID1|XRCC6",4,1.273,0.919,1.764,0.147,0.606,0.511,0.701
"GSE31210",FALSE,"protein_coding","random",297,"PEX7|GAS7|MRPS9|RHOF",4,0.771,0.531,1.121,0.173,0.582,0.485,0.68
"GSE31210",FALSE,"protein_coding","random",298,"KLHL9|FCHO1|PAF1|OARD1",4,1.639,1.189,2.259,0.00254,0.62,0.508,0.732
"GSE31210",FALSE,"protein_coding","random",299,"NRP1|ATG10|SAPCD2|SLC7A11",4,0.982,0.682,1.415,0.922,0.485,0.376,0.595
"GSE31210",FALSE,"protein_coding","random",300,"ENSA|SCMH1|ERP27|CXCL1",4,0.963,0.671,1.382,0.838,0.524,0.421,0.627
"GSE31210",FALSE,"protein_coding","random",301,"C11orf58|GTF2A2|KRTAP4-8|PRPF3",4,1.217,0.864,1.715,0.26,0.579,0.47,0.688
"GSE31210",FALSE,"protein_coding","random",302,"ANKRD31|GANC|WNT7A|SLC39A6",4,0.953,0.635,1.431,0.817,0.518,0.419,0.618
"GSE31210",FALSE,"protein_coding","random",303,"ACTN3|C20orf202|SFSWAP|EVPL",4,0.782,0.536,1.14,0.201,0.566,0.467,0.665
"GSE31210",FALSE,"protein_coding","random",304,"HNMT|CALCB|S100PBP|GPLD1",4,0.457,0.288,0.724,0.000848,0.699,0.621,0.777
"GSE31210",FALSE,"protein_coding","random",305,"ACTR5|NSMCE2|SFTPD|BAALC",4,0.94,0.652,1.355,0.741,0.504,0.401,0.607
"GSE31210",FALSE,"protein_coding","random",306,"COL6A2|NIP7|DYDC2|PLCL2",4,1.094,0.774,1.548,0.61,0.531,0.432,0.63
"GSE31210",FALSE,"protein_coding","random",307,"HUWE1|RAC3|EXOC3L4|MAGEB6",4,1.029,0.728,1.454,0.872,0.507,0.42,0.595
"GSE31210",FALSE,"protein_coding","random",308,"HCFC2|MEX3B|CUBN|GAL3ST1",4,0.571,0.399,0.818,0.0022,0.67,0.591,0.75
"GSE31210",FALSE,"protein_coding","random",309,"PNLIP|IP6K1|LPXN|HIBCH",4,0.961,0.676,1.366,0.825,0.507,0.399,0.615
"GSE31210",FALSE,"protein_coding","random",310,"CDKN2D|KCNF1|FAM216B|NOL9",4,0.774,0.509,1.176,0.23,0.572,0.47,0.673
"GSE31210",FALSE,"protein_coding","random",311,"PIEZO1|RAB5C|GAR1|CYP17A1",4,1.184,0.834,1.679,0.345,0.535,0.427,0.644
"GSE31210",FALSE,"protein_coding","random",312,"MRPL51|ABCA2|LYPD4|OR10D3",4,1.304,0.955,1.781,0.0947,0.57,0.476,0.664
"GSE31210",FALSE,"protein_coding","random",313,"PER2|WDR74|IRGM|ANAPC16",4,0.835,0.578,1.206,0.335,0.548,0.453,0.643
"GSE31210",FALSE,"protein_coding","random",314,"ENO3|ELOVL3|NHLH2|COG1",4,1.035,0.715,1.5,0.854,0.498,0.392,0.604
"GSE31210",FALSE,"protein_coding","random",315,"SIAH3|FABP5|AQP9|PDE2A",4,0.837,0.573,1.224,0.359,0.571,0.473,0.669
"GSE31210",FALSE,"protein_coding","random",316,"ATP6V0A4|C12orf40|ZNF816|ATP6V1G1",4,1.259,0.894,1.772,0.187,0.558,0.461,0.654
"GSE31210",FALSE,"protein_coding","random",317,"TNF|DCAKD|TNS4|LENG9",4,1.532,1.154,2.034,0.00317,0.631,0.539,0.723
"GSE31210",FALSE,"protein_coding","random",318,"HIGD2A|NPDC1|PSMA7|PAQR4",4,1.502,1.158,1.949,0.0022,0.665,0.576,0.753
"GSE31210",FALSE,"protein_coding","random",319,"ABI3|RPL32|TM6SF2|NEURL3",4,1.803,1.376,2.361,1.89e-05,0.631,0.527,0.735
"GSE31210",FALSE,"protein_coding","random",320,"PITHD1|RPL9|TAF15|RAB28",4,0.811,0.556,1.183,0.276,0.576,0.472,0.681
"GSE31210",FALSE,"protein_coding","random",321,"SLITRK4|PAAF1|ANKRD12|BST2",4,1.241,0.849,1.813,0.264,0.541,0.423,0.658
"GSE31210",FALSE,"protein_coding","random",322,"EHBP1|PHF19|WDR43|CCDC173",4,1.18,0.846,1.644,0.329,0.514,0.407,0.621
"GSE31210",FALSE,"protein_coding","random",323,"PCDH12|RAB3B|GHDC|RFPL3",4,0.882,0.599,1.3,0.527,0.539,0.429,0.648
"GSE31210",FALSE,"protein_coding","random",324,"RAB1A|UQCRH|HCCS|SLC5A8",4,1.399,1.081,1.81,0.0108,0.647,0.541,0.754
"GSE31210",FALSE,"protein_coding","random",325,"CYP1A2|RCHY1|RBBP4|TARBP2",4,0.965,0.667,1.394,0.848,0.48,0.374,0.585
"GSE31210",FALSE,"protein_coding","random",326,"KRT33A|RAI1|TCTE1|NRXN2",4,0.55,0.343,0.883,0.0132,0.647,0.535,0.76
"GSE31210",FALSE,"protein_coding","random",327,"ANXA10|GALR1|DHRS4|TEX36",4,1.139,0.814,1.594,0.447,0.513,0.412,0.614
"GSE31210",FALSE,"protein_coding","random",328,"PDK2|AKT3|UGT1A1|METTL2B",4,0.893,0.613,1.303,0.557,0.55,0.439,0.66
"GSE31210",FALSE,"protein_coding","random",329,"LMLN|HORMAD2|SLC11A1|EGR2",4,0.973,0.68,1.392,0.881,0.508,0.403,0.614
"GSE31210",FALSE,"protein_coding","random",330,"CBX5|GPRC5B|CDH12|SULF2",4,1.555,1.238,1.953,0.000147,0.575,0.462,0.689
"GSE31210",FALSE,"protein_coding","random",331,"FAM71C|NLGN2|NUMB|TRIM24",4,0.402,0.255,0.635,9.01e-05,0.723,0.633,0.814
"GSE31210",FALSE,"protein_coding","random",332,"TAL2|WDR12|PKP2|SIRT3",4,1.173,0.843,1.632,0.344,0.538,0.423,0.653
"GSE31210",FALSE,"protein_coding","random",333,"PANK2|RFXAP|ZBTB4|SFTPC",4,0.579,0.393,0.852,0.0056,0.669,0.59,0.749
"GSE31210",FALSE,"protein_coding","random",334,"RANBP17|FGF14|TAF11|FAM124A",4,0.679,0.441,1.044,0.0781,0.605,0.516,0.694
"GSE31210",FALSE,"protein_coding","random",335,"IMPA2|LRP11|NUDT17|F7",4,0.887,0.604,1.302,0.54,0.515,0.402,0.627
"GSE31210",FALSE,"protein_coding","random",336,"INHA|C2CD4B|TFPT|KCND1",4,1.127,0.821,1.548,0.459,0.576,0.476,0.676
"GSE31210",FALSE,"protein_coding","random",337,"TNFRSF4|AMOT|SCAF11|ZCCHC24",4,1.075,0.749,1.543,0.695,0.501,0.401,0.601
"GSE31210",FALSE,"protein_coding","random",338,"C19orf33|FSTL1|ZNF789|SLC23A1",4,1.272,0.905,1.788,0.166,0.518,0.41,0.626
"GSE31210",FALSE,"protein_coding","random",339,"CLIC1|CCDC177|MTX2|RNF43",4,1.382,1.109,1.721,0.0039,0.675,0.58,0.77
"GSE31210",FALSE,"protein_coding","random",340,"CDKL1|DISP2|HINFP|ST13",4,0.849,0.587,1.23,0.387,0.53,0.428,0.632
"GSE31210",FALSE,"protein_coding","random",341,"B3GNT8|HSF2|HSD17B1|STEAP1B",4,0.657,0.432,0.999,0.0497,0.618,0.532,0.704
"GSE31210",FALSE,"protein_coding","random",342,"MTPN|ALG9|PXDC1|PCBP1",4,1.294,0.918,1.825,0.141,0.59,0.494,0.687
"GSE31210",FALSE,"protein_coding","random",343,"SLC23A3|SMPDL3B|PCMTD1|ARC",4,0.656,0.449,0.959,0.0294,0.604,0.493,0.716
"GSE31210",FALSE,"protein_coding","random",344,"SART1|FAM166B|CDK16|DCUN1D2",4,0.83,0.564,1.222,0.345,0.564,0.473,0.656
"GSE31210",FALSE,"protein_coding","random",345,"PIGF|NXF5|ZDHHC11|NDUFA6",4,1.01,0.707,1.443,0.956,0.503,0.382,0.624
"GSE31210",FALSE,"protein_coding","random",346,"OS9|ZFAND1|PCDHB1|MRM1",4,0.886,0.597,1.314,0.546,0.553,0.446,0.661
"GSE31210",FALSE,"protein_coding","random",347,"RAB30|PEX5|TRPC4AP|MOV10L1",4,1.163,0.8,1.69,0.428,0.518,0.406,0.629
"GSE31210",FALSE,"protein_coding","random",348,"WDR7|STARD3|PVRIG|MCUR1",4,0.985,0.7,1.386,0.929,0.495,0.389,0.6
"GSE31210",FALSE,"protein_coding","random",349,"GTF2E2|MLH1|EVPLL|MTERF1",4,1.101,0.775,1.564,0.593,0.549,0.441,0.656
"GSE31210",FALSE,"protein_coding","random",350,"MARK2|AGO4|PNMT|ALX4",4,0.721,0.493,1.054,0.0912,0.575,0.471,0.679
"GSE31210",FALSE,"protein_coding","random",351,"TIMM21|ABHD16B|C3orf38|MRPL43",4,0.966,0.673,1.386,0.85,0.514,0.399,0.629
"GSE31210",FALSE,"protein_coding","random",352,"TXNL4A|SUSD1|NMUR1|ACOT8",4,1.313,0.949,1.816,0.1,0.627,0.526,0.728
"GSE31210",FALSE,"protein_coding","random",353,"STXBP3|SGSH|KCNA2|SLC8A1",4,0.657,0.445,0.969,0.034,0.617,0.515,0.719
"GSE31210",FALSE,"protein_coding","random",354,"PHOSPHO1|MEIS2|KHNYN|HOXA3",4,0.977,0.682,1.401,0.9,0.499,0.403,0.596
"GSE31210",FALSE,"protein_coding","random",355,"SPEM1|NSFL1C|OR8B2|GABRR2",4,0.976,0.682,1.397,0.894,0.518,0.419,0.618
"GSE31210",FALSE,"protein_coding","random",356,"FZD2|UBQLNL|SHPK|ILDR2",4,1.193,0.844,1.687,0.318,0.517,0.392,0.643
"GSE31210",FALSE,"protein_coding","random",357,"NKIRAS1|CD99|KLRC4|TSR2",4,1.792,1.343,2.392,7.51e-05,0.722,0.622,0.822
"GSE31210",FALSE,"protein_coding","random",358,"CRABP1|TIMM8A|LY6G5C|GCC1",4,1.529,1.129,2.071,0.00603,0.605,0.489,0.722
"GSE31210",FALSE,"protein_coding","random",359,"BTG1|AGAP2|PRR5|ERICH1",4,0.842,0.588,1.207,0.35,0.566,0.466,0.667
"GSE31210",FALSE,"protein_coding","random",360,"CLN5|CRISPLD2|PAFAH1B2|OPN1SW",4,1.44,1.087,1.908,0.0111,0.608,0.49,0.727
"GSE31210",FALSE,"protein_coding","random",361,"NAT16|USP40|ACLY|NMT1",4,0.844,0.572,1.247,0.395,0.528,0.411,0.645
"GSE31210",FALSE,"protein_coding","random",362,"GPR146|SLC46A3|TRIT1|HPSE2",4,0.693,0.451,1.064,0.0937,0.565,0.472,0.659
"GSE31210",FALSE,"protein_coding","random",363,"WIZ|BTBD2|EIF4EBP2|UPK1A",4,0.86,0.594,1.244,0.423,0.54,0.417,0.663
"GSE31210",FALSE,"protein_coding","random",364,"ZBTB17|POLR1C|CLEC2B|GKN1",4,1.428,1.121,1.82,0.00395,0.61,0.516,0.704
"GSE31210",FALSE,"protein_coding","random",365,"SPRYD7|AGR2|YIPF6|FAM89B",4,1.834,1.344,2.502,0.000132,0.68,0.57,0.79
"GSE31210",FALSE,"protein_coding","random",366,"GUCA1B|FAM161B|ZNF600|SPTBN2",4,0.564,0.366,0.87,0.00966,0.654,0.573,0.735
"GSE31210",FALSE,"protein_coding","random",367,"MTAP|TUBB3|ST6GALNAC4|GLI3",4,1.213,0.868,1.697,0.258,0.557,0.46,0.654
"GSE31210",FALSE,"protein_coding","random",368,"CCDC169|BCL2L12|U2SURP|ZDHHC15",4,0.918,0.614,1.371,0.675,0.535,0.42,0.65
"GSE31210",FALSE,"protein_coding","random",369,"RRBP1|TKTL2|JAK2|PEBP1",4,1.36,0.957,1.933,0.0866,0.53,0.41,0.65
"GSE31210",FALSE,"protein_coding","random",370,"GATAD2B|RAB2B|RASSF3|KLHL23",4,0.639,0.43,0.949,0.0264,0.636,0.538,0.734
"GSE31210",FALSE,"protein_coding","random",371,"LGALS8|SETD2|EFCAB7|CRX",4,0.687,0.478,0.987,0.0426,0.614,0.524,0.704
"GSE31210",FALSE,"protein_coding","random",372,"SUPT6H|CABIN1|PADI3|PRKAG3",4,0.73,0.491,1.086,0.12,0.606,0.5,0.712
"GSE31210",FALSE,"protein_coding","random",373,"C10orf71|STIM2|SUGCT|OAS1",4,1.168,0.855,1.594,0.329,0.563,0.443,0.684
"GSE31210",FALSE,"protein_coding","random",374,"RWDD2B|PPA2|VCPIP1|OTC",4,0.948,0.663,1.356,0.77,0.481,0.38,0.583
"GSE31210",FALSE,"protein_coding","random",375,"SMAD2|EIF3D|PPM1M|TK1",4,1.478,1.061,2.06,0.021,0.642,0.544,0.74
"GSE31210",FALSE,"protein_coding","random",376,"FBL|DPYSL2|FAM155B|TMC6",4,1.227,0.877,1.717,0.233,0.526,0.418,0.633
"GSE31210",FALSE,"protein_coding","random",377,"TFEC|KCNH4|FOXA1|NLRC3",4,1.231,0.879,1.726,0.227,0.566,0.452,0.679
"GSE31210",FALSE,"protein_coding","random",378,"IFIT3|INPPL1|ZNF408|POM121",4,0.95,0.658,1.37,0.783,0.508,0.404,0.612
"GSE31210",FALSE,"protein_coding","random",379,"IFNA17|TRIM31|SYNC|HCLS1",4,1.104,0.753,1.619,0.611,0.446,0.332,0.56
"GSE31210",FALSE,"protein_coding","random",380,"PCDHGB6|SMIM8|MAPT|HECW1",4,0.515,0.331,0.803,0.00342,0.672,0.577,0.767
"GSE31210",FALSE,"protein_coding","random",381,"PIP5K1A|GAL3ST1|STRN3|PAX6",4,0.941,0.632,1.4,0.764,0.535,0.413,0.656
"GSE31210",FALSE,"protein_coding","random",382,"ARRB2|ARL5A|SLC25A27|RAB4A",4,0.637,0.428,0.948,0.0262,0.616,0.505,0.727
"GSE31210",FALSE,"protein_coding","random",383,"C1orf56|PAQR9|GSTCD|TIMP3",4,0.902,0.629,1.295,0.577,0.525,0.419,0.632
"GSE31210",FALSE,"protein_coding","random",384,"TRMT2A|ADH4|SRCIN1|THAP10",4,0.645,0.42,0.99,0.0448,0.623,0.52,0.726
"GSE31210",FALSE,"protein_coding","random",385,"ERP44|PIAS3|GNG7|TLL2",4,1.434,1.117,1.84,0.00461,0.629,0.525,0.732
"GSE31210",FALSE,"protein_coding","random",386,"UGT2B17|ORAI3|ULK2|SLC22A12",4,0.729,0.495,1.072,0.108,0.586,0.493,0.679
"GSE31210",FALSE,"protein_coding","random",387,"GBA2|CAPN10|POLE|TMEM104",4,0.845,0.577,1.237,0.386,0.549,0.444,0.654
"GSE31210",FALSE,"protein_coding","random",388,"TMLHE|TMEM95|ITGA3|C8orf74",4,1.411,1.052,1.893,0.0214,0.58,0.475,0.686
"GSE31210",FALSE,"protein_coding","random",389,"SRSF11|HSPA8|ANO8|TBPL1",4,1.057,0.742,1.507,0.757,0.495,0.392,0.598
"GSE31210",FALSE,"protein_coding","random",390,"DCUN1D2|SVEP1|UBE2B|DLX5",4,0.761,0.515,1.125,0.171,0.584,0.484,0.685
"GSE31210",FALSE,"protein_coding","random",391,"HIC2|TDRKH|U2AF2|FAM71A",4,0.732,0.488,1.097,0.131,0.592,0.494,0.69
"GSE31210",FALSE,"protein_coding","random",392,"SPATA19|WNT9B|ATXN3|CDH20",4,0.433,0.249,0.754,0.00311,0.685,0.595,0.776
"GSE31210",FALSE,"protein_coding","random",393,"SEZ6L|GTF2A1|PRR14|TSPAN15",4,1.101,0.807,1.503,0.543,0.548,0.449,0.647
"GSE31210",FALSE,"protein_coding","random",394,"PPIP5K1|COL9A2|GJB6|TMEM106C",4,1.277,0.938,1.737,0.12,0.624,0.531,0.717
"GSE31210",FALSE,"protein_coding","random",395,"AOAH|SYNPO2|ARHGAP42|CAMP",4,0.806,0.558,1.163,0.249,0.569,0.448,0.689
"GSE31210",FALSE,"protein_coding","random",396,"TTLL9|CLDN3|DHDH|PSG3",4,1.046,0.726,1.508,0.808,0.491,0.379,0.604
"GSE31210",FALSE,"protein_coding","random",397,"IL3RA|TRPC4|ZSCAN31|DALRD3",4,1.147,0.819,1.605,0.425,0.591,0.485,0.697
"GSE31210",FALSE,"protein_coding","random",398,"ING3|CDYL2|ZNF529|CHP2",4,0.856,0.588,1.244,0.415,0.593,0.498,0.687
"GSE31210",FALSE,"protein_coding","random",399,"MTHFD2|UBE4B|C7|HTR6",4,0.803,0.554,1.165,0.248,0.58,0.473,0.687
"GSE31210",FALSE,"protein_coding","random",400,"AVIL|DHX33|DNAJC7|MAP3K3",4,0.483,0.324,0.72,0.000358,0.703,0.611,0.795
"GSE31210",FALSE,"protein_coding","random",401,"BLACAT1|NGDN|SULT2B1|FCGR3B",4,1.351,0.989,1.843,0.0583,0.584,0.483,0.684
"GSE31210",FALSE,"protein_coding","random",402,"SPPL3|PXYLP1|VIT|HECTD2",4,0.869,0.593,1.273,0.471,0.556,0.453,0.658
"GSE31210",FALSE,"protein_coding","random",403,"SLC14A1|HNF4A|CLEC7A|NLGN1",4,1.127,0.9,1.411,0.297,0.613,0.511,0.716
"GSE31210",FALSE,"protein_coding","random",404,"SFI1|IFNA17|GTF2H1|MUC5B",4,0.883,0.613,1.273,0.505,0.596,0.494,0.698
"GSE31210",FALSE,"protein_coding","random",405,"POLRMT|NDUFAF5|STX18|RHAG",4,1.261,0.914,1.74,0.158,0.579,0.467,0.691
"GSE31210",FALSE,"protein_coding","random",406,"GPX2|UHRF1BP1L|DNAJB6|TAS2R7",4,1.005,0.698,1.447,0.979,0.521,0.398,0.644
"GSE31210",FALSE,"protein_coding","random",407,"TP63|PRKAR1A|ANGPT2|MEGF6",4,0.818,0.558,1.198,0.301,0.622,0.514,0.73
"GSE31210",FALSE,"protein_coding","random",408,"KRT6A|TRMT11|CDK5RAP2|TAS2R3",4,1.243,0.915,1.689,0.165,0.513,0.398,0.629
"GSE31210",FALSE,"protein_coding","random",409,"PRKDC|TMEM39A|MAN2B2|DEK",4,1.51,1.115,2.045,0.0077,0.631,0.532,0.731
"GSE31210",FALSE,"protein_coding","random",410,"TCEAL3|CCL20|TF|RC3H1",4,0.964,0.645,1.441,0.858,0.519,0.397,0.64
"GSE31210",FALSE,"protein_coding","random",411,"AURKA|ATRIP|CMA1|ALDH1A2",4,1.065,0.782,1.45,0.688,0.579,0.48,0.679
"GSE31210",FALSE,"protein_coding","random",412,"DDX51|DIO1|CYP2C9|TTC4",4,1.035,0.738,1.451,0.844,0.519,0.405,0.633
"GSE31210",FALSE,"protein_coding","random",413,"PAPSS2|SAMD3|SCT|OR7C2",4,0.791,0.536,1.167,0.238,0.6,0.497,0.704
"GSE31210",FALSE,"protein_coding","random",414,"OR52D1|PCDHGA1|PRCP|SLC15A4",4,0.93,0.643,1.345,0.699,0.508,0.418,0.598
"GSE31210",FALSE,"protein_coding","random",415,"GBX1|PNOC|SERINC2|IL26",4,0.889,0.596,1.327,0.566,0.509,0.414,0.603
"GSE31210",FALSE,"protein_coding","random",416,"KCTD20|CHMP5|CCAR1|COL1A2",4,1.502,1.122,2.01,0.00624,0.619,0.528,0.71
"GSE31210",FALSE,"protein_coding","random",417,"ADCYAP1R1|LRRC63|ABCF3|IL17F",4,0.802,0.547,1.178,0.261,0.559,0.454,0.664
"GSE31210",FALSE,"protein_coding","random",418,"VN1R4|TRAM2|HECTD1|TOP2A",4,0.85,0.589,1.226,0.384,0.506,0.409,0.603
"GSE31210",FALSE,"protein_coding","random",419,"C3orf80|C16orf71|LTB|ARL6IP4",4,1.182,0.84,1.663,0.338,0.531,0.423,0.64
"GSE31210",FALSE,"protein_coding","random",420,"ATF7IP2|PRR9|KIF21A|SCRN1",4,0.852,0.58,1.251,0.413,0.571,0.459,0.684
"GSE31210",FALSE,"protein_coding","random",421,"NIM1K|ROCK1|BCAM|TANGO2",4,0.841,0.587,1.204,0.344,0.585,0.474,0.696
"GSE31210",FALSE,"protein_coding","random",422,"TOR1B|SLC9A3R2|ZMAT4|CBFA2T2",4,1.003,0.709,1.417,0.988,0.526,0.421,0.63
"GSE31210",FALSE,"protein_coding","random",423,"CLUH|TSC22D3|WNT6|CPNE7",4,0.698,0.452,1.078,0.105,0.576,0.467,0.685
"GSE31210",FALSE,"protein_coding","random",424,"PABPC4L|SLC44A5|SNX4|SH2D4A",4,1.186,0.879,1.601,0.265,0.592,0.483,0.701
"GSE31210",FALSE,"protein_coding","random",425,"PBLD|OSBPL5|TMC2|LRRIQ3",4,1.133,0.816,1.575,0.455,0.562,0.444,0.679
"GSE31210",FALSE,"protein_coding","random",426,"MXRA5|ZMYND11|MCHR2|MLX",4,1.007,0.7,1.451,0.969,0.511,0.4,0.622
"GSE31210",FALSE,"protein_coding","random",427,"DDX50|SLC7A13|EDEM1|CYSTM1",4,1.226,0.89,1.688,0.212,0.557,0.459,0.656
"GSE31210",FALSE,"protein_coding","random",428,"SEPHS1|EDDM3B|CXCL17|LIM2",4,1.111,0.793,1.557,0.541,0.562,0.449,0.675
"GSE31210",FALSE,"protein_coding","random",429,"COL6A3|TP73|PRDM16|COQ4",4,1.068,0.745,1.531,0.722,0.485,0.378,0.592
"GSE31210",FALSE,"protein_coding","random",430,"CX3CL1|KIAA0319L|SLC7A6OS|ACAD10",4,1.044,0.732,1.489,0.813,0.488,0.376,0.599
"GSE31210",FALSE,"protein_coding","random",431,"PNPT1|TRIB2|ARR3|NUDT11",4,1.089,0.766,1.547,0.636,0.533,0.423,0.643
"GSE31210",FALSE,"protein_coding","random",432,"GTPBP3|FAM20B|C12orf4|C1orf158",4,0.779,0.525,1.154,0.213,0.562,0.448,0.676
"GSE31210",FALSE,"protein_coding","random",433,"PALLD|TIMM23B|BLOC1S2|CHMP4C",4,2.056,1.506,2.807,5.74e-06,0.701,0.604,0.797
"GSE31210",FALSE,"protein_coding","random",434,"CDKL5|NEXN|CCDC60|GPR45",4,0.643,0.427,0.967,0.0338,0.63,0.538,0.722
"GSE31210",FALSE,"protein_coding","random",435,"G3BP1|NADSYN1|ACSL1|RANGRF",4,1.424,1.04,1.95,0.0275,0.625,0.523,0.727
"GSE31210",FALSE,"protein_coding","random",436,"RFTN2|SNRPN|KPNB1|LMBR1",4,1.094,0.765,1.564,0.624,0.5,0.386,0.615
"GSE31210",FALSE,"protein_coding","random",437,"LSM3|CSDC2|SPARCL1|ZNF571",4,0.954,0.667,1.365,0.796,0.514,0.41,0.618
"GSE31210",FALSE,"protein_coding","random",438,"LILRB5|TTC23|SLC34A1|CTRL",4,1.147,0.805,1.633,0.447,0.553,0.459,0.647
"GSE31210",FALSE,"protein_coding","random",439,"MAP3K1|NCOA1|ABTB2|AVPI1",4,1.052,0.722,1.533,0.791,0.487,0.375,0.598
"GSE31210",FALSE,"protein_coding","random",440,"PARVB|DPP6|MEGF11|SMIM20",4,1.175,0.856,1.613,0.319,0.504,0.412,0.596
"GSE31210",FALSE,"protein_coding","random",441,"CDKN2B|ZNF706|KCNMA1|GLYATL2",4,1.406,1.087,1.819,0.00945,0.601,0.502,0.699
"GSE31210",FALSE,"protein_coding","random",442,"NUTF2|UGT2B28|RNGTT|IL9R",4,0.911,0.614,1.353,0.645,0.572,0.455,0.689
"GSE31210",FALSE,"protein_coding","random",443,"PDPN|VGLL4|CREB3|ITIH5",4,1.441,1.064,1.951,0.0183,0.635,0.54,0.73
"GSE31210",FALSE,"protein_coding","random",444,"ASXL3|ANO8|EGFL6|PROM1",4,0.95,0.658,1.372,0.786,0.524,0.422,0.626
"GSE31210",FALSE,"protein_coding","random",445,"DDX58|NLRC3|CDC42SE1|POMK",4,1.195,0.848,1.684,0.309,0.544,0.436,0.653
"GSE31210",FALSE,"protein_coding","random",446,"FOLR1|ZNF333|IDE|PNMA3",4,0.547,0.363,0.823,0.00384,0.644,0.532,0.755
"GSE31210",FALSE,"protein_coding","random",447,"KIF6|SENP5|PLEK2|TPCN1",4,1.264,0.907,1.763,0.167,0.577,0.478,0.677
"GSE31210",FALSE,"protein_coding","random",448,"ERH|KCNA7|HOXA5|MED7",4,0.586,0.399,0.859,0.0062,0.685,0.585,0.784
"GSE31210",FALSE,"protein_coding","random",449,"N4BP3|ACAA2|TNK2|TRPV2",4,1.083,0.782,1.499,0.632,0.503,0.387,0.62
"GSE31210",FALSE,"protein_coding","random",450,"CDIP1|KCNJ8|CLEC2B|EXOG",4,0.893,0.598,1.335,0.582,0.54,0.448,0.632
"GSE31210",FALSE,"protein_coding","random",451,"ZMIZ2|ZNF236|PDHA2|PARD3",4,1.014,0.712,1.443,0.94,0.503,0.397,0.609
"GSE31210",FALSE,"protein_coding","random",452,"SMIM10|KCNK1|DOCK7|ATOH8",4,1.279,0.935,1.75,0.124,0.534,0.438,0.631
"GSE31210",FALSE,"protein_coding","random",453,"CNN1|DGAT2|GPX3|WDR59",4,0.508,0.33,0.781,0.00207,0.669,0.583,0.754
"GSE31210",FALSE,"protein_coding","random",454,"OR1J2|CST5|TEAD2|PVALB",4,0.92,0.637,1.327,0.655,0.543,0.439,0.647
"GSE31210",FALSE,"protein_coding","random",455,"CLCF1|PRKACA|ARFIP2|PLSCR3",4,1.288,0.934,1.776,0.123,0.563,0.471,0.654
"GSE31210",FALSE,"protein_coding","random",456,"FGF3|C11orf80|ZNF264|PNPLA1",4,0.669,0.448,1,0.0501,0.614,0.525,0.703
"GSE31210",FALSE,"protein_coding","random",457,"APC2|TM4SF1|CORO1C|TEX33",4,1.31,0.935,1.834,0.116,0.592,0.488,0.696
"GSE31210",FALSE,"protein_coding","random",458,"AMDHD2|EXOC1|NAP1L5|POLR1E",4,1.026,0.719,1.466,0.886,0.502,0.392,0.611
"GSE31210",FALSE,"protein_coding","random",459,"KDM4B|ARMC10|MBL2|AQP1",4,1.065,0.752,1.509,0.723,0.524,0.416,0.633
"GSE31210",FALSE,"protein_coding","random",460,"XPA|PLA2G3|USP12|N4BP2L1",4,0.525,0.359,0.768,0.000908,0.701,0.614,0.787
"GSE31210",FALSE,"protein_coding","random",461,"CRYAA|DMP1|CCDC91|TAOK2",4,0.699,0.431,1.134,0.147,0.629,0.529,0.73
"GSE31210",FALSE,"protein_coding","random",462,"WDR18|SPTBN2|SLC2A3|ARHGAP25",4,1.398,0.995,1.965,0.0532,0.592,0.493,0.691
"GSE31210",FALSE,"protein_coding","random",463,"MIEF2|PEX14|CGNL1|ROR1",4,0.596,0.402,0.883,0.00996,0.652,0.55,0.753
"GSE31210",FALSE,"protein_coding","random",464,"MNX1|NME9|UBE2L6|ATP6V1H",4,1.597,1.158,2.202,0.00431,0.657,0.555,0.759
"GSE31210",FALSE,"protein_coding","random",465,"MYOM3|SPATA6|SAG|CDC20B",4,0.562,0.363,0.868,0.00949,0.622,0.523,0.721
"GSE31210",FALSE,"protein_coding","random",466,"GP9|PLA1A|CROT|HMGN2",4,1.272,0.912,1.775,0.156,0.581,0.468,0.695
"GSE31210",FALSE,"protein_coding","random",467,"SIGLEC6|ABHD3|RAI2|EXPH5",4,0.537,0.347,0.831,0.00528,0.696,0.584,0.808
"GSE31210",FALSE,"protein_coding","random",468,"MCM2|TMEM221|NAGPA|MTIF2",4,1.429,1.08,1.892,0.0126,0.686,0.607,0.766
"GSE31210",FALSE,"protein_coding","random",469,"VEZF1|RPS24|TUBGCP6|ZNF703",4,1.081,0.763,1.532,0.662,0.521,0.418,0.624
"GSE31210",FALSE,"protein_coding","random",470,"TMEM245|NLRP6|INO80C|CRX",4,0.716,0.485,1.056,0.0918,0.591,0.483,0.699
"GSE31210",FALSE,"protein_coding","random",471,"TRMT1|ENTPD4|POLDIP2|ARCN1",4,1.413,1.033,1.931,0.0303,0.631,0.537,0.724
"GSE31210",FALSE,"protein_coding","random",472,"SIM1|LRRC42|GOLGA7B|THADA",4,1.432,1.094,1.873,0.00885,0.658,0.562,0.754
"GSE31210",FALSE,"protein_coding","random",473,"ZNF675|SPATA21|WDR72|HS6ST1",4,0.836,0.572,1.222,0.355,0.587,0.474,0.7
"GSE31210",FALSE,"protein_coding","random",474,"AIPL1|PUS7L|HYAL4|ZNF408",4,1.154,0.817,1.631,0.417,0.531,0.438,0.624
"GSE31210",FALSE,"protein_coding","random",475,"CACNG2|FTO|SNRPE|LEPROTL1",4,1.381,0.989,1.927,0.0579,0.627,0.551,0.703
"GSE31210",FALSE,"protein_coding","random",476,"ZCCHC2|MGAT5|PADI3|S100A7A",4,0.987,0.697,1.399,0.942,0.497,0.41,0.584
"GSE31210",FALSE,"protein_coding","random",477,"MEGF11|C12orf60|KRT222|STAG1",4,0.731,0.478,1.118,0.148,0.601,0.494,0.709
"GSE31210",FALSE,"protein_coding","random",478,"C12orf76|SRI|GIMAP6|HCCS",4,0.993,0.701,1.407,0.97,0.501,0.395,0.608
"GSE31210",FALSE,"protein_coding","random",479,"TFDP1|NSMCE4A|NFKBIA|TRMT10B",4,0.793,0.54,1.164,0.237,0.626,0.526,0.726
"GSE31210",FALSE,"protein_coding","random",480,"NAA30|KDM4A|CENPP|TAB2",4,1.194,0.857,1.663,0.295,0.518,0.409,0.626
"GSE31210",FALSE,"protein_coding","random",481,"LAMA1|RPS27A|APOL3|EDIL3",4,1.005,0.694,1.456,0.978,0.474,0.373,0.574
"GSE31210",FALSE,"protein_coding","random",482,"AGTPBP1|SLC19A3|IZUMO2|EDNRA",4,0.967,0.668,1.399,0.859,0.506,0.391,0.622
"GSE31210",FALSE,"protein_coding","random",483,"CELSR2|IL17A|DNASE1|LYNX1",4,1.408,1.015,1.952,0.0403,0.521,0.4,0.642
"GSE31210",FALSE,"protein_coding","random",484,"ZNF692|TFB2M|HACE1|IFIT3",4,0.644,0.422,0.984,0.0418,0.606,0.496,0.716
"GSE31210",FALSE,"protein_coding","random",485,"ATL2|CHD9|PAK3|CYBB",4,0.827,0.554,1.234,0.352,0.568,0.445,0.691
"GSE31210",FALSE,"protein_coding","random",486,"PLXDC2|LIMA1|CCDC66|BCAP31",4,1.25,0.884,1.767,0.207,0.571,0.473,0.669
"GSE31210",FALSE,"protein_coding","random",487,"OARD1|TMEM248|PTPRH|NEURL4",4,0.914,0.621,1.344,0.647,0.519,0.407,0.631
"GSE31210",FALSE,"protein_coding","random",488,"PVALB|DECR1|RECK|ZDHHC17",4,0.66,0.442,0.985,0.0422,0.622,0.519,0.724
"GSE31210",FALSE,"protein_coding","random",489,"TAGLN3|ATP4A|CENPB|C7orf57",4,0.905,0.615,1.331,0.611,0.516,0.402,0.63
"GSE31210",FALSE,"protein_coding","random",490,"RNF103|VPS37D|COL14A1|HNRNPH3",4,0.829,0.564,1.219,0.34,0.571,0.472,0.671
"GSE31210",FALSE,"protein_coding","random",491,"CERS3|CTBS|IVD|TBC1D32",4,0.706,0.476,1.048,0.0838,0.567,0.463,0.67
"GSE31210",FALSE,"protein_coding","random",492,"CCNH|SIAH1|CRB2|DPAGT1",4,1.324,0.934,1.878,0.115,0.598,0.495,0.702
"GSE31210",FALSE,"protein_coding","random",493,"COL14A1|GRIN3B|SMAD3|RPN1",4,1.398,1.014,1.927,0.041,0.614,0.519,0.709
"GSE31210",FALSE,"protein_coding","random",494,"ZNF551|KLF1|PITPNB|GNPDA2",4,0.631,0.424,0.939,0.023,0.602,0.503,0.701
"GSE31210",FALSE,"protein_coding","random",495,"PLEKHG2|TEX22|TKTL2|OR1C1",4,0.842,0.575,1.233,0.376,0.572,0.466,0.679
"GSE31210",FALSE,"protein_coding","random",496,"WDR18|COQ9|BRDT|SSX4",4,1.288,0.944,1.758,0.111,0.606,0.522,0.69
"GSE31210",FALSE,"protein_coding","random",497,"CHTF8|GRWD1|RNPEP|TRAPPC5",4,1.28,0.905,1.809,0.163,0.581,0.487,0.675
"GSE31210",FALSE,"protein_coding","random",498,"LMOD3|POLH|TMEM87B|CD300LB",4,0.903,0.623,1.308,0.589,0.558,0.449,0.666
"GSE31210",FALSE,"protein_coding","random",499,"KRT6B|SYNGR1|SKP2|DDX53",4,1.278,0.979,1.667,0.0709,0.538,0.429,0.648
"GSE31210",FALSE,"protein_coding","random",500,"TFIP11|TFEC|CC2D2B|CERS4",4,1.188,0.827,1.706,0.351,0.545,0.44,0.65
"GSE31210",FALSE,"protein_coding","random",501,"ARHGAP44|IFI27L2|GGA1|KCNJ14",4,0.65,0.434,0.973,0.0363,0.621,0.519,0.723
"GSE31210",FALSE,"protein_coding","random",502,"MMP17|DPEP2|CCDC51|TSPAN10",4,0.932,0.652,1.331,0.697,0.515,0.42,0.609
"GSE31210",FALSE,"protein_coding","random",503,"AGPAT1|KRTAP10-12|IFNA2|GCA",4,0.88,0.61,1.269,0.495,0.533,0.433,0.632
"GSE31210",FALSE,"protein_coding","random",504,"NUDCD3|UGT3A1|ZSCAN23|ATP2B1",4,1.12,0.833,1.506,0.451,0.534,0.419,0.648
"GSE31210",FALSE,"protein_coding","random",505,"ZNF736|CHMP4B|FGF4|TFIP11",4,1.323,0.952,1.84,0.0957,0.598,0.49,0.707
"GSE31210",FALSE,"protein_coding","random",506,"HIBADH|MED20|POSTN|TFE3",4,1.582,1.175,2.129,0.00248,0.653,0.553,0.753
"GSE31210",FALSE,"protein_coding","random",507,"SEC61A1|PLEKHA8|ANKRD23|AP1M2",4,1.332,0.945,1.879,0.102,0.61,0.51,0.71
"GSE31210",FALSE,"protein_coding","random",508,"PRKD2|USP7|RPL6|SPOP",4,0.473,0.312,0.715,0.000389,0.73,0.647,0.813
"GSE31210",FALSE,"protein_coding","random",509,"IGFN1|MDGA2|MAST4|TRAK1",4,0.53,0.358,0.785,0.00153,0.695,0.613,0.776
"GSE31210",FALSE,"protein_coding","random",510,"UBXN2A|LIG3|NUDCD1|ASPHD2",4,0.884,0.601,1.3,0.531,0.567,0.452,0.682
"GSE31210",FALSE,"protein_coding","random",511,"MTF2|TECPR1|DUSP3|CAMP",4,1.083,0.763,1.539,0.655,0.538,0.426,0.65
"GSE31210",FALSE,"protein_coding","random",512,"GPR146|CCDC110|SERINC3|WDR47",4,0.683,0.467,1,0.0497,0.622,0.525,0.719
"GSE31210",FALSE,"protein_coding","random",513,"RNF122|ODF3L2|CLDN14|WDFY1",4,1.423,1.008,2.008,0.0448,0.614,0.5,0.729
"GSE31210",FALSE,"protein_coding","random",514,"TEP1|SGCG|DCTN4|CD72",4,0.66,0.432,1.01,0.0555,0.611,0.498,0.724
"GSE31210",FALSE,"protein_coding","random",515,"RBPMS2|FBXO27|PIAS4|MLKL",4,0.941,0.641,1.381,0.756,0.551,0.45,0.652
"GSE31210",FALSE,"protein_coding","random",516,"ZNF804B|NSDHL|C10orf67|ACLY",4,1.321,0.995,1.754,0.0542,0.567,0.466,0.668
"GSE31210",FALSE,"protein_coding","random",517,"NDUFA12|BOC|HGS|MMP15",4,1.448,1.059,1.98,0.0203,0.651,0.554,0.748
"GSE31210",FALSE,"protein_coding","random",518,"CYYR1|SFTPB|CCDC89|SLC7A5",4,0.695,0.458,1.054,0.0869,0.579,0.478,0.681
"GSE31210",FALSE,"protein_coding","random",519,"TES|SMAD5|TPD52L2|RPIA",4,1.08,0.75,1.557,0.678,0.533,0.421,0.645
"GSE31210",FALSE,"protein_coding","random",520,"SEZ6L|TBC1D12|GMPR|RABIF",4,0.975,0.688,1.381,0.885,0.499,0.391,0.606
"GSE31210",FALSE,"protein_coding","random",521,"CEACAM4|FGF5|CPZ|MAF",4,0.856,0.571,1.285,0.454,0.557,0.459,0.654
"GSE31210",FALSE,"protein_coding","random",522,"PAX7|POLQ|RGS6|CD302",4,0.669,0.413,1.084,0.102,0.566,0.464,0.669
"GSE31210",FALSE,"protein_coding","random",523,"BIN2|SSNA1|KSR1|ZFP91",4,1.454,1.089,1.942,0.0113,0.692,0.616,0.768
"GSE31210",FALSE,"protein_coding","random",524,"TRMT61B|EPN3|TMEM86A|SCN3A",4,1.414,1.07,1.869,0.015,0.63,0.541,0.72
"GSE31210",FALSE,"protein_coding","random",525,"NMNAT3|LRTM2|CYP2U1|PC",4,0.612,0.411,0.91,0.0153,0.588,0.481,0.695
"GSE31210",FALSE,"protein_coding","random",526,"BRSK2|APOD|POLG2|SETD5",4,0.787,0.524,1.184,0.251,0.505,0.414,0.595
"GSE31210",FALSE,"protein_coding","random",527,"NEK3|FAM32A|OR2S2|GDPD5",4,1.423,1.041,1.947,0.027,0.615,0.512,0.718
"GSE31210",FALSE,"protein_coding","random",528,"ZNF445|MVP|DACT1|SLC5A10",4,1.183,0.861,1.627,0.3,0.589,0.483,0.694
"GSE31210",FALSE,"protein_coding","random",529,"MAD2L1BP|ESD|FREM1|SIGLEC7",4,1.161,0.903,1.493,0.243,0.567,0.45,0.683
"GSE31210",FALSE,"protein_coding","random",530,"S100A13|EMC4|NFIA|SAMD9L",4,1.433,1.08,1.901,0.0127,0.672,0.563,0.782
"GSE31210",FALSE,"protein_coding","random",531,"ABCF2|DUSP16|ZNF776|SLC25A45",4,0.722,0.463,1.125,0.15,0.592,0.472,0.711
"GSE31210",FALSE,"protein_coding","random",532,"CARHSP1|ZNF142|SLC5A5|UTP18",4,1.665,1.262,2.197,0.000313,0.68,0.59,0.77
"GSE31210",FALSE,"protein_coding","random",533,"SSX2IP|GDI2|TEF|ASB9",4,1.318,0.967,1.796,0.081,0.605,0.508,0.701
"GSE31210",FALSE,"protein_coding","random",534,"TBC1D9|RAB21|WFS1|KCTD7",4,0.849,0.572,1.259,0.416,0.52,0.408,0.633
"GSE31210",FALSE,"protein_coding","random",535,"ITPKA|LHFPL2|RIN2|ERMN",4,1.709,1.26,2.318,0.000575,0.667,0.567,0.766
"GSE31210",FALSE,"protein_coding","random",536,"CEACAM19|TNNI3|C8orf76|TNFSF14",4,1.298,0.928,1.816,0.127,0.556,0.442,0.671
"GSE31210",FALSE,"protein_coding","random",537,"ANKRD30BL|LARP4|MAL2|HOXC12",4,0.884,0.611,1.28,0.514,0.528,0.414,0.642
"GSE31210",FALSE,"protein_coding","random",538,"BRSK1|CDC73|SSX2B|CPNE6",4,1.204,0.861,1.684,0.277,0.573,0.462,0.683
"GSE31210",FALSE,"protein_coding","random",539,"DBNDD1|PPP1R16A|RASSF4|JAK1",4,1.487,1.147,1.929,0.00277,0.647,0.55,0.745
"GSE31210",FALSE,"protein_coding","random",540,"C7|ITGA5|ACSM1|DDX20",4,1.084,0.762,1.543,0.654,0.535,0.432,0.638
"GSE31210",FALSE,"protein_coding","random",541,"OR51E1|FOXO3|KLK1|OGG1",4,0.978,0.685,1.395,0.902,0.513,0.43,0.596
"GSE31210",FALSE,"protein_coding","random",542,"HMGA2|ARMC2|UMPS|CDA",4,1.551,1.191,2.021,0.00114,0.627,0.519,0.736
"GSE31210",FALSE,"protein_coding","random",543,"GTF3C4|TPSG1|ABCG5|ADAMTS12",4,1.463,1.083,1.976,0.0131,0.581,0.455,0.706
"GSE31210",FALSE,"protein_coding","random",544,"ZNF75D|CDR2L|FZR1|CRHR1",4,1.185,0.851,1.65,0.314,0.532,0.428,0.635
"GSE31210",FALSE,"protein_coding","random",545,"SEC63|ERG|PAGR1|FABP4",4,0.427,0.262,0.695,0.000618,0.704,0.598,0.811
"GSE31210",FALSE,"protein_coding","random",546,"LACRT|WFS1|SWI5|UBA6",4,1.641,1.213,2.22,0.00132,0.656,0.559,0.753
"GSE31210",FALSE,"protein_coding","random",547,"WNT7B|OXT|CD79A|RFPL3",4,0.867,0.601,1.252,0.448,0.528,0.434,0.623
"GSE31210",FALSE,"protein_coding","random",548,"C1orf131|OR3A1|MAST1|NAP1L2",4,1.331,1.003,1.765,0.0476,0.575,0.471,0.679
"GSE31210",FALSE,"protein_coding","random",549,"POLL|ATXN3|DRD2|USP19",4,0.831,0.564,1.223,0.347,0.518,0.398,0.639
"GSE31210",FALSE,"protein_coding","random",550,"PTCD3|DLX4|MYOZ3|C9orf116",4,0.551,0.361,0.841,0.00578,0.663,0.587,0.739
"GSE31210",FALSE,"protein_coding","random",551,"AGO3|AZIN2|DLC1|ESR2",4,0.481,0.326,0.709,0.000225,0.701,0.605,0.797
"GSE31210",FALSE,"protein_coding","random",552,"ZFX|ZNF268|QDPR|PPP2R3A",4,0.678,0.453,1.016,0.0594,0.601,0.491,0.712
"GSE31210",FALSE,"protein_coding","random",553,"RAB42|CTSW|CSRNP2|FADS2",4,1.433,1.134,1.811,0.00257,0.684,0.587,0.781
"GSE31210",FALSE,"protein_coding","random",554,"YIF1A|KCNC2|CASP10|PSMB9",4,1.45,1.046,2.009,0.0257,0.628,0.53,0.726
"GSE31210",FALSE,"protein_coding","random",555,"TDO2|FKBP7|STRA6|PHLDA1",4,1.123,0.814,1.549,0.48,0.549,0.453,0.646
"GSE31210",FALSE,"protein_coding","random",556,"GDAP1|RHBDD3|WFDC1|BTN2A2",4,0.915,0.632,1.327,0.641,0.551,0.443,0.659
"GSE31210",FALSE,"protein_coding","random",557,"LRRN1|MROH1|MSMO1|CPLX2",4,1.357,1.063,1.734,0.0143,0.622,0.512,0.733
"GSE31210",FALSE,"protein_coding","random",558,"LRRC56|ALPP|COL4A1|KRTAP4-6",4,0.967,0.671,1.392,0.855,0.518,0.408,0.628
"GSE31210",FALSE,"protein_coding","random",559,"PHB|CAPN12|KCNJ9|FAM9B",4,1.239,0.896,1.713,0.196,0.57,0.479,0.662
"GSE31210",FALSE,"protein_coding","random",560,"COL25A1|NDUFA4L2|SPTBN5|AIMP1",4,1.293,1.018,1.642,0.0353,0.609,0.507,0.712
"GSE31210",FALSE,"protein_coding","random",561,"DUS4L|CCL5|ABCA6|ELMO3",4,0.779,0.516,1.176,0.234,0.551,0.443,0.659
"GSE31210",FALSE,"protein_coding","random",562,"GAA|WDR64|KLHL10|C1orf115",4,0.878,0.607,1.268,0.487,0.546,0.431,0.662
"GSE31210",FALSE,"protein_coding","random",563,"PARP15|FBXO31|GJD2|B9D2",4,0.673,0.441,1.028,0.0666,0.607,0.505,0.71
"GSE31210",FALSE,"protein_coding","random",564,"TDRP|FZD6|KAT2B|CYP19A1",4,1.092,0.766,1.555,0.627,0.507,0.384,0.631
"GSE31210",FALSE,"protein_coding","random",565,"CYP4F12|TIGD4|LTV1|ARHGAP29",4,0.69,0.474,1.006,0.0534,0.618,0.512,0.725
"GSE31210",FALSE,"protein_coding","random",566,"RBM12B|AGO2|ZNF14|C3orf56",4,0.371,0.233,0.589,2.62e-05,0.716,0.622,0.81
"GSE31210",FALSE,"protein_coding","random",567,"EPN3|ZNF680|WDR35|FSHR",4,0.764,0.515,1.134,0.181,0.552,0.445,0.658
"GSE31210",FALSE,"protein_coding","random",568,"SPACA4|PCMT1|TIMELESS|PCNT",4,0.877,0.596,1.291,0.506,0.554,0.446,0.662
"GSE31210",FALSE,"protein_coding","random",569,"ST8SIA4|NUDT10|RNF39|NUP62",4,1.592,1.119,2.265,0.00974,0.649,0.541,0.757
"GSE31210",FALSE,"protein_coding","random",570,"SH3YL1|KIF27|NAT8|SEMA4F",4,0.79,0.542,1.151,0.219,0.548,0.438,0.658
"GSE31210",FALSE,"protein_coding","random",571,"DDB1|MYL1|CABP5|NR4A1",4,0.965,0.669,1.391,0.847,0.526,0.423,0.629
"GSE31210",FALSE,"protein_coding","random",572,"RFTN1|TCTE3|IVL|SLC23A3",4,0.981,0.678,1.419,0.92,0.512,0.4,0.625
"GSE31210",FALSE,"protein_coding","random",573,"RCVRN|KLRB1|CCDC169|NTSR1",4,0.793,0.529,1.187,0.26,0.598,0.489,0.706
"GSE31210",FALSE,"protein_coding","random",574,"SEC23A|CCDC149|TEX15|RHOC",4,1.347,1.016,1.786,0.0387,0.666,0.581,0.751
"GSE31210",FALSE,"protein_coding","random",575,"S100A11|PAN3|SPATA25|OAT",4,1.208,0.842,1.734,0.304,0.503,0.378,0.627
"GSE31210",FALSE,"protein_coding","random",576,"HINT2|KCNG2|ZNF283|MKNK2",4,1.138,0.808,1.602,0.459,0.545,0.444,0.645
"GSE31210",FALSE,"protein_coding","random",577,"VIL1|SYCP3|STXBP1|PITX3",4,0.773,0.522,1.146,0.2,0.564,0.463,0.665
"GSE31210",FALSE,"protein_coding","random",578,"NQO1|PNLIPRP1|TDRD3|CBY3",4,0.938,0.643,1.368,0.739,0.571,0.44,0.702
"GSE31210",FALSE,"protein_coding","random",579,"ADAM19|SPHKAP|CSNK1G1|PTPN23",4,1.106,0.778,1.573,0.573,0.504,0.398,0.611
"GSE31210",FALSE,"protein_coding","random",580,"SULT1C4|SLIT2|LIN7A|DLG2",4,0.727,0.46,1.149,0.172,0.593,0.475,0.711
"GSE31210",FALSE,"protein_coding","random",581,"NRDE2|SMARCD3|PRMT6|FDCSP",4,0.936,0.636,1.377,0.737,0.578,0.464,0.692
"GSE31210",FALSE,"protein_coding","random",582,"TTC7A|ZNF506|POLL|TBKBP1",4,0.815,0.552,1.204,0.304,0.548,0.438,0.658
"GSE31210",FALSE,"protein_coding","random",583,"OTULIN|ECHDC3|GRM2|PCBD2",4,0.984,0.687,1.41,0.932,0.484,0.399,0.568
"GSE31210",FALSE,"protein_coding","random",584,"MICAL2|GJA4|ZBTB41|ADRA1B",4,0.997,0.693,1.434,0.985,0.524,0.418,0.631
"GSE31210",FALSE,"protein_coding","random",585,"SLC25A41|PRMT6|EMD|CDS1",4,1.209,0.861,1.698,0.274,0.527,0.417,0.637
"GSE31210",FALSE,"protein_coding","random",586,"SYCP2|ZNF180|MKLN1|DCAF4",4,0.515,0.337,0.788,0.00221,0.626,0.538,0.714
"GSE31210",FALSE,"protein_coding","random",587,"POLR2G|IRAK1BP1|SERPINB5|GLRX3",4,1.525,1.178,1.975,0.00136,0.694,0.607,0.78
"GSE31210",FALSE,"protein_coding","random",588,"SLC25A24|SLC22A5|LRG1|MT1F",4,1.194,0.825,1.728,0.347,0.517,0.411,0.624
"GSE31210",FALSE,"protein_coding","random",589,"XIRP1|CCDC85B|TTC30A|SEH1L",4,1.342,1.017,1.771,0.0374,0.653,0.554,0.753
"GSE31210",FALSE,"protein_coding","random",590,"CHST12|BMP1|HTR1A|KCNN4",4,1.251,0.91,1.721,0.168,0.58,0.463,0.696
"GSE31210",FALSE,"protein_coding","random",591,"CTDSP1|IST1|BARX2|TUB",4,0.797,0.552,1.149,0.224,0.586,0.486,0.686
"GSE31210",FALSE,"protein_coding","random",592,"FOXO3|HPX|EIF4EBP1|NOTCH3",4,1,0.695,1.44,0.999,0.495,0.405,0.584
"GSE31210",FALSE,"protein_coding","random",593,"MEDAG|ATP2B2|TICRR|SHPK",4,1.324,1.048,1.672,0.0187,0.577,0.479,0.676
"GSE31210",FALSE,"protein_coding","random",594,"THEMIS2|PIPOX|MEF2D|TTYH1",4,1.026,0.694,1.516,0.897,0.443,0.327,0.558
"GSE31210",FALSE,"protein_coding","random",595,"ZNF431|RBBP4|FSTL4|INHBC",4,0.524,0.325,0.844,0.00783,0.649,0.555,0.743
"GSE31210",FALSE,"protein_coding","random",596,"C1QA|ITGB5|ADARB2|AMPH",4,1.328,1.021,1.727,0.0342,0.673,0.599,0.748
"GSE31210",FALSE,"protein_coding","random",597,"GPR155|ERBB4|TSLP|CCM2",4,0.644,0.433,0.956,0.029,0.628,0.538,0.719
"GSE31210",FALSE,"protein_coding","random",598,"C11orf49|VPS29|RALGAPA2|ZNF470",4,1.141,0.807,1.614,0.455,0.586,0.494,0.677
"GSE31210",FALSE,"protein_coding","random",599,"PAPOLA|ODF2|CNNM3|FGFBP3",4,0.883,0.602,1.296,0.526,0.501,0.387,0.615
"GSE31210",FALSE,"protein_coding","random",600,"YWHAH|AMOT|SKP1|FAM155A",4,1.389,1.126,1.714,0.00215,0.694,0.605,0.782
"GSE31210",FALSE,"protein_coding","random",601,"RBFA|FRS3|FSTL1|ARC",4,1.135,0.808,1.594,0.465,0.518,0.42,0.616
"GSE31210",FALSE,"protein_coding","random",602,"BLID|CCDC150|VN1R1|RNASE2",4,1.118,0.809,1.543,0.5,0.592,0.498,0.686
"GSE31210",FALSE,"protein_coding","random",603,"CPSF6|CAPN12|C8orf34|DOC2A",4,0.539,0.337,0.861,0.00975,0.679,0.596,0.763
"GSE31210",FALSE,"protein_coding","random",604,"MEIG1|BCKDHA|SLC23A2|UBE2V2",4,0.972,0.675,1.4,0.878,0.476,0.363,0.589
"GSE31210",FALSE,"protein_coding","random",605,"NSMF|KPNA4|LIMD1|MS4A2",4,0.699,0.477,1.025,0.0665,0.615,0.514,0.716
"GSE31210",FALSE,"protein_coding","random",606,"NXF5|KRTAP19-1|KRT34|MS4A15",4,0.917,0.63,1.335,0.65,0.527,0.415,0.639
"GSE31210",FALSE,"protein_coding","random",607,"TAF4|DCTN6|MOB3A|NUDT1",4,1.833,1.307,2.572,0.000446,0.696,0.604,0.789
"GSE31210",FALSE,"protein_coding","random",608,"GJC1|GOLGA2|MAB21L3|METTL3",4,1.168,0.845,1.616,0.348,0.535,0.417,0.653
"GSE31210",FALSE,"protein_coding","random",609,"CTBP1|RNF19A|CXorf58|GNPDA2",4,0.731,0.488,1.094,0.127,0.586,0.464,0.708
"GSE31210",FALSE,"protein_coding","random",610,"PPP2R5A|KLHDC3|OSBPL11|CLEC4E",4,1.036,0.722,1.487,0.849,0.501,0.377,0.625
"GSE31210",FALSE,"protein_coding","random",611,"CLEC12B|LIPA|PSMB2|B3GNT3",4,1.475,1.073,2.028,0.0167,0.653,0.567,0.739
"GSE31210",FALSE,"protein_coding","random",612,"CCDC182|BAX|HCN4|AKAP4",4,1.351,0.979,1.864,0.067,0.564,0.47,0.659
"GSE31210",FALSE,"protein_coding","random",613,"PPFIA4|OSM|NUPR1|TMEM263",4,1.534,1.161,2.027,0.00262,0.69,0.591,0.789
"GSE31210",FALSE,"protein_coding","random",614,"GPLD1|AAMDC|RCC1|SOAT2",4,0.939,0.66,1.337,0.728,0.506,0.405,0.606
"GSE31210",FALSE,"protein_coding","random",615,"TMEM79|NKX3-1|CYCS|DDOST",4,1.809,1.324,2.473,0.000201,0.701,0.604,0.798
"GSE31210",FALSE,"protein_coding","random",616,"GLOD5|CLDN10|EFEMP1|SGPP1",4,1.253,0.887,1.77,0.2,0.547,0.425,0.669
"GSE31210",FALSE,"protein_coding","random",617,"ZDHHC1|ERI2|SAMD9L|KRT72",4,1.116,0.784,1.587,0.543,0.556,0.46,0.652
"GSE31210",FALSE,"protein_coding","random",618,"SLC1A7|KHDC3L|SPINK2|LPGAT1",4,1.139,0.833,1.559,0.414,0.587,0.484,0.689
"GSE31210",FALSE,"protein_coding","random",619,"TGFA|LRRTM1|ATP6V0A1|POLA1",4,1.298,1.044,1.615,0.019,0.548,0.438,0.658
"GSE31210",FALSE,"protein_coding","random",620,"TYMP|POMK|SPTLC1|C17orf49",4,1.698,1.205,2.392,0.00246,0.657,0.56,0.755
"GSE31210",FALSE,"protein_coding","random",621,"KLHDC7B|NAA35|NEURL3|ENPP2",4,1.652,1.298,2.101,4.35e-05,0.627,0.528,0.726
"GSE31210",FALSE,"protein_coding","random",622,"ESD|TECR|CXorf58|RNF25",4,0.936,0.649,1.35,0.723,0.518,0.411,0.625
"GSE31210",FALSE,"protein_coding","random",623,"RNF183|AUP1|F2RL2|PLCD4",4,1.564,1.19,2.055,0.00132,0.666,0.562,0.77
"GSE31210",FALSE,"protein_coding","random",624,"MB21D2|CST9L|RBBP5|CNGA1",4,1.022,0.713,1.466,0.905,0.474,0.357,0.591
"GSE31210",FALSE,"protein_coding","random",625,"INO80D|GPC6|MXRA7|INSL3",4,1.123,0.781,1.613,0.532,0.478,0.368,0.588
"GSE31210",FALSE,"protein_coding","random",626,"PROM2|RFT1|PRKG1|ATP6V1H",4,1.632,1.22,2.183,0.000972,0.64,0.534,0.746
"GSE31210",FALSE,"protein_coding","random",627,"TREM2|CT83|MAGEC1|RNF181",4,1.473,1.095,1.983,0.0106,0.68,0.595,0.766
"GSE31210",FALSE,"protein_coding","random",628,"DNAH6|PCDHGA11|CDH15|ERF",4,0.976,0.674,1.414,0.9,0.516,0.409,0.623
"GSE31210",FALSE,"protein_coding","random",629,"UBXN2B|PPIL3|EIF5|BTBD11",4,1.124,0.81,1.561,0.484,0.586,0.49,0.682
"GSE31210",FALSE,"protein_coding","random",630,"S100A12|TLE6|TMEM45B|ABO",4,0.786,0.51,1.209,0.273,0.543,0.436,0.651
"GSE31210",FALSE,"protein_coding","random",631,"GPT|MEDAG|MUTYH|TM4SF5",4,1.054,0.75,1.482,0.763,0.482,0.38,0.584
"GSE31210",FALSE,"protein_coding","random",632,"ZXDA|HINT3|PARVA|FAM200B",4,0.841,0.58,1.219,0.361,0.549,0.434,0.664
"GSE31210",FALSE,"protein_coding","random",633,"ZC3H8|DIS3L2|PTGFRN|GRAP",4,1.126,0.792,1.6,0.508,0.541,0.429,0.653
"GSE31210",FALSE,"protein_coding","random",634,"URB1|KRT73|CYB5R1|USP37",4,0.948,0.659,1.362,0.772,0.518,0.411,0.624
"GSE31210",FALSE,"protein_coding","random",635,"CD14|YY1|BTN3A2|NSMCE4A",4,1.349,0.957,1.901,0.0873,0.574,0.463,0.685
"GSE31210",FALSE,"protein_coding","random",636,"TRMT1|UGDH|CETN3|ZFP37",4,0.7,0.469,1.045,0.0812,0.559,0.454,0.664
"GSE31210",FALSE,"protein_coding","random",637,"GTF2H3|TACC3|NUDT16|ZNF613",4,0.655,0.433,0.991,0.0453,0.578,0.464,0.691
"GSE31210",FALSE,"protein_coding","random",638,"ZNF575|RYR1|SLC4A4|ANKRD9",4,0.886,0.61,1.286,0.523,0.562,0.45,0.673
"GSE31210",FALSE,"protein_coding","random",639,"SETD4|NAT9|CMIP|ITLN1",4,1.084,0.767,1.531,0.647,0.494,0.388,0.6
"GSE31210",FALSE,"protein_coding","random",640,"MED19|ANKRD7|CIPC|APH1B",4,0.747,0.512,1.092,0.132,0.576,0.472,0.68
"GSE31210",FALSE,"protein_coding","random",641,"MS4A14|FLCN|CLEC4C|TAF5",4,0.5,0.331,0.756,0.001,0.704,0.606,0.802
"GSE31210",FALSE,"protein_coding","random",642,"RBPMS|TPD52|SLC5A4|KLF7",4,1.176,0.829,1.669,0.365,0.557,0.444,0.67
"GSE31210",FALSE,"protein_coding","random",643,"PXN|HMGCR|SLC6A12|RSPH4A",4,1.018,0.71,1.459,0.922,0.527,0.421,0.633
"GSE31210",FALSE,"protein_coding","random",644,"PAQR4|DEFB121|ZNF740|ZBTB42",4,1.007,0.702,1.443,0.972,0.527,0.418,0.636
"GSE31210",FALSE,"protein_coding","random",645,"WDR26|TMEM223|OR10D3|NSG1",4,1.646,1.225,2.211,0.000936,0.64,0.542,0.738
"GSE31210",FALSE,"protein_coding","random",646,"B4GALT5|MSRB3|MRM1|GPR171",4,0.999,0.692,1.441,0.995,0.559,0.442,0.675
"GSE31210",FALSE,"protein_coding","random",647,"BTN3A2|GAPT|GUCD1|PIGC",4,1.022,0.718,1.454,0.904,0.509,0.412,0.607
"GSE31210",FALSE,"protein_coding","random",648,"ANO1|PTGER4|GRIPAP1|ORMDL1",4,1.214,0.844,1.747,0.296,0.553,0.442,0.664
"GSE31210",FALSE,"protein_coding","random",649,"IL20|GSX2|ISCU|DECR2",4,0.559,0.368,0.85,0.00656,0.621,0.522,0.719
"GSE31210",FALSE,"protein_coding","random",650,"ZNF407|XRN1|PIP4K2A|ARHGEF9",4,1.003,0.691,1.455,0.988,0.504,0.404,0.604
"GSE31210",FALSE,"protein_coding","random",651,"UBE2QL1|ZNFX1|CCL17|MBD1",4,1.209,0.877,1.666,0.246,0.557,0.443,0.671
"GSE31210",FALSE,"protein_coding","random",652,"CDH13|DDO|IFNA17|USP10",4,0.764,0.524,1.114,0.162,0.601,0.503,0.699
"GSE31210",FALSE,"protein_coding","random",653,"SHISA7|MB|DEDD|JAZF1",4,1.09,0.787,1.511,0.604,0.565,0.45,0.68
"GSE31210",FALSE,"protein_coding","random",654,"BCL6|OPTN|GJC2|PRKACG",4,1.171,0.824,1.665,0.379,0.539,0.444,0.633
"GSE31210",FALSE,"protein_coding","random",655,"HUS1B|EPOR|PERM1|GLS",4,0.724,0.478,1.097,0.128,0.582,0.485,0.679
"GSE31210",FALSE,"protein_coding","random",656,"KRT81|PRCP|TMEM121|MRPL37",4,1.21,0.89,1.647,0.224,0.567,0.467,0.668
"GSE31210",FALSE,"protein_coding","random",657,"STYK1|VWA8|CNOT7|NDUFV3",4,1.167,0.812,1.676,0.405,0.515,0.393,0.636
"GSE31210",FALSE,"protein_coding","random",658,"KCNG2|MAGEC1|C10orf90|SERPINB8",4,2.02,1.542,2.647,3.39e-07,0.71,0.61,0.809
"GSE31210",FALSE,"protein_coding","random",659,"ZNF829|CCR1|FAM110B|UGGT1",4,1.444,1.06,1.967,0.0199,0.598,0.497,0.699
"GSE31210",FALSE,"protein_coding","random",660,"CLMP|C16orf82|SLC22A14|CHMP2A",4,1.075,0.765,1.511,0.676,0.566,0.474,0.658
"GSE31210",FALSE,"protein_coding","random",661,"PHTF2|FN1|PZP|ZFP37",4,0.942,0.66,1.346,0.744,0.539,0.44,0.638
"GSE31210",FALSE,"protein_coding","random",662,"PIANP|CALML6|SNRPF|DRAM2",4,1.33,0.973,1.818,0.0742,0.591,0.491,0.691
"GSE31210",FALSE,"protein_coding","random",663,"PTCH1|ENOSF1|ENSA|ZNF880",4,0.408,0.258,0.645,0.000126,0.72,0.64,0.8
"GSE31210",FALSE,"protein_coding","random",664,"KIFAP3|YLPM1|RPL41|ACE2",4,1.083,0.77,1.524,0.646,0.516,0.421,0.612
"GSE31210",FALSE,"protein_coding","random",665,"NYNRIN|PFKL|L3MBTL2|WASL",4,1.199,0.858,1.675,0.288,0.558,0.444,0.672
"GSE31210",FALSE,"protein_coding","random",666,"TRIM6|NIPAL2|LRP1|CHRNA2",4,1.45,1.027,2.049,0.0349,0.587,0.48,0.693
"GSE31210",FALSE,"protein_coding","random",667,"USP4|SNRPA1|RAD21|AIG1",4,1.183,0.83,1.685,0.352,0.542,0.434,0.65
"GSE31210",FALSE,"protein_coding","random",668,"TNFSF8|DNAJB8|EPPK1|ITGA7",4,1.08,0.76,1.535,0.668,0.527,0.422,0.632
"GSE31210",FALSE,"protein_coding","random",669,"NRXN1|NDUFB10|TMEM50B|C9",4,0.991,0.701,1.401,0.959,0.493,0.397,0.589
"GSE31210",FALSE,"protein_coding","random",670,"PDE9A|SEC23A|SLC27A6|SGIP1",4,1.22,0.85,1.752,0.281,0.526,0.407,0.644
"GSE31210",FALSE,"protein_coding","random",671,"SPINT1|CAPN11|CYP4F3|S100A3",4,1.326,1.018,1.728,0.0364,0.636,0.541,0.73
"GSE31210",FALSE,"protein_coding","random",672,"ZBTB33|GHRHR|USP5|SPIDR",4,1.681,1.25,2.259,0.000586,0.646,0.544,0.749
"GSE31210",FALSE,"protein_coding","random",673,"THRAP3|CLCF1|ESPL1|APLP2",4,1.587,1.166,2.16,0.00331,0.683,0.6,0.765
"GSE31210",FALSE,"protein_coding","random",674,"GKN2|STMN3|MARVELD3|AIFM3",4,1.378,1.047,1.815,0.0223,0.586,0.476,0.696
"GSE31210",FALSE,"protein_coding","random",675,"FEN1|SIT1|NBPF3|SEC16B",4,0.743,0.501,1.103,0.14,0.604,0.489,0.719
"GSE31210",FALSE,"protein_coding","random",676,"PRR22|CIDEB|LY6K|SNX27",4,1.36,1.018,1.817,0.0374,0.575,0.465,0.685
"GSE31210",FALSE,"protein_coding","random",677,"IGSF21|C2CD3|KIAA0895L|COL4A1",4,1.268,0.904,1.781,0.169,0.566,0.477,0.654
"GSE31210",FALSE,"protein_coding","random",678,"CRB2|SNAI1|TAF1C|CAMK1",4,1.168,0.829,1.644,0.375,0.55,0.452,0.648
"GSE31210",FALSE,"protein_coding","random",679,"KIAA1328|MUS81|RBM12|TTLL7",4,0.584,0.377,0.905,0.0161,0.614,0.528,0.7
"GSE31210",FALSE,"protein_coding","random",680,"PRSS37|GPR182|PRR11|COG8",4,0.58,0.36,0.936,0.0258,0.629,0.54,0.718
"GSE31210",FALSE,"protein_coding","random",681,"ABCC11|SSX1|CDC73|ITK",4,1.157,0.814,1.645,0.415,0.538,0.436,0.639
"GSE31210",FALSE,"protein_coding","random",682,"GPD2|NDUFS3|NPHP1|WWOX",4,1.54,1.114,2.128,0.00887,0.642,0.535,0.749
"GSE31210",FALSE,"protein_coding","random",683,"CCDC33|WDR45|TRPV4|KCNE3",4,1.18,0.868,1.605,0.29,0.581,0.484,0.677
"GSE31210",FALSE,"protein_coding","random",684,"VSIG4|RPS6KL1|SNRPB|TM9SF1",4,1.398,1.025,1.905,0.0341,0.661,0.571,0.752
"GSE31210",FALSE,"protein_coding","random",685,"VIPR2|ZRANB1|OCIAD1|KLK14",4,1.011,0.708,1.443,0.954,0.496,0.379,0.612
"GSE31210",FALSE,"protein_coding","random",686,"ZNF331|MAGEE1|EXD2|KEAP1",4,0.763,0.517,1.127,0.174,0.54,0.422,0.659
"GSE31210",FALSE,"protein_coding","random",687,"ZBTB46|CCR9|GTF2H4|RBM7",4,0.818,0.568,1.179,0.281,0.578,0.47,0.686
"GSE31210",FALSE,"protein_coding","random",688,"ZBTB17|CCL19|VSX1|FUT11",4,1.192,0.845,1.683,0.317,0.531,0.421,0.641
"GSE31210",FALSE,"protein_coding","random",689,"HLA-DPB1|ARL8B|PIM3|RNF144B",4,1.243,0.867,1.783,0.237,0.571,0.469,0.673
"GSE31210",FALSE,"protein_coding","random",690,"ADPRM|RUNDC3A|ARMC7|EGFLAM",4,1.018,0.727,1.425,0.918,0.522,0.416,0.628
"GSE31210",FALSE,"protein_coding","random",691,"SOWAHA|LRRC15|PTGDR|HELLS",4,1.371,1.007,1.867,0.0449,0.58,0.478,0.682
"GSE31210",FALSE,"protein_coding","random",692,"CHKA|ZNF215|ANKRD31|GRAP2",4,0.82,0.552,1.217,0.324,0.53,0.417,0.643
"GSE31210",FALSE,"protein_coding","random",693,"BMP8B|DEFB132|FUT10|SCN10A",4,1.132,0.809,1.586,0.469,0.519,0.411,0.626
"GSE31210",FALSE,"protein_coding","random",694,"FOXJ1|CLDN3|RPRD2|BTN3A2",4,0.691,0.475,1.005,0.0532,0.62,0.509,0.731
"GSE31210",FALSE,"protein_coding","random",695,"AKAP1|DOCK11|IGSF22|SLC7A2",4,1.084,0.759,1.548,0.657,0.537,0.417,0.658
"GSE31210",FALSE,"protein_coding","random",696,"DIO1|VPS13A|KDM5C|ABCG4",4,0.963,0.671,1.383,0.838,0.51,0.402,0.618
"GSE31210",FALSE,"protein_coding","random",697,"USPL1|PKM|BPHL|NAIF1",4,1.318,0.951,1.828,0.0974,0.607,0.508,0.705
"GSE31210",FALSE,"protein_coding","random",698,"RTP4|PLCZ1|FAM32A|PRPF40A",4,1.693,1.272,2.253,0.000307,0.68,0.575,0.784
"GSE31210",FALSE,"protein_coding","random",699,"ZBTB42|CUTC|HSPBP1|ARMCX3",4,0.749,0.499,1.125,0.164,0.564,0.445,0.684
"GSE31210",FALSE,"protein_coding","random",700,"FABP5|COPB1|MRPL22|FLNA",4,1.319,0.989,1.76,0.0598,0.598,0.5,0.696
"GSE31210",FALSE,"protein_coding","random",701,"NAGLU|SEMG2|STOML1|FTL",4,1.285,0.91,1.815,0.154,0.54,0.436,0.644
"GSE31210",FALSE,"protein_coding","random",702,"PLA2G4F|PLK4|KIAA1549L|ASB9",4,1.128,0.81,1.571,0.476,0.556,0.446,0.666
"GSE31210",FALSE,"protein_coding","random",703,"TCHH|KIAA1958|IER3IP1|AKAP6",4,1.319,0.914,1.902,0.139,0.547,0.435,0.659
"GSE31210",FALSE,"protein_coding","random",704,"TSNAX|MORC3|PLOD3|USH1C",4,0.715,0.454,1.125,0.147,0.605,0.495,0.715
"GSE31210",FALSE,"protein_coding","random",705,"GANAB|EWSR1|NUBP2|MAML1",4,1.003,0.699,1.439,0.987,0.491,0.384,0.598
"GSE31210",FALSE,"protein_coding","random",706,"ARL6IP4|CDK4|ACOT11|ZNF407",4,1.391,1.012,1.914,0.0423,0.59,0.488,0.691
"GSE31210",FALSE,"protein_coding","random",707,"MORF4L2|ZNF629|BIN2|CDH22",4,1.305,0.955,1.783,0.0951,0.564,0.462,0.665
"GSE31210",FALSE,"protein_coding","random",708,"ARRDC2|SOHLH2|KLHL8|PTGR1",4,0.88,0.601,1.289,0.511,0.556,0.444,0.669
"GSE31210",FALSE,"protein_coding","random",709,"DLGAP2|BPTF|ANKFN1|OXCT2",4,0.655,0.437,0.982,0.0405,0.662,0.554,0.771
"GSE31210",FALSE,"protein_coding","random",710,"MKRN1|MBD2|ZNF79|SLC2A2",4,1.116,0.795,1.567,0.525,0.57,0.458,0.682
"GSE31210",FALSE,"protein_coding","random",711,"UBA6|CLTB|CSF1|MAN2B1",4,1.723,1.35,2.198,1.19e-05,0.669,0.564,0.774
"GSE31210",FALSE,"protein_coding","random",712,"SPATC1|SUMO4|NELL1|XPNPEP3",4,1.173,0.845,1.629,0.341,0.551,0.458,0.644
"GSE31210",FALSE,"protein_coding","random",713,"ZP4|ANKS1B|RAD54B|HNRNPH3",4,0.706,0.459,1.088,0.115,0.584,0.49,0.678
"GSE31210",FALSE,"protein_coding","random",714,"ZNF331|CAPN15|DMRTB1|IL32",4,1.059,0.742,1.512,0.751,0.483,0.371,0.594
"GSE31210",FALSE,"protein_coding","random",715,"GRPEL1|CRYM|SPCS1|ST3GAL4",4,1.238,0.9,1.704,0.19,0.637,0.546,0.729
"GSE31210",FALSE,"protein_coding","random",716,"ITPRIPL2|UPF3A|TNFRSF11B|C16orf86",4,1.164,0.81,1.672,0.411,0.512,0.411,0.613
"GSE31210",FALSE,"protein_coding","random",717,"THBD|FCRL2|MAPRE1|ABTB2",4,1.1,0.781,1.55,0.586,0.523,0.437,0.608
"GSE31210",FALSE,"protein_coding","random",718,"TNFSF13|HMGCL|DCAF4|MAPK10",4,0.76,0.515,1.122,0.167,0.557,0.457,0.658
"GSE31210",FALSE,"protein_coding","random",719,"KLHL40|MBTD1|USP47|GLO1",4,0.877,0.606,1.27,0.488,0.554,0.448,0.66
"GSE31210",FALSE,"protein_coding","random",720,"C21orf91|MYO19|UQCR11|PCDHB10",4,1.202,0.846,1.706,0.304,0.522,0.398,0.646
"GSE31210",FALSE,"protein_coding","random",721,"TMEM54|ZFP90|LTBP3|CHP1",4,1.212,0.855,1.718,0.281,0.512,0.387,0.637
"GSE31210",FALSE,"protein_coding","random",722,"GRAMD4|CTSL|GSK3A|PHLDA3",4,1.441,1.046,1.987,0.0255,0.594,0.484,0.704
"GSE31210",FALSE,"protein_coding","random",723,"RNH1|SARS2|FNDC3B|IFNE",4,1.381,1.047,1.822,0.0225,0.623,0.532,0.713
"GSE31210",FALSE,"protein_coding","random",724,"GPS2|MAGEF1|GRK4|TINAG",4,0.934,0.641,1.36,0.722,0.493,0.383,0.603
"GSE31210",FALSE,"protein_coding","random",725,"NME1|QPCT|CD248|ESYT3",4,1.161,0.862,1.563,0.326,0.533,0.419,0.647
"GSE31210",FALSE,"protein_coding","random",726,"PIP5K1C|POLQ|TANGO2|FASTKD2",4,1.421,1.073,1.881,0.0142,0.652,0.557,0.747
"GSE31210",FALSE,"protein_coding","random",727,"G0S2|SYT8|PSMD7|CLOCK",4,1.135,0.824,1.562,0.438,0.526,0.403,0.648
"GSE31210",FALSE,"protein_coding","random",728,"COMMD8|TRIB3|ARSJ|ZSWIM6",4,1.253,0.926,1.695,0.144,0.557,0.443,0.672
"GSE31210",FALSE,"protein_coding","random",729,"PANX1|DCXR|GRPR|PLAC8L1",4,0.986,0.691,1.409,0.94,0.48,0.374,0.586
"GSE31210",FALSE,"protein_coding","random",730,"RNFT2|HHIP|PDCL|SYTL2",4,1.175,0.825,1.674,0.371,0.494,0.376,0.611
"GSE31210",FALSE,"protein_coding","random",731,"PPP2R5B|GPATCH3|TMEM100|TMEM192",4,0.652,0.44,0.965,0.0325,0.626,0.536,0.716
"GSE31210",FALSE,"protein_coding","random",732,"SLC13A3|TMEM119|VAX2|LY75",4,0.801,0.548,1.172,0.253,0.557,0.461,0.653
"GSE31210",FALSE,"protein_coding","random",733,"RANGRF|BCL2L2-PABPN1|VPS16|ZNF518A",4,0.776,0.521,1.157,0.214,0.554,0.444,0.665
"GSE31210",FALSE,"protein_coding","random",734,"MICALL1|RCVRN|ZNF449|TAOK1",4,1.401,1.063,1.845,0.0165,0.55,0.432,0.668
"GSE31210",FALSE,"protein_coding","random",735,"HINT1|ABHD14A-ACY1|COX20|OTUD6B",4,1.129,0.806,1.582,0.479,0.543,0.436,0.651
"GSE31210",FALSE,"protein_coding","random",736,"SCAMP5|IMMT|RHNO1|MTNR1B",4,1.441,1.116,1.862,0.00513,0.631,0.524,0.737
"GSE31210",FALSE,"protein_coding","random",737,"CABLES1|ATP10D|HGH1|CALCB",4,0.997,0.698,1.424,0.987,0.459,0.34,0.578
"GSE31210",FALSE,"protein_coding","random",738,"RHOF|MRPL47|MITF|NAT1",4,1.689,1.255,2.274,0.000542,0.678,0.588,0.768
"GSE31210",FALSE,"protein_coding","random",739,"KNCN|PTP4A1|UAP1L1|SBSN",4,0.749,0.503,1.115,0.155,0.599,0.504,0.693
"GSE31210",FALSE,"protein_coding","random",740,"SLC4A4|NPHS1|SPHK2|SLAIN1",4,0.974,0.667,1.423,0.893,0.518,0.403,0.634
"GSE31210",FALSE,"protein_coding","random",741,"KCNK7|OTX1|DCUN1D1|FSIP1",4,1.038,0.735,1.465,0.833,0.499,0.4,0.599
"GSE31210",FALSE,"protein_coding","random",742,"CA11|DNAJB12|MESP2|EHF",4,0.938,0.64,1.375,0.745,0.462,0.356,0.569
"GSE31210",FALSE,"protein_coding","random",743,"RBFOX2|HNRNPC|CDC25C|FTCDNL1",4,1.796,1.352,2.386,5.36e-05,0.664,0.559,0.77
"GSE31210",FALSE,"protein_coding","random",744,"CWC22|CELA2B|ATP10D|MRPL21",4,1.247,0.889,1.749,0.201,0.577,0.484,0.67
"GSE31210",FALSE,"protein_coding","random",745,"SLC16A10|PIEZO2|ZNF589|FAM200B",4,0.864,0.594,1.257,0.445,0.559,0.46,0.658
"GSE31210",FALSE,"protein_coding","random",746,"B4GALNT3|SLC25A35|RAB3IP|GMIP",4,1.224,0.901,1.664,0.196,0.594,0.489,0.7
"GSE31210",FALSE,"protein_coding","random",747,"KCNJ10|SHROOM3|C11orf86|PNMT",4,0.939,0.642,1.375,0.748,0.544,0.441,0.647
"GSE31210",FALSE,"protein_coding","random",748,"LIPJ|SEC14L3|CCDC97|CHD6",4,0.808,0.541,1.208,0.299,0.554,0.442,0.666
"GSE31210",FALSE,"protein_coding","random",749,"SYT15|EEPD1|SIRPG|CDKN2A",4,0.859,0.58,1.272,0.448,0.555,0.456,0.654
"GSE31210",FALSE,"protein_coding","random",750,"AGA|CHST5|CD200|TOMM5",4,1.412,1.128,1.767,0.00264,0.697,0.606,0.787
"GSE31210",FALSE,"protein_coding","random",751,"ADH1B|KLF14|TGM6|CHMP4B",4,1.179,0.821,1.693,0.373,0.524,0.414,0.634
"GSE31210",FALSE,"protein_coding","random",752,"PARD3B|DBF4|SLC25A14|RPS10",4,0.98,0.677,1.418,0.914,0.514,0.403,0.625
"GSE31210",FALSE,"protein_coding","random",753,"RD3|PIK3IP1|AVPR2|C17orf49",4,0.965,0.674,1.381,0.846,0.516,0.414,0.618
"GSE31210",FALSE,"protein_coding","random",754,"FAM156A|GDPD2|DAAM1|CCDC13",4,0.643,0.423,0.978,0.0389,0.64,0.542,0.738
"GSE31210",FALSE,"protein_coding","random",755,"RREB1|ITPRIPL1|ERCC1|HNRNPU",4,1.484,1.142,1.929,0.00315,0.652,0.556,0.748
"GSE31210",FALSE,"protein_coding","random",756,"INO80B|WDR59|VNN2|PHF21B",4,0.77,0.49,1.212,0.259,0.625,0.504,0.746
"GSE31210",FALSE,"protein_coding","random",757,"MTMR6|HNRNPUL2|PGLYRP2|CPSF1",4,0.997,0.696,1.428,0.986,0.492,0.385,0.599
"GSE31210",FALSE,"protein_coding","random",758,"HOXD12|BTK|IER5L|TLR2",4,1.197,0.863,1.661,0.282,0.545,0.436,0.654
"GSE31210",FALSE,"protein_coding","random",759,"FGFR2|ADAMTS4|NUF2|RIT2",4,1.247,0.883,1.76,0.21,0.534,0.411,0.657
"GSE31210",FALSE,"protein_coding","random",760,"TMEM219|OR1A1|RNF146|RTKN",4,1.287,0.917,1.806,0.144,0.595,0.501,0.688
"GSE31210",FALSE,"protein_coding","random",761,"FXYD7|FRMD5|IRGQ|IKZF5",4,0.762,0.524,1.109,0.156,0.589,0.493,0.686
"GSE31210",FALSE,"protein_coding","random",762,"MGAT4A|STK38|CTSV|ALDH1A3",4,1.415,1.112,1.801,0.00474,0.67,0.574,0.766
"GSE31210",FALSE,"protein_coding","random",763,"FKBP14|MCM3|VAV1|UVSSA",4,1.125,0.805,1.572,0.49,0.571,0.472,0.669
"GSE31210",FALSE,"protein_coding","random",764,"KRT83|SBSPON|PAXBP1|ZDHHC17",4,0.451,0.293,0.692,0.00027,0.7,0.61,0.791
"GSE31210",FALSE,"protein_coding","random",765,"DDX49|NPEPL1|CRY2|ANKRD30BL",4,0.85,0.595,1.212,0.369,0.55,0.447,0.652
"GSE31210",FALSE,"protein_coding","random",766,"ARPC5L|XKR7|SPNS3|TTC1",4,2.355,1.668,3.326,1.16e-06,0.746,0.67,0.821
"GSE31210",FALSE,"protein_coding","random",767,"PLEC|CLDN11|SLC6A19|CEACAM7",4,1.42,1.058,1.905,0.0194,0.528,0.402,0.653
"GSE31210",FALSE,"protein_coding","random",768,"SOHLH2|TMEM255B|GSE1|HMG20B",4,0.77,0.538,1.101,0.151,0.606,0.507,0.705
"GSE31210",FALSE,"protein_coding","random",769,"ACYP1|PPP1R14B|PGM1|FOXF2",4,0.928,0.644,1.339,0.69,0.501,0.395,0.608
"GSE31210",FALSE,"protein_coding","random",770,"BMP2K|ZFPL1|CCT8|STPG1",4,1.269,0.887,1.814,0.192,0.553,0.447,0.66
"GSE31210",FALSE,"protein_coding","random",771,"RHOF|FDXACB1|LPP|EEF2K",4,0.875,0.601,1.274,0.487,0.572,0.45,0.695
"GSE31210",FALSE,"protein_coding","random",772,"C16orf72|DEAF1|ZNF329|UBQLNL",4,1.008,0.707,1.437,0.963,0.511,0.394,0.628
"GSE31210",FALSE,"protein_coding","random",773,"RWDD2A|LAMA3|KCNJ8|OXCT1",4,1.327,1,1.762,0.05,0.567,0.463,0.67
"GSE31210",FALSE,"protein_coding","random",774,"GTPBP8|PDCD6|VMO1|CCT5",4,1.47,1.172,1.844,0.000871,0.754,0.682,0.826
"GSE31210",FALSE,"protein_coding","random",775,"PCDHGA8|PAGE4|CD164|GPR26",4,0.801,0.542,1.182,0.264,0.578,0.471,0.686
"GSE31210",FALSE,"protein_coding","random",776,"STX6|KIAA0408|ECHDC1|RAC1",4,0.936,0.656,1.336,0.716,0.503,0.416,0.59
"GSE31210",FALSE,"protein_coding","random",777,"ADAMTS12|SLC22A1|ITGB5|TCEAL2",4,1.446,1.103,1.897,0.00769,0.617,0.516,0.719
"GSE31210",FALSE,"protein_coding","random",778,"OTX1|BCL3|DDX10|SLC25A18",4,1.46,1.1,1.938,0.00874,0.609,0.505,0.713
"GSE31210",FALSE,"protein_coding","random",779,"SLC5A7|CHST6|FITM2|COX15",4,0.898,0.609,1.326,0.59,0.534,0.423,0.646
"GSE31210",FALSE,"protein_coding","random",780,"CTAG2|ESRP1|MAPK10|THOC2",4,0.873,0.582,1.311,0.513,0.556,0.444,0.668
"GSE31210",FALSE,"protein_coding","random",781,"CDC42EP5|VARS2|CAMSAP3|AKTIP",4,0.966,0.65,1.435,0.864,0.505,0.391,0.619
"GSE31210",FALSE,"protein_coding","random",782,"BMPR2|SESN2|HABP2|FAM229B",4,0.846,0.578,1.239,0.391,0.566,0.462,0.67
"GSE31210",FALSE,"protein_coding","random",783,"ARR3|LRRC55|PET100|PDCD6IP",4,1.477,1.067,2.045,0.0188,0.598,0.505,0.692
"GSE31210",FALSE,"protein_coding","random",784,"SCML1|ZBTB26|SMC4|RNF151",4,0.662,0.444,0.986,0.0427,0.594,0.479,0.709
"GSE31210",FALSE,"protein_coding","random",785,"CTSB|CHST2|C5orf63|TMC8",4,0.957,0.665,1.375,0.811,0.499,0.391,0.607
"GSE31210",FALSE,"protein_coding","random",786,"DACT2|ZNF385D|CD55|GPBP1L1",4,0.389,0.248,0.61,3.92e-05,0.741,0.661,0.82
"GSE31210",FALSE,"protein_coding","random",787,"BATF2|SSTR1|CYP4Z1|SYNE1",4,0.764,0.508,1.149,0.197,0.628,0.517,0.74
"GSE31210",FALSE,"protein_coding","random",788,"MZT1|RB1CC1|PDE4DIP|PUM2",4,0.962,0.671,1.378,0.832,0.498,0.401,0.594
"GSE31210",FALSE,"protein_coding","random",789,"CDK18|POU5F2|C1orf94|TRIM55",4,0.94,0.64,1.381,0.752,0.538,0.436,0.641
"GSE31210",FALSE,"protein_coding","random",790,"KANK4|COX7A2L|SAMHD1|C1QA",4,1.392,1.033,1.877,0.0298,0.621,0.518,0.724
"GSE31210",FALSE,"protein_coding","random",791,"NOD1|MTAP|JRKL|PDE10A",4,0.958,0.66,1.39,0.823,0.537,0.416,0.658
"GSE31210",FALSE,"protein_coding","random",792,"C3orf49|RS1|POLR3B|QRICH1",4,0.597,0.404,0.881,0.00946,0.623,0.506,0.741
"GSE31210",FALSE,"protein_coding","random",793,"TPGS2|DSP|KRTAP7-1|SPRY4",4,1.266,0.898,1.785,0.179,0.57,0.464,0.677
"GSE31210",FALSE,"protein_coding","random",794,"CAB39L|GOLT1A|SPATA21|CHI3L2",4,0.818,0.536,1.247,0.35,0.578,0.465,0.691
"GSE31210",FALSE,"protein_coding","random",795,"HSD17B4|DCAF10|ANK2|KRTAP1-3",4,1.087,0.75,1.575,0.661,0.528,0.413,0.642
"GSE31210",FALSE,"protein_coding","random",796,"SMCR8|RNF151|MOCOS|MYO1D",4,0.927,0.632,1.36,0.698,0.527,0.411,0.642
"GSE31210",FALSE,"protein_coding","random",797,"ZNF764|MYCL|NHSL2|STXBP2",4,0.719,0.495,1.044,0.0828,0.579,0.484,0.674
"GSE31210",FALSE,"protein_coding","random",798,"SLC19A2|CIB2|OSBPL2|XRCC3",4,1.019,0.709,1.464,0.919,0.489,0.381,0.598
"GSE31210",FALSE,"protein_coding","random",799,"ENTPD5|TAS2R3|COX7C|IL17D",4,1.191,0.885,1.602,0.25,0.522,0.416,0.628
"GSE31210",FALSE,"protein_coding","random",800,"LIN7B|CNOT2|BCL6|STXBP6",4,0.622,0.409,0.947,0.0268,0.643,0.546,0.739
"GSE31210",FALSE,"protein_coding","random",801,"ASCC3|PSMA1|NR2E1|CD99L2",4,1.597,1.185,2.151,0.00209,0.672,0.581,0.763
"GSE31210",FALSE,"protein_coding","random",802,"TBX2|APOE|INPP5K|TAGLN3",4,0.823,0.55,1.233,0.345,0.559,0.454,0.664
"GSE31210",FALSE,"protein_coding","random",803,"DIP2C|C1orf68|ST3GAL1|COPS6",4,0.875,0.608,1.258,0.471,0.495,0.39,0.6
"GSE31210",FALSE,"protein_coding","random",804,"TMEM30A|OR2M4|CDO1|EMC3",4,0.828,0.57,1.202,0.321,0.566,0.462,0.671
"GSE31210",FALSE,"protein_coding","random",805,"GPR55|ZNF230|TSNAX|MYL6B",4,1.054,0.749,1.485,0.762,0.539,0.445,0.634
"GSE31210",FALSE,"protein_coding","random",806,"SH3GL2|SIPA1L2|ZNF215|DOCK8",4,0.944,0.662,1.347,0.751,0.513,0.418,0.608
"GSE31210",FALSE,"protein_coding","random",807,"CNN3|IGF2BP2|CHEK2|RALGPS1",4,0.886,0.593,1.324,0.555,0.569,0.459,0.68
"GSE31210",FALSE,"protein_coding","random",808,"CST7|ASGR2|ARF4|COX10",4,1.546,1.108,2.157,0.0103,0.621,0.509,0.734
"GSE31210",FALSE,"protein_coding","random",809,"ZNF587|SMNDC1|LATS1|DLGAP1",4,0.652,0.443,0.959,0.0299,0.623,0.524,0.723
"GSE31210",FALSE,"protein_coding","random",810,"NPLOC4|GSTO1|CARD11|IFNA21",4,1.467,1.103,1.951,0.00852,0.651,0.544,0.759
"GSE31210",FALSE,"protein_coding","random",811,"LOXHD1|GPR108|LNX1|SLC25A11",4,0.845,0.576,1.239,0.387,0.532,0.423,0.64
"GSE31210",FALSE,"protein_coding","random",812,"ORAI1|IL13RA2|ACTA1|LDHC",4,1.253,0.924,1.701,0.147,0.585,0.482,0.687
"GSE31210",FALSE,"protein_coding","random",813,"QPCT|ACSM5|DNAH6|ZNF324",4,0.764,0.504,1.159,0.206,0.586,0.47,0.702
"GSE31210",FALSE,"protein_coding","random",814,"SOX21|GTF3C4|USP1|ZNF717",4,0.897,0.614,1.311,0.574,0.57,0.462,0.677
"GSE31210",FALSE,"protein_coding","random",815,"SENP8|VWA5B1|MRPL3|PCSK7",4,1.626,1.186,2.229,0.00254,0.67,0.572,0.768
"GSE31210",FALSE,"protein_coding","random",816,"GYPB|NRXN2|COQ3|SLC23A3",4,0.891,0.616,1.287,0.538,0.52,0.414,0.626
"GSE31210",FALSE,"protein_coding","random",817,"COTL1|TP53|NID1|CHURC1-FNTB",4,1.343,0.96,1.88,0.0851,0.599,0.502,0.696
"GSE31210",FALSE,"protein_coding","random",818,"TMEM14A|TBC1D25|ADNP|ETS2",4,1.054,0.74,1.502,0.771,0.52,0.405,0.634
"GSE31210",FALSE,"protein_coding","random",819,"CEP131|SOX2|SPCS3|ZNF517",4,1.182,0.858,1.628,0.307,0.548,0.448,0.648
"GSE31210",FALSE,"protein_coding","random",820,"CDX2|CDK4|ADAM7|IFT20",4,1.103,0.792,1.536,0.563,0.537,0.429,0.645
"GSE31210",FALSE,"protein_coding","random",821,"PCM1|SYP|CBX4|MED15",4,1.16,0.818,1.646,0.404,0.536,0.435,0.638
"GSE31210",FALSE,"protein_coding","random",822,"NFE2L2|UNKL|CDYL|FAM120AOS",4,0.993,0.701,1.406,0.968,0.468,0.355,0.581
"GSE31210",FALSE,"protein_coding","random",823,"GGT5|EDDM3B|FAM153A|CD164",4,0.939,0.642,1.373,0.744,0.563,0.457,0.67
"GSE31210",FALSE,"protein_coding","random",824,"OR7E24|CHMP7|RAB40A|PLA2G2E",4,0.627,0.403,0.973,0.0374,0.642,0.529,0.755
"GSE31210",FALSE,"protein_coding","random",825,"HIF1A|S1PR3|PPFIA2|DPPA5",4,1.326,0.943,1.864,0.104,0.578,0.493,0.662
"GSE31210",FALSE,"protein_coding","random",826,"ISL1|TNFRSF4|QRSL1|GPRIN2",4,0.995,0.693,1.429,0.979,0.505,0.401,0.61
"GSE31210",FALSE,"protein_coding","random",827,"GPX3|EXTL1|TCF20|ESM1",4,0.888,0.607,1.299,0.54,0.535,0.418,0.653
"GSE31210",FALSE,"protein_coding","random",828,"CCR7|TMTC1|SARM1|HSP90B1",4,0.785,0.53,1.161,0.225,0.564,0.453,0.675
"GSE31210",FALSE,"protein_coding","random",829,"RFX5|MUC19|HSF2|LDB1",4,0.679,0.472,0.975,0.0361,0.573,0.473,0.674
"GSE31210",FALSE,"protein_coding","random",830,"SLC35F3|CXCR1|PER3|WDR20",4,0.856,0.588,1.247,0.418,0.542,0.433,0.651
"GSE31210",FALSE,"protein_coding","random",831,"FAM205A|AZGP1|DMD|KCNG4",4,0.936,0.649,1.35,0.722,0.51,0.406,0.615
"GSE31210",FALSE,"protein_coding","random",832,"DNAH14|NACA2|GALNT9|CARF",4,1.036,0.724,1.482,0.846,0.486,0.372,0.6
"GSE31210",FALSE,"protein_coding","random",833,"LRRC46|NOS1|IFNA1|PSTK",4,0.614,0.388,0.974,0.0381,0.647,0.548,0.746
"GSE31210",FALSE,"protein_coding","random",834,"TNFRSF1A|IL17F|ZMYM4|ZNF439",4,0.732,0.507,1.055,0.0945,0.57,0.455,0.685
"GSE31210",FALSE,"protein_coding","random",835,"POT1|RGS11|NDUFB5|BBS12",4,1.128,0.8,1.592,0.491,0.543,0.442,0.644
"GSE31210",FALSE,"protein_coding","random",836,"TRIM13|LRRN3|CFB|ZNF532",4,1.184,0.838,1.672,0.338,0.566,0.453,0.678
"GSE31210",FALSE,"protein_coding","random",837,"ITPA|RRP12|TAF7L|RAB29",4,1.12,0.796,1.577,0.515,0.564,0.459,0.669
"GSE31210",FALSE,"protein_coding","random",838,"ATP10D|KLF2|MOBP|RXRG",4,0.7,0.481,1.019,0.0625,0.602,0.5,0.704
"GSE31210",FALSE,"protein_coding","random",839,"CLEC1B|PEX11G|KLHDC1|LRRN2",4,0.56,0.38,0.823,0.00322,0.697,0.612,0.781
"GSE31210",FALSE,"protein_coding","random",840,"HSPB3|KLK6|POLR2K|BRSK2",4,0.635,0.383,1.051,0.0774,0.61,0.506,0.715
"GSE31210",FALSE,"protein_coding","random",841,"AKR7A3|NSUN5|SUN3|TMEM245",4,1.276,0.978,1.665,0.0726,0.594,0.473,0.716
"GSE31210",FALSE,"protein_coding","random",842,"SLC39A7|C11orf71|CCDC178|CH25H",4,0.752,0.488,1.157,0.195,0.576,0.457,0.695
"GSE31210",FALSE,"protein_coding","random",843,"PLCH1|SGSM1|C1QBP|RHOC",4,0.815,0.556,1.195,0.295,0.532,0.41,0.654
"GSE31210",FALSE,"protein_coding","random",844,"ATP8B3|GCOM1|TNFRSF19|TMEM163",4,0.691,0.45,1.062,0.092,0.627,0.511,0.743
"GSE31210",FALSE,"protein_coding","random",845,"PDE11A|DENR|NUP153|ZC3HC1",4,1.322,0.988,1.768,0.0599,0.617,0.508,0.726
"GSE31210",FALSE,"protein_coding","random",846,"DDX49|PALB2|COL21A1|ARL6IP6",4,1.275,0.914,1.779,0.152,0.597,0.499,0.695
"GSE31210",FALSE,"protein_coding","random",847,"MYBPC1|MYH10|KAZALD1|SMIM6",4,1.004,0.689,1.462,0.985,0.45,0.351,0.55
"GSE31210",FALSE,"protein_coding","random",848,"ELAC1|THAP11|DUSP4|BVES",4,0.819,0.562,1.194,0.299,0.545,0.444,0.645
"GSE31210",FALSE,"protein_coding","random",849,"GARNL3|B4GALT6|RGS17|YWHAZ",4,1.121,0.86,1.46,0.398,0.572,0.456,0.687
"GSE31210",FALSE,"protein_coding","random",850,"PKN3|OR2B3|COG4|SNX29",4,0.643,0.417,0.992,0.0458,0.625,0.536,0.714
"GSE31210",FALSE,"protein_coding","random",851,"CRYBG3|ARHGEF15|WDR87|ZDHHC20",4,0.873,0.606,1.257,0.464,0.542,0.442,0.641
"GSE31210",FALSE,"protein_coding","random",852,"RAB3IP|MYO5B|NTRK1|SLC25A45",4,1.024,0.719,1.46,0.894,0.503,0.387,0.62
"GSE31210",FALSE,"protein_coding","random",853,"GALC|CHMP4B|VPS13B|ACSM3",4,1.177,0.825,1.679,0.369,0.537,0.433,0.64
"GSE31210",FALSE,"protein_coding","random",854,"RAB4A|DDX23|TYW3|HMGA2",4,1.373,1.039,1.813,0.0256,0.612,0.514,0.711
"GSE31210",FALSE,"protein_coding","random",855,"NKX6-1|FXYD7|HADH|PDK3",4,0.852,0.586,1.238,0.401,0.59,0.482,0.698
"GSE31210",FALSE,"protein_coding","random",856,"ZNF569|DECR1|PRICKLE4|SMPDL3A",4,1.409,1.023,1.943,0.0361,0.608,0.508,0.708
"GSE31210",FALSE,"protein_coding","random",857,"TRMT13|GRK6|RPLP2|OAZ1",4,0.784,0.532,1.153,0.216,0.578,0.479,0.677
"GSE31210",FALSE,"protein_coding","random",858,"FAM98A|PRKCI|ZSCAN10|KDELR2",4,1.036,0.732,1.467,0.841,0.548,0.446,0.651
"GSE31210",FALSE,"protein_coding","random",859,"C5orf63|TRIM51|CCNE1|RFX7",4,0.848,0.587,1.224,0.379,0.571,0.477,0.664
"GSE31210",FALSE,"protein_coding","random",860,"SYNGR4|MMP1|MRPS6|IFNA10",4,1.064,0.756,1.496,0.723,0.454,0.343,0.564
"GSE31210",FALSE,"protein_coding","random",861,"TIMM9|CRLF3|PARP14|UBE2Z",4,1.315,0.948,1.825,0.101,0.585,0.485,0.685
"GSE31210",FALSE,"protein_coding","random",862,"FAM124A|TRPV5|RAD9A|FGFR3",4,0.663,0.439,1,0.0502,0.611,0.513,0.709
"GSE31210",FALSE,"protein_coding","random",863,"ASCL1|DSC1|CAPN3|ZNF44",4,0.369,0.199,0.685,0.00159,0.714,0.627,0.8
"GSE31210",FALSE,"protein_coding","random",864,"SH3D21|MAPK8IP2|PRSS33|USP34",4,0.95,0.659,1.37,0.784,0.512,0.414,0.61
"GSE31210",FALSE,"protein_coding","random",865,"ZNF223|ZNF625|FAM13C|HEATR5A",4,0.522,0.348,0.785,0.00175,0.675,0.578,0.772
"GSE31210",FALSE,"protein_coding","random",866,"FUT2|IQGAP3|MEAF6|CDH1",4,1.426,0.991,2.05,0.0556,0.613,0.522,0.704
"GSE31210",FALSE,"protein_coding","random",867,"UBE2T|KRT78|HARBI1|DHODH",4,1.239,0.929,1.654,0.145,0.603,0.506,0.701
"GSE31210",FALSE,"protein_coding","random",868,"PRR16|PPP1R37|SVIL|PCCA",4,1.191,0.84,1.688,0.326,0.505,0.386,0.623
"GSE31210",FALSE,"protein_coding","random",869,"ADAM18|RAP1A|GTSF1|NEURL1",4,1.893,1.32,2.717,0.000529,0.607,0.487,0.728
"GSE31210",FALSE,"protein_coding","random",870,"DTD1|ABCA8|ARID2|RDH12",4,1.224,0.875,1.711,0.238,0.546,0.437,0.656
"GSE31210",FALSE,"protein_coding","random",871,"FOXH1|KHDC1|MAP3K13|SLC17A1",4,1.021,0.717,1.453,0.909,0.534,0.442,0.626
"GSE31210",FALSE,"protein_coding","random",872,"FAM189A2|MED15|CTCFL|HLA-DQB1",4,0.829,0.581,1.184,0.303,0.592,0.495,0.689
"GSE31210",FALSE,"protein_coding","random",873,"SPRED3|KANSL1|COPS8|SLC22A3",4,0.902,0.628,1.296,0.576,0.547,0.427,0.667
"GSE31210",FALSE,"protein_coding","random",874,"PRR30|INTS2|AZU1|ZFP28",4,0.891,0.615,1.292,0.544,0.526,0.42,0.632
"GSE31210",FALSE,"protein_coding","random",875,"PKHD1L1|C18orf54|HNRNPA0|MUC4",4,0.844,0.57,1.249,0.396,0.553,0.453,0.653
"GSE31210",FALSE,"protein_coding","random",876,"HARBI1|EAPP|TMCC2|TSSK3",4,1.266,0.939,1.708,0.122,0.609,0.511,0.707
"GSE31210",FALSE,"protein_coding","random",877,"TBRG1|CERS6|NACC2|LEPROTL1",4,0.577,0.382,0.87,0.00861,0.623,0.503,0.744
"GSE31210",FALSE,"protein_coding","random",878,"C1orf116|C2orf69|C1QBP|RTN3",4,0.927,0.65,1.324,0.678,0.483,0.386,0.58
"GSE31210",FALSE,"protein_coding","random",879,"ABCF1|ELMO2|CHMP3|PON3",4,1.19,0.838,1.69,0.33,0.56,0.455,0.664
"GSE31210",FALSE,"protein_coding","random",880,"CDK4|KIR3DL3|APMAP|MYH2",4,1.145,0.845,1.551,0.382,0.506,0.396,0.616
"GSE31210",FALSE,"protein_coding","random",881,"S100A14|HDAC6|DHX38|CCDC102B",4,0.786,0.544,1.135,0.199,0.514,0.41,0.619
"GSE31210",FALSE,"protein_coding","random",882,"RHOB|GAL3ST1|ZCCHC17|MTHFD2L",4,1.138,0.803,1.613,0.467,0.531,0.417,0.644
"GSE31210",FALSE,"protein_coding","random",883,"AK9|IL10|MCOLN1|MYCT1",4,0.57,0.362,0.899,0.0155,0.625,0.539,0.712
"GSE31210",FALSE,"protein_coding","random",884,"VPS16|TOM1L2|CMBL|WDHD1",4,0.834,0.58,1.197,0.325,0.549,0.443,0.656
"GSE31210",FALSE,"protein_coding","random",885,"LRP5L|DMKN|HAS2|DNAJA1",4,1.145,0.825,1.588,0.418,0.529,0.419,0.64
"GSE31210",FALSE,"protein_coding","random",886,"RFC5|PUM2|NT5C1B-RDH14|MINPP1",4,1.199,0.843,1.705,0.314,0.565,0.467,0.663
"GSE31210",FALSE,"protein_coding","random",887,"C10orf62|VSIG1|LLGL2|CLDN8",4,1.053,0.746,1.487,0.77,0.51,0.397,0.624
"GSE31210",FALSE,"protein_coding","random",888,"RAB13|CLDN9|MEP1A|INTS9",4,1.321,0.991,1.761,0.0574,0.618,0.522,0.714
"GSE31210",FALSE,"protein_coding","random",889,"SLC13A5|SSBP3|RACGAP1|HACE1",4,1.049,0.734,1.498,0.793,0.448,0.333,0.563
"GSE31210",FALSE,"protein_coding","random",890,"SMIM15|MAGEC3|SGTA|ASPN",4,1.088,0.761,1.555,0.645,0.537,0.424,0.651
"GSE31210",FALSE,"protein_coding","random",891,"BCL2A1|TCTN3|APOBEC3A|RAB3C",4,1.143,0.869,1.504,0.339,0.599,0.516,0.682
"GSE31210",FALSE,"protein_coding","random",892,"COL25A1|CDIP1|GFI1B|SNX12",4,1.149,0.835,1.58,0.394,0.579,0.481,0.676
"GSE31210",FALSE,"protein_coding","random",893,"ZMYM1|ALG10|CERS5|LY75",4,0.843,0.583,1.219,0.363,0.529,0.426,0.632
"GSE31210",FALSE,"protein_coding","random",894,"RAP1GAP2|TTI1|NRBF2|TFE3",4,1.106,0.801,1.526,0.54,0.544,0.436,0.653
"GSE31210",FALSE,"protein_coding","random",895,"SOS2|NCR3LG1|JAGN1|SNAPC2",4,1.094,0.769,1.555,0.617,0.525,0.407,0.642
"GSE31210",FALSE,"protein_coding","random",896,"KRT3|CELA3A|TMEM126B|TP53AIP1",4,1.101,0.776,1.561,0.591,0.554,0.456,0.651
"GSE31210",FALSE,"protein_coding","random",897,"SIRPD|TMEFF2|TNKS2|GMIP",4,0.725,0.504,1.045,0.0844,0.602,0.506,0.697
"GSE31210",FALSE,"protein_coding","random",898,"ZIC3|TTLL12|ADAM10|GUK1",4,1.438,1.102,1.877,0.00748,0.638,0.536,0.739
"GSE31210",FALSE,"protein_coding","random",899,"KLK10|PGAM2|ZDHHC12|KCTD10",4,1.177,0.877,1.58,0.276,0.569,0.459,0.679
"GSE31210",FALSE,"protein_coding","random",900,"SCRG1|RASSF9|ODC1|CDC14B",4,0.464,0.279,0.771,0.00309,0.654,0.561,0.748
"GSE31210",FALSE,"protein_coding","random",901,"CANT1|CRCT1|TFAM|CCDC141",4,0.996,0.694,1.43,0.983,0.529,0.407,0.651
"GSE31210",FALSE,"protein_coding","random",902,"OR2A4|FOXO1|ZBTB43|CD320",4,0.467,0.31,0.704,0.000274,0.699,0.604,0.794
"GSE31210",FALSE,"protein_coding","random",903,"IL6R|IAH1|SYT17|CYFIP2",4,0.474,0.319,0.703,0.000206,0.716,0.632,0.8
"GSE31210",FALSE,"protein_coding","random",904,"UBE2V2|PIH1D1|GAS7|NPIPA1",4,1.007,0.699,1.449,0.972,0.495,0.383,0.606
"GSE31210",FALSE,"protein_coding","random",905,"SH2B3|SEC62|SCML2|SLC18A1",4,0.88,0.594,1.302,0.522,0.507,0.404,0.61
"GSE31210",FALSE,"protein_coding","random",906,"ERH|APOD|LARS2|MYCN",4,1.094,0.78,1.534,0.603,0.568,0.456,0.68
"GSE31210",FALSE,"protein_coding","random",907,"RTKN|SOCS6|MAGEA4|HMCN1",4,1.386,0.981,1.959,0.0639,0.546,0.424,0.667
"GSE31210",FALSE,"protein_coding","random",908,"RIMS4|RAD51|KEAP1|TSPAN9",4,1.51,1.067,2.136,0.0199,0.665,0.565,0.766
"GSE31210",FALSE,"protein_coding","random",909,"KIF18A|SPATA6|SDK1|BTNL8",4,0.917,0.631,1.334,0.652,0.502,0.408,0.596
"GSE31210",FALSE,"protein_coding","random",910,"IFT80|CNNM3|PRDM6|MITF",4,0.537,0.361,0.8,0.00221,0.672,0.582,0.762
"GSE31210",FALSE,"protein_coding","random",911,"GPR173|FHL2|FOLR3|TPM3",4,1.497,1.171,1.914,0.00128,0.699,0.613,0.784
"GSE31210",FALSE,"protein_coding","random",912,"NIF3L1|GALNT5|GTPBP1|PRG4",4,1.264,0.914,1.747,0.157,0.593,0.493,0.694
"GSE31210",FALSE,"protein_coding","random",913,"TAOK3|B3GALT6|SERPINB13|A4GNT",4,1.233,0.934,1.626,0.139,0.6,0.5,0.7
"GSE31210",FALSE,"protein_coding","random",914,"SLC25A5|TDP2|TBC1D23|BHLHE41",4,1.305,0.946,1.801,0.105,0.626,0.526,0.726
"GSE31210",FALSE,"protein_coding","random",915,"C7orf31|FBP2|HEATR3|EFS",4,0.985,0.694,1.398,0.932,0.479,0.36,0.598
"GSE31210",FALSE,"protein_coding","random",916,"FRMD4B|SRPX|NREP|C21orf58",4,0.655,0.447,0.959,0.0294,0.646,0.563,0.73
"GSE31210",FALSE,"protein_coding","random",917,"TMEM160|MIDN|C9orf116|HSD11B1",4,0.989,0.69,1.418,0.953,0.499,0.405,0.592
"GSE31210",FALSE,"protein_coding","random",918,"NFX1|MS4A1|LANCL1|TEX26",4,0.838,0.573,1.225,0.361,0.545,0.458,0.632
"GSE31210",FALSE,"protein_coding","random",919,"NKRF|PALMD|CDCA5|PYGM",4,0.951,0.658,1.375,0.791,0.508,0.4,0.616
"GSE31210",FALSE,"protein_coding","random",920,"KIRREL3|USP39|CD40|HOXD13",4,1.537,1.15,2.056,0.00374,0.639,0.537,0.742
"GSE31210",FALSE,"protein_coding","random",921,"LANCL3|CD27|LRRCC1|NDUFB2",4,0.804,0.547,1.18,0.265,0.562,0.458,0.666
"GSE31210",FALSE,"protein_coding","random",922,"MMP14|NEU2|CNOT6|TAB1",4,1.271,0.909,1.777,0.16,0.532,0.417,0.647
"GSE31210",FALSE,"protein_coding","random",923,"TTLL7|APRT|ATP6V0B|OBP2B",4,0.968,0.669,1.4,0.861,0.504,0.391,0.618
"GSE31210",FALSE,"protein_coding","random",924,"SERPING1|SPOPL|ATP6V1F|TIGIT",4,1.432,1.031,1.989,0.0321,0.622,0.519,0.726
"GSE31210",FALSE,"protein_coding","random",925,"DRD2|CRTC1|ATR|HERC5",4,0.924,0.637,1.341,0.678,0.509,0.395,0.623
"GSE31210",FALSE,"protein_coding","random",926,"TSPAN16|ZFP36L2|FAM185A|CD209",4,0.734,0.501,1.076,0.113,0.577,0.473,0.68
"GSE31210",FALSE,"protein_coding","random",927,"ASF1A|KLHDC4|HIBCH|RNASET2",4,0.887,0.616,1.277,0.518,0.524,0.403,0.645
"GSE31210",FALSE,"protein_coding","random",928,"EIF4E2|TTC39B|PEX5|PLEKHH3",4,1.032,0.724,1.471,0.862,0.525,0.416,0.634
"GSE31210",FALSE,"protein_coding","random",929,"FABP2|NT5C1B|BFAR|PTHLH",4,0.617,0.398,0.955,0.0304,0.603,0.502,0.705
"GSE31210",FALSE,"protein_coding","random",930,"GPR27|TAF9B|ID4|LSM12",4,0.699,0.465,1.051,0.0856,0.588,0.48,0.696
"GSE31210",FALSE,"protein_coding","random",931,"SEPSECS|CD200R1|UBE2D1|DPEP3",4,0.705,0.479,1.039,0.077,0.603,0.5,0.706
"GSE31210",FALSE,"protein_coding","random",932,"SLC25A28|SNX17|ZNF222|DMRT1",4,1.114,0.796,1.558,0.53,0.552,0.436,0.669
"GSE31210",FALSE,"protein_coding","random",933,"FETUB|TREH|NPM3|ELOVL1",4,1.253,0.904,1.739,0.176,0.581,0.467,0.695
"GSE31210",FALSE,"protein_coding","random",934,"PCBD2|MTFMT|GKAP1|MAGIX",4,0.548,0.344,0.873,0.0114,0.614,0.509,0.718
"GSE31210",FALSE,"protein_coding","random",935,"PPM1L|SLC39A12|SMIM5|PSMA5",4,1.72,1.316,2.248,7.15e-05,0.669,0.556,0.782
"GSE31210",FALSE,"protein_coding","random",936,"LRRC57|TMEM219|NT5C|LYPD6",4,1.621,1.275,2.061,7.98e-05,0.669,0.576,0.763
"GSE31210",FALSE,"protein_coding","random",937,"F9|CHADL|CCNI|MYH2",4,0.873,0.6,1.27,0.478,0.572,0.464,0.681
"GSE31210",FALSE,"protein_coding","random",938,"AK7|ANKRD50|HNRNPUL1|ANKRD23",4,0.757,0.502,1.142,0.185,0.566,0.461,0.67
"GSE31210",FALSE,"protein_coding","random",939,"SLC2A6|KLK8|AZU1|FAM91A1",4,0.95,0.652,1.384,0.79,0.527,0.423,0.631
"GSE31210",FALSE,"protein_coding","random",940,"AAK1|WASL|PIGP|JMJD6",4,0.924,0.641,1.331,0.67,0.498,0.391,0.605
"GSE31210",FALSE,"protein_coding","random",941,"KLF9|MRPL9|ENTHD1|PNO1",4,1.181,0.876,1.592,0.276,0.566,0.467,0.665
"GSE31210",FALSE,"protein_coding","random",942,"TPI1|CSRP2|CCDC71L|KRTAP5-8",4,1.528,1.118,2.09,0.00787,0.669,0.594,0.743
"GSE31210",FALSE,"protein_coding","random",943,"GRB7|SOAT2|LRP3|RAP1A",4,1.257,0.994,1.59,0.0565,0.589,0.476,0.702
"GSE31210",FALSE,"protein_coding","random",944,"C15orf40|DPYSL2|CAP2|MEIS2",4,0.732,0.498,1.076,0.112,0.57,0.471,0.669
"GSE31210",FALSE,"protein_coding","random",945,"LRRC37A|C1GALT1C1|STK17A|HNRNPUL2",4,1.291,0.929,1.794,0.127,0.578,0.477,0.68
"GSE31210",FALSE,"protein_coding","random",946,"RARRES2|NLRP5|SIRT6|PAK6",4,1.164,0.874,1.55,0.298,0.561,0.459,0.663
"GSE31210",FALSE,"protein_coding","random",947,"TUFT1|OR10H3|CLEC7A|MIS12",4,1.071,0.754,1.521,0.701,0.518,0.398,0.639
"GSE31210",FALSE,"protein_coding","random",948,"KIF1C|NDRG2|GPR135|EFHD2",4,0.951,0.66,1.37,0.787,0.52,0.407,0.634
"GSE31210",FALSE,"protein_coding","random",949,"STEAP3|MID2|TM4SF18|ZC2HC1A",4,0.676,0.46,0.992,0.0453,0.6,0.503,0.696
"GSE31210",FALSE,"protein_coding","random",950,"NUMB|EGF|PLIN5|GYPB",4,0.472,0.3,0.741,0.00112,0.668,0.578,0.757
"GSE31210",FALSE,"protein_coding","random",951,"PPP4R2|ANKRD35|ESM1|HIPK3",4,1.569,1.251,1.969,9.71e-05,0.671,0.57,0.773
"GSE31210",FALSE,"protein_coding","random",952,"BPNT1|DPH1|COG5|KIF20A",4,1.019,0.725,1.432,0.916,0.546,0.45,0.643
"GSE31210",FALSE,"protein_coding","random",953,"MRPS30|C3orf22|IL1B|SORCS1",4,1.273,0.986,1.644,0.0646,0.598,0.498,0.698
"GSE31210",FALSE,"protein_coding","random",954,"HMCN1|ZNF165|NDUFAF5|MCTP2",4,1.04,0.729,1.483,0.83,0.509,0.406,0.612
"GSE31210",FALSE,"protein_coding","random",955,"EXOC7|CD300LG|EPO|ATAT1",4,0.82,0.554,1.214,0.322,0.544,0.433,0.655
"GSE31210",FALSE,"protein_coding","random",956,"CMC4|FCGR2B|USP38|TDRD9",4,1.228,0.938,1.607,0.135,0.563,0.451,0.675
"GSE31210",FALSE,"protein_coding","random",957,"C15orf62|METTL15|NEK1|AGR3",4,0.877,0.587,1.308,0.519,0.586,0.476,0.695
"GSE31210",FALSE,"protein_coding","random",958,"ORC3|PDC|IL37|IRS2",4,1.136,0.804,1.605,0.469,0.52,0.416,0.624
"GSE31210",FALSE,"protein_coding","random",959,"DPPA3|ARFGAP3|TRAPPC12|DGKD",4,0.561,0.357,0.881,0.0121,0.648,0.539,0.756
"GSE31210",FALSE,"protein_coding","random",960,"SMIM22|MAB21L3|ESD|BEX5",4,1.056,0.733,1.522,0.769,0.482,0.376,0.587
"GSE31210",FALSE,"protein_coding","random",961,"BNC1|ANGPT1|SH2D4A|IGSF6",4,1.141,0.775,1.678,0.504,0.471,0.367,0.575
"GSE31210",FALSE,"protein_coding","random",962,"ARL17A|KLRC4|STOM|GLS",4,0.552,0.377,0.808,0.00224,0.685,0.602,0.768
"GSE31210",FALSE,"protein_coding","random",963,"GABRR1|COQ10B|KRT222|ZNF215",4,0.922,0.636,1.336,0.667,0.538,0.437,0.638
"GSE31210",FALSE,"protein_coding","random",964,"CLCF1|ZMYND15|CDK13|RNF41",4,0.569,0.396,0.818,0.0023,0.684,0.588,0.78
"GSE31210",FALSE,"protein_coding","random",965,"RP2|MPV17L|RGS17|ASB17",4,0.765,0.507,1.154,0.201,0.586,0.483,0.688
"GSE31210",FALSE,"protein_coding","random",966,"SLC5A3|NCAPD3|CYP2S1|USH1G",4,1.163,0.866,1.562,0.316,0.555,0.447,0.664
"GSE31210",FALSE,"protein_coding","random",967,"NDUFA9|CPTP|CLOCK|TAOK2",4,0.797,0.539,1.179,0.256,0.554,0.455,0.654
"GSE31210",FALSE,"protein_coding","random",968,"ATG4D|IFT20|ULK1|SVIP",4,0.862,0.587,1.266,0.449,0.525,0.413,0.636
"GSE31210",FALSE,"protein_coding","random",969,"HMX1|SCGB2B2|APEH|HEATR5B",4,0.626,0.418,0.937,0.0229,0.622,0.517,0.728
"GSE31210",FALSE,"protein_coding","random",970,"ZNF700|ADH1A|GFRA3|BNC2",4,0.485,0.321,0.731,0.000558,0.705,0.615,0.796
"GSE31210",FALSE,"protein_coding","random",971,"C1orf54|STAMBP|MRFAP1|GPATCH2",4,1.586,1.188,2.119,0.00178,0.645,0.537,0.753
"GSE31210",FALSE,"protein_coding","random",972,"IZUMO2|GRIK4|CTNNBL1|TOMM20",4,1.642,1.209,2.231,0.00151,0.598,0.48,0.715
"GSE31210",FALSE,"protein_coding","random",973,"ADCY2|CDT1|TECRL|KRTAP4-7",4,1.11,0.784,1.57,0.557,0.495,0.374,0.616
"GSE31210",FALSE,"protein_coding","random",974,"GBP5|HMGN2|LCAT|KLK13",4,0.967,0.675,1.384,0.854,0.518,0.415,0.621
"GSE31210",FALSE,"protein_coding","random",975,"TMEM158|ALX4|LRFN3|C5orf22",4,1.271,0.956,1.688,0.0989,0.566,0.462,0.67
"GSE31210",FALSE,"protein_coding","random",976,"UBE2QL1|KCNH5|ACOT11|C1GALT1",4,1.319,0.965,1.803,0.0823,0.573,0.467,0.679
"GSE31210",FALSE,"protein_coding","random",977,"TDP1|WDR25|GCA|SCGB3A2",4,0.823,0.571,1.188,0.298,0.536,0.439,0.633
"GSE31210",FALSE,"protein_coding","random",978,"TNFRSF8|GPR37L1|APH1A|FHOD3",4,1.21,0.855,1.713,0.281,0.499,0.38,0.618
"GSE31210",FALSE,"protein_coding","random",979,"OTX1|ATG2B|GMIP|UNG",4,0.682,0.451,1.032,0.07,0.59,0.484,0.696
"GSE31210",FALSE,"protein_coding","random",980,"MAP3K4|GJB1|FUT10|ARHGEF15",4,0.778,0.538,1.125,0.182,0.561,0.459,0.664
"GSE31210",FALSE,"protein_coding","random",981,"ATP6V1E1|CASP10|HAUS7|PRELP",4,1.289,0.909,1.827,0.154,0.572,0.467,0.677
"GSE31210",FALSE,"protein_coding","random",982,"WIF1|PANK3|IPO13|AAK1",4,0.994,0.696,1.42,0.975,0.536,0.431,0.641
"GSE31210",FALSE,"protein_coding","random",983,"DHRS12|KPNA5|LSMEM2|JADE2",4,0.563,0.39,0.813,0.00216,0.654,0.546,0.763
"GSE31210",FALSE,"protein_coding","random",984,"MT1HL1|KLHL13|UBE2D4|PRSS53",4,1.186,0.839,1.677,0.333,0.515,0.393,0.636
"GSE31210",FALSE,"protein_coding","random",985,"SLC25A41|ROR1|NR1D1|ETV6",4,1.407,1.017,1.948,0.0393,0.56,0.456,0.663
"GSE31210",FALSE,"protein_coding","random",986,"KRTAP9-2|KATNAL2|CMTM7|DNAI2",4,0.759,0.489,1.176,0.217,0.592,0.481,0.702
"GSE31210",FALSE,"protein_coding","random",987,"MRPL51|TRAM1|FZD7|LIN52",4,1.435,1.009,2.041,0.0443,0.57,0.457,0.682
"GSE31210",FALSE,"protein_coding","random",988,"GLRX2|UCHL5|SDC1|CENPE",4,1.491,1.15,1.931,0.00252,0.699,0.615,0.782
"GSE31210",FALSE,"protein_coding","random",989,"FGFR1|CSPG4|ROR1|SRD5A2",4,1.003,0.7,1.436,0.988,0.504,0.39,0.619
"GSE31210",FALSE,"protein_coding","random",990,"RSPH4A|RHOQ|LYRM2|ALB",4,1.052,0.749,1.479,0.769,0.535,0.436,0.634
"GSE31210",FALSE,"protein_coding","random",991,"NTM|MTIF3|LZTS1|RAD1",4,1.233,0.873,1.742,0.234,0.548,0.438,0.657
"GSE31210",FALSE,"protein_coding","random",992,"SLC27A4|HDDC2|WDR73|PCDH18",4,0.961,0.675,1.37,0.827,0.466,0.363,0.569
"GSE31210",FALSE,"protein_coding","random",993,"CPEB2|PRDM8|ZNF446|HSPB2",4,0.565,0.377,0.849,0.0059,0.661,0.576,0.745
"GSE31210",FALSE,"protein_coding","random",994,"COX8C|ASF1A|SERPINB1|BAZ2B",4,0.605,0.404,0.907,0.0151,0.627,0.527,0.727
"GSE31210",FALSE,"protein_coding","random",995,"SIGLEC15|LTBP4|USP3|TIGD7",4,0.961,0.668,1.385,0.833,0.491,0.371,0.611
"GSE31210",FALSE,"protein_coding","random",996,"ZNF683|PHKB|DMXL2|ING3",4,0.78,0.535,1.137,0.197,0.557,0.429,0.685
"GSE31210",FALSE,"protein_coding","random",997,"TCIRG1|CTXN2|LY75|MBLAC1",4,0.867,0.6,1.253,0.449,0.559,0.441,0.677
"GSE31210",FALSE,"protein_coding","random",998,"ELL3|NRM|GDA|KCNJ10",4,1.2,0.892,1.614,0.229,0.601,0.5,0.702
"GSE31210",FALSE,"protein_coding","random",999,"MDM2|RAD9A|SRP19|KIAA0825",4,0.861,0.586,1.266,0.446,0.583,0.477,0.689
"GSE31210",FALSE,"protein_coding","random",1000,"DOCK1|DNASE1|SPOPL|SHOX",4,0.659,0.445,0.976,0.0375,0.609,0.504,0.714
"GSE31210",FALSE,"proliferation_matched","random",1,"NCAPD3|USP51|RIMKLB|FAM189A2",4,0.445,0.274,0.725,0.00113,0.678,0.573,0.782
"GSE31210",FALSE,"proliferation_matched","random",2,"SUB1|GALNT18|PPP1R12B|ABRACL",4,1.788,1.263,2.53,0.00105,0.647,0.543,0.752
"GSE31210",FALSE,"proliferation_matched","random",3,"MAP3K3|MRPL47|NFIA|RPS6KA5",4,0.561,0.381,0.825,0.00335,0.668,0.58,0.755
"GSE31210",FALSE,"proliferation_matched","random",4,"TENM3|BICD1|PURA|LRRC18",4,0.704,0.444,1.115,0.134,0.625,0.52,0.729
"GSE31210",FALSE,"proliferation_matched","random",5,"COL12A1|DOCK4|CHFR|SNX1",4,0.733,0.5,1.075,0.112,0.59,0.474,0.706
"GSE31210",FALSE,"proliferation_matched","random",6,"PGC|PLBD2|ST14|MID2",4,1.604,1.199,2.145,0.00146,0.65,0.564,0.736
"GSE31210",FALSE,"proliferation_matched","random",7,"EMC9|KDM5C|SESN1|FRMD5",4,1.348,0.97,1.874,0.0756,0.557,0.436,0.678
"GSE31210",FALSE,"proliferation_matched","random",8,"ZNF106|ACOXL|ZNF581|CNP",4,0.87,0.592,1.278,0.478,0.536,0.428,0.644
"GSE31210",FALSE,"proliferation_matched","random",9,"DACH1|VSIG2|FANCA|PSMD3",4,0.971,0.689,1.369,0.868,0.465,0.358,0.571
"GSE31210",FALSE,"proliferation_matched","random",10,"TUBG1|SGSM1|OAS1|GXYLT1",4,1.058,0.739,1.513,0.759,0.504,0.39,0.619
"GSE31210",FALSE,"proliferation_matched","random",11,"XRCC5|SUPT7L|EIF4E3|MAPRE1",4,1.571,1.2,2.057,0.00101,0.693,0.605,0.781
"GSE31210",FALSE,"proliferation_matched","random",12,"MRPL12|OLFM1|PMM1|FANCG",4,0.788,0.513,1.211,0.276,0.571,0.463,0.678
"GSE31210",FALSE,"proliferation_matched","random",13,"CDK2|ZFP3|ITGA8|ZWILCH",4,1.092,0.756,1.578,0.638,0.525,0.41,0.641
"GSE31210",FALSE,"proliferation_matched","random",14,"FRMD4B|PYGM|CORO2B|RAB9B",4,0.563,0.356,0.888,0.0135,0.66,0.585,0.735
"GSE31210",FALSE,"proliferation_matched","random",15,"PDK1|TENM3|SLC12A9|UTRN",4,1.025,0.718,1.463,0.891,0.534,0.429,0.64
"GSE31210",FALSE,"proliferation_matched","random",16,"CHAF1A|SCN7A|COX20|HSD3B7",4,1.256,0.907,1.74,0.169,0.549,0.433,0.665
"GSE31210",FALSE,"proliferation_matched","random",17,"ACTR3|ANO4|CEP68|TMEM171",4,0.954,0.67,1.359,0.794,0.545,0.45,0.641
"GSE31210",FALSE,"proliferation_matched","random",18,"CDK2AP1|EPC2|S100A9|TARDBP",4,1.507,1.167,1.945,0.00165,0.697,0.61,0.785
"GSE31210",FALSE,"proliferation_matched","random",19,"ATAD5|MBOAT7|CAPZA1|COL3A1",4,1.681,1.245,2.27,0.000706,0.677,0.583,0.772
"GSE31210",FALSE,"proliferation_matched","random",20,"TCF7L1|ACTN2|MTMR10|ZNF248",4,0.662,0.443,0.989,0.0438,0.609,0.508,0.709
"GSE31210",FALSE,"proliferation_matched","random",21,"PAK1|GMPPA|DHX37|PNISR",4,1.668,1.253,2.222,0.000465,0.707,0.611,0.802
"GSE31210",FALSE,"proliferation_matched","random",22,"BOLA3|CHIC1|DNAJC27|ACADL",4,0.444,0.283,0.694,0.000376,0.689,0.596,0.781
"GSE31210",FALSE,"proliferation_matched","random",23,"SNF8|ZNF581|POLQ|PTPN13",4,1.313,0.976,1.766,0.0718,0.617,0.52,0.714
"GSE31210",FALSE,"proliferation_matched","random",24,"KCND3|RSPO2|PAFAH1B3|CMC2",4,1.036,0.743,1.444,0.835,0.488,0.373,0.603
"GSE31210",FALSE,"proliferation_matched","random",25,"SLC16A1|TPI1|SKP2|ATP1A2",4,1.469,1.123,1.922,0.00496,0.619,0.506,0.731
"GSE31210",FALSE,"proliferation_matched","random",26,"MEA1|TACO1|METTL8|CYB5D2",4,1.219,0.895,1.661,0.208,0.57,0.464,0.675
"GSE31210",FALSE,"proliferation_matched","random",27,"RBM26|MED8|ANO4|COA4",4,0.873,0.598,1.275,0.483,0.526,0.421,0.631
"GSE31210",FALSE,"proliferation_matched","random",28,"MAPK6|UBE2T|UBE2L3|AASS",4,1.459,1.147,1.855,0.00208,0.713,0.633,0.793
"GSE31210",FALSE,"proliferation_matched","random",29,"TRAK1|GALNT1|KIF15|BRINP3",4,1.073,0.753,1.527,0.698,0.554,0.449,0.659
"GSE31210",FALSE,"proliferation_matched","random",30,"CAPS2|LRRC59|GATC|ARHGEF39",4,1.104,0.793,1.537,0.558,0.565,0.451,0.679
"GSE31210",FALSE,"proliferation_matched","random",31,"RFX2|ZMIZ2|MARCKSL1|LUZP2",4,0.997,0.698,1.423,0.985,0.521,0.417,0.625
"GSE31210",FALSE,"proliferation_matched","random",32,"PGP|TRIM63|DNAH1|CAV1",4,0.622,0.408,0.95,0.0278,0.633,0.546,0.72
"GSE31210",FALSE,"proliferation_matched","random",33,"REEP1|MID2|PACSIN1|NXPH3",4,0.58,0.37,0.909,0.0175,0.626,0.541,0.71
"GSE31210",FALSE,"proliferation_matched","random",34,"TRIP12|SERPINH1|NEK7|RAB8A",4,1.515,1.051,2.183,0.0259,0.625,0.53,0.721
"GSE31210",FALSE,"proliferation_matched","random",35,"CEP152|PLGRKT|CYBA|DOK4",4,1.4,1.088,1.801,0.00891,0.654,0.552,0.755
"GSE31210",FALSE,"proliferation_matched","random",36,"YPEL5|XRCC5|KCNN4|LUZP2",4,1.221,0.887,1.68,0.221,0.562,0.45,0.674
"GSE31210",FALSE,"proliferation_matched","random",37,"NCBP1|NUDT7|ETV1|NATD1",4,0.641,0.431,0.954,0.0282,0.649,0.549,0.748
"GSE31210",FALSE,"proliferation_matched","random",38,"ANKFY1|ZNF106|ZNF844|TNIP2",4,0.526,0.354,0.781,0.00146,0.659,0.564,0.755
"GSE31210",FALSE,"proliferation_matched","random",39,"C5orf46|PRDM5|TMX4|NDN",4,0.746,0.515,1.082,0.122,0.576,0.47,0.681
"GSE31210",FALSE,"proliferation_matched","random",40,"PLSCR1|IGFLR1|MBIP|KCTD5",4,1.418,1.027,1.959,0.034,0.603,0.504,0.701
"GSE31210",FALSE,"proliferation_matched","random",41,"MRPL13|TIMM50|HARBI1|RAVER2",4,1.346,1.003,1.807,0.048,0.645,0.556,0.735
"GSE31210",FALSE,"proliferation_matched","random",42,"DAPK1|DTYMK|MRPL42|LEPR",4,0.861,0.564,1.315,0.489,0.526,0.41,0.642
"GSE31210",FALSE,"proliferation_matched","random",43,"COL1A1|ORC6|C4BPA|ATP1B2",4,1.039,0.733,1.473,0.83,0.487,0.384,0.591
"GSE31210",FALSE,"proliferation_matched","random",44,"AKAP13|TMEM80|DDIAS|IL6R",4,0.631,0.413,0.964,0.0332,0.591,0.495,0.687
"GSE31210",FALSE,"proliferation_matched","random",45,"ABCA8|MRPL37|ANO3|MACROD2",4,0.585,0.376,0.91,0.0175,0.621,0.541,0.7
"GSE31210",FALSE,"proliferation_matched","random",46,"TMEM178A|USP12|RALGPS1|MND1",4,0.38,0.219,0.66,0.000599,0.718,0.616,0.819
"GSE31210",FALSE,"proliferation_matched","random",47,"RHOJ|COL12A1|PARP9|UBE2F",4,1.698,1.252,2.303,0.000657,0.673,0.572,0.774
"GSE31210",FALSE,"proliferation_matched","random",48,"PLCD1|ALDH6A1|SMAD4|BEND6",4,0.685,0.479,0.98,0.0384,0.629,0.523,0.734
"GSE31210",FALSE,"proliferation_matched","random",49,"KCNA5|CEP89|ATP2A2|MRPS35",4,1.436,1.122,1.838,0.00402,0.685,0.598,0.771
"GSE31210",FALSE,"proliferation_matched","random",50,"C8orf88|ARHGAP6|IFT172|LRP6",4,0.563,0.37,0.857,0.00736,0.644,0.557,0.731
"GSE31210",FALSE,"proliferation_matched","random",51,"TIMM8B|THBS2|PRKCE|DSG2",4,1.984,1.439,2.735,2.87e-05,0.712,0.626,0.798
"GSE31210",FALSE,"proliferation_matched","random",52,"CORO2B|GTPBP2|PAQR5|KRT6A",4,1.547,1.089,2.199,0.0149,0.583,0.482,0.684
"GSE31210",FALSE,"proliferation_matched","random",53,"MRPL51|MCMBP|TTC39B|PSMA5",4,1.559,1.186,2.048,0.00143,0.689,0.601,0.778
"GSE31210",FALSE,"proliferation_matched","random",54,"SMG8|UCHL1|SERBP1|SOS1",4,1.544,1.155,2.064,0.00338,0.681,0.588,0.774
"GSE31210",FALSE,"proliferation_matched","random",55,"BYSL|MRPL47|PZP|STOX2",4,1.247,0.916,1.697,0.162,0.557,0.447,0.667
"GSE31210",FALSE,"proliferation_matched","random",56,"CCNT2|TNNI3K|KCNK17|SLC4A5",4,0.371,0.233,0.591,3.04e-05,0.743,0.662,0.824
"GSE31210",FALSE,"proliferation_matched","random",57,"MACROD2|PDZD2|COLGALT1|OLA1",4,1.317,0.934,1.855,0.116,0.577,0.472,0.682
"GSE31210",FALSE,"proliferation_matched","random",58,"RNF7|PDE2A|CEP152|DIRAS3",4,1.023,0.702,1.489,0.907,0.524,0.428,0.619
"GSE31210",FALSE,"proliferation_matched","random",59,"HSD3B7|SOX5|SHROOM4|ENO1",4,1.064,0.76,1.488,0.719,0.548,0.445,0.652
"GSE31210",FALSE,"proliferation_matched","random",60,"CLUL1|ITIH3|AIMP2|KIF13A",4,0.766,0.516,1.138,0.187,0.571,0.469,0.674
"GSE31210",FALSE,"proliferation_matched","random",61,"SKIDA1|BMS1|ARPIN|RNF41",4,0.706,0.485,1.028,0.0697,0.578,0.487,0.67
"GSE31210",FALSE,"proliferation_matched","random",62,"PLP1|PGAM5|TOB2|FLRT3",4,0.666,0.443,1.001,0.0504,0.593,0.502,0.685
"GSE31210",FALSE,"proliferation_matched","random",63,"HMG20A|MYLIP|PTTG1|SYNPO",4,0.62,0.414,0.929,0.0205,0.615,0.504,0.726
"GSE31210",FALSE,"proliferation_matched","random",64,"NCAPG|ARHGEF39|THSD7B|B3GALT6",4,1.171,0.848,1.617,0.337,0.593,0.486,0.7
"GSE31210",FALSE,"proliferation_matched","random",65,"SAPCD2|ZNF462|TMEM106C|FAM117A",4,0.76,0.504,1.148,0.192,0.601,0.489,0.713
"GSE31210",FALSE,"proliferation_matched","random",66,"LIMCH1|C9orf16|UBE2N|POLR3D",4,1.55,1.118,2.15,0.00854,0.671,0.584,0.758
"GSE31210",FALSE,"proliferation_matched","random",67,"HYLS1|PARP1|NIPA2|PGC",4,1.461,1.107,1.928,0.00743,0.64,0.541,0.738
"GSE31210",FALSE,"proliferation_matched","random",68,"REV3L|HAUS1|EGFLAM|PCED1B",4,1.267,0.915,1.755,0.154,0.602,0.509,0.695
"GSE31210",FALSE,"proliferation_matched","random",69,"IFT74|ETS2|SFTPD|HMCN1",4,0.577,0.385,0.864,0.00757,0.658,0.564,0.752
"GSE31210",FALSE,"proliferation_matched","random",70,"NEIL3|MFSD12|RSPO1|EPB41L5",4,0.87,0.593,1.276,0.475,0.511,0.413,0.609
"GSE31210",FALSE,"proliferation_matched","random",71,"RHBDF2|CPD|PTDSS1|AK1",4,1.549,1.147,2.092,0.00427,0.679,0.595,0.764
"GSE31210",FALSE,"proliferation_matched","random",72,"OSBPL9|ANLN|TRMT1L|NEK5",4,0.586,0.386,0.89,0.0121,0.631,0.536,0.726
"GSE31210",FALSE,"proliferation_matched","random",73,"EXO1|ZNF214|ANKRD29|WDR75",4,0.96,0.664,1.387,0.828,0.516,0.417,0.615
"GSE31210",FALSE,"proliferation_matched","random",74,"ANKRD29|P4HA3|FRMD5|SHROOM4",4,1.177,0.847,1.636,0.332,0.538,0.426,0.649
"GSE31210",FALSE,"proliferation_matched","random",75,"POLE3|GSTA4|KIAA0408|RELB",4,0.924,0.639,1.334,0.672,0.51,0.413,0.607
"GSE31210",FALSE,"proliferation_matched","random",76,"SH3BGRL|PCBD2|SH3BGR|FANCG",4,0.592,0.395,0.886,0.0108,0.645,0.545,0.744
"GSE31210",FALSE,"proliferation_matched","random",77,"SPIDR|DIAPH3|REEP5|GDF10",4,0.711,0.472,1.071,0.102,0.583,0.494,0.672
"GSE31210",FALSE,"proliferation_matched","random",78,"ADAMTSL3|AXIN2|PREB|IL4I1",4,1.003,0.698,1.443,0.985,0.505,0.395,0.615
"GSE31210",FALSE,"proliferation_matched","random",79,"ITGA9|PLIN5|CDH19|BBS2",4,0.415,0.272,0.635,4.93e-05,0.728,0.646,0.811
"GSE31210",FALSE,"proliferation_matched","random",80,"GATAD2A|WDR76|THRA|RUFY3",4,0.514,0.336,0.787,0.0022,0.692,0.596,0.788
"GSE31210",FALSE,"proliferation_matched","random",81,"SLC2A5|HMCN1|NMU|C5orf46",4,1.456,1.117,1.897,0.00539,0.676,0.572,0.78
"GSE31210",FALSE,"proliferation_matched","random",82,"MTFR2|TYRP1|KLHL41|SCARA5",4,0.561,0.344,0.916,0.0209,0.641,0.546,0.735
"GSE31210",FALSE,"proliferation_matched","random",83,"OGN|ZNF559|CFL1|CARM1",4,1.29,0.925,1.799,0.133,0.552,0.452,0.653
"GSE31210",FALSE,"proliferation_matched","random",84,"MCM10|ECM2|NXPH3|BCLAF1",4,0.627,0.417,0.944,0.0253,0.63,0.535,0.725
"GSE31210",FALSE,"proliferation_matched","random",85,"BUB1|SP8|TEAD4|RABGEF1",4,1.386,1.08,1.778,0.0103,0.713,0.627,0.799
"GSE31210",FALSE,"proliferation_matched","random",86,"RERGL|MYH1|STXBP1|POLDIP3",4,0.554,0.347,0.884,0.0132,0.659,0.564,0.754
"GSE31210",FALSE,"proliferation_matched","random",87,"PIK3AP1|SLC20A1|FMO1|PTDSS1",4,1.516,1.124,2.046,0.00645,0.674,0.585,0.763
"GSE31210",FALSE,"proliferation_matched","random",88,"PRKAB1|SH3D19|CCND3|RIMKLB",4,0.528,0.345,0.81,0.00346,0.654,0.555,0.753
"GSE31210",FALSE,"proliferation_matched","random",89,"NTF3|ORMDL2|PDZD11|SERP2",4,1.287,0.944,1.755,0.111,0.6,0.5,0.7
"GSE31210",FALSE,"proliferation_matched","random",90,"BRMS1|SLC25A45|PSMB8|LDLRAD4",4,1.092,0.772,1.546,0.618,0.52,0.409,0.632
"GSE31210",FALSE,"proliferation_matched","random",91,"CEP135|GNPNAT1|PDK4|ATG3",4,1.351,0.973,1.876,0.0721,0.64,0.555,0.726
"GSE31210",FALSE,"proliferation_matched","random",92,"PRELP|RASL12|CAV2|DOCK4",4,0.517,0.308,0.866,0.0122,0.654,0.563,0.746
"GSE31210",FALSE,"proliferation_matched","random",93,"KAT6B|FCER1A|PDK2|CTSA",4,0.76,0.52,1.11,0.155,0.584,0.472,0.696
"GSE31210",FALSE,"proliferation_matched","random",94,"RPF2|LEPR|MOCOS|MCM7",4,1.333,1.005,1.768,0.0458,0.574,0.464,0.684
"GSE31210",FALSE,"proliferation_matched","random",95,"CLSPN|RNF213|FRS2|PIGR",4,0.977,0.689,1.385,0.895,0.506,0.398,0.614
"GSE31210",FALSE,"proliferation_matched","random",96,"MEX3D|GXYLT1|CYP4X1|CNP",4,1.107,0.781,1.571,0.568,0.515,0.402,0.627
"GSE31210",FALSE,"proliferation_matched","random",97,"SLC25A27|SHROOM3|MAN1C1|DSC2",4,0.6,0.38,0.947,0.0281,0.666,0.569,0.763
"GSE31210",FALSE,"proliferation_matched","random",98,"PGM5|AURKA|RGS19|SLTM",4,0.776,0.525,1.146,0.202,0.571,0.471,0.671
"GSE31210",FALSE,"proliferation_matched","random",99,"CCSER2|SCGB1A1|VRK1|F10",4,0.665,0.433,1.023,0.0633,0.61,0.517,0.703
"GSE31210",FALSE,"proliferation_matched","random",100,"EIF5|LTBP4|TAL1|TPPP",4,0.566,0.349,0.918,0.0211,0.62,0.524,0.717
"GSE31210",FALSE,"proliferation_matched","random",101,"APOL2|LTBP4|TNFSF11|MMRN1",4,1.054,0.746,1.49,0.766,0.506,0.398,0.614
"GSE31210",FALSE,"proliferation_matched","random",102,"ABAT|SLC25A10|SLC7A1|PPP1R13B",4,0.975,0.682,1.393,0.889,0.491,0.383,0.6
"GSE31210",FALSE,"proliferation_matched","random",103,"TET3|PRDM5|TDRD10|SLC20A1",4,0.713,0.488,1.042,0.0806,0.591,0.485,0.697
"GSE31210",FALSE,"proliferation_matched","random",104,"STK33|WFDC1|FUCA2|MTFP1",4,1.168,0.862,1.583,0.315,0.541,0.439,0.644
"GSE31210",FALSE,"proliferation_matched","random",105,"FGFR3|DNAH7|RAB8A|PLXNA3",4,1.246,0.888,1.748,0.203,0.509,0.393,0.626
"GSE31210",FALSE,"proliferation_matched","random",106,"PTCH1|STEAP1B|MRPL32|FANCD2",4,1.387,1.052,1.83,0.0206,0.588,0.478,0.699
"GSE31210",FALSE,"proliferation_matched","random",107,"ZBTB20|SHC3|SMDT1|PRELP",4,0.584,0.398,0.858,0.00616,0.664,0.568,0.76
"GSE31210",FALSE,"proliferation_matched","random",108,"TMEM9B|SRP19|XRCC5|DPP6",4,1.63,1.255,2.116,0.000248,0.634,0.521,0.747
"GSE31210",FALSE,"proliferation_matched","random",109,"SRPK1|XPC|RFC2|STEAP1B",4,1.329,1.026,1.721,0.0312,0.578,0.474,0.683
"GSE31210",FALSE,"proliferation_matched","random",110,"PRPF4|PPP6R1|ABLIM1|DLX3",4,1.12,0.77,1.631,0.553,0.476,0.351,0.6
"GSE31210",FALSE,"proliferation_matched","random",111,"IL6ST|TSKU|ZSCAN18|ZWINT",4,1.174,0.852,1.618,0.327,0.575,0.469,0.681
"GSE31210",FALSE,"proliferation_matched","random",112,"RACGAP1|EIF4E3|SLC38A7|RMDN2",4,1.306,0.946,1.803,0.105,0.624,0.532,0.716
"GSE31210",FALSE,"proliferation_matched","random",113,"TUBG1|CTHRC1|CDC7|NUS1",4,1.563,1.168,2.092,0.00269,0.713,0.645,0.78
"GSE31210",FALSE,"proliferation_matched","random",114,"CMAS|SLC7A1|CEP152|CENPF",4,1.473,1.149,1.89,0.00228,0.671,0.573,0.769
"GSE31210",FALSE,"proliferation_matched","random",115,"COCH|NEDD9|MAST2|UST",4,0.777,0.517,1.166,0.222,0.633,0.529,0.736
"GSE31210",FALSE,"proliferation_matched","random",116,"PLEKHM3|SNX6|FBXO38|DNPEP",4,1.017,0.707,1.462,0.927,0.529,0.417,0.642
"GSE31210",FALSE,"proliferation_matched","random",117,"CARD14|HSPB2|PPP1R13B|ARHGAP5",4,0.549,0.354,0.851,0.00728,0.649,0.548,0.75
"GSE31210",FALSE,"proliferation_matched","random",118,"SPIDR|PLOD1|ESCO2|PCF11",4,0.998,0.7,1.421,0.99,0.48,0.386,0.574
"GSE31210",FALSE,"proliferation_matched","random",119,"CYP1B1|MOV10|HNRNPA3|KLHL20",4,0.475,0.308,0.733,0.00078,0.684,0.585,0.782
"GSE31210",FALSE,"proliferation_matched","random",120,"FTSJ3|RBM27|COL4A3|HERC1",4,0.372,0.238,0.583,1.55e-05,0.758,0.686,0.83
"GSE31210",FALSE,"proliferation_matched","random",121,"WWP2|TIMM8A|C1orf116|VPS53",4,0.549,0.366,0.825,0.00386,0.656,0.56,0.751
"GSE31210",FALSE,"proliferation_matched","random",122,"FMO4|GAS2|SP8|PGC",4,0.712,0.461,1.101,0.127,0.595,0.483,0.708
"GSE31210",FALSE,"proliferation_matched","random",123,"UBE2L3|UBALD2|CAB39L|MOCS1",4,1.021,0.713,1.462,0.908,0.527,0.415,0.639
"GSE31210",FALSE,"proliferation_matched","random",124,"RELT|TNRC6B|SH3D19|SCGB3A1",4,0.564,0.372,0.857,0.00727,0.671,0.572,0.77
"GSE31210",FALSE,"proliferation_matched","random",125,"MYH10|ATXN7|PMM1|PTBP3",4,0.62,0.425,0.905,0.0133,0.644,0.54,0.747
"GSE31210",FALSE,"proliferation_matched","random",126,"GGH|PPIA|ABCA12|DGUOK",4,1.9,1.435,2.514,7.23e-06,0.741,0.649,0.833
"GSE31210",FALSE,"proliferation_matched","random",127,"TMEM165|CCDC186|PSMC2|SLC41A1",4,1.154,0.813,1.639,0.422,0.534,0.429,0.638
"GSE31210",FALSE,"proliferation_matched","random",128,"RAB8A|LRIG1|UCHL1|TIMM8A",4,1.236,0.925,1.653,0.152,0.596,0.494,0.698
"GSE31210",FALSE,"proliferation_matched","random",129,"ENY2|RSPO2|HTR3A|RBL1",4,1.156,0.898,1.487,0.26,0.583,0.481,0.685
"GSE31210",FALSE,"proliferation_matched","random",130,"CLCN6|KLF15|REV3L|ATF5",4,0.597,0.413,0.863,0.00601,0.633,0.526,0.739
"GSE31210",FALSE,"proliferation_matched","random",131,"DPP3|KL|CASP2|KIFC1",4,1.309,0.977,1.754,0.0712,0.621,0.528,0.714
"GSE31210",FALSE,"proliferation_matched","random",132,"NEDD1|HSPD1|FNDC1|TPPP3",4,1.694,1.281,2.239,0.000214,0.667,0.568,0.767
"GSE31210",FALSE,"proliferation_matched","random",133,"RCC2|FAM189A2|FGFR3|CBX3",4,1.093,0.773,1.544,0.615,0.534,0.43,0.639
"GSE31210",FALSE,"proliferation_matched","random",134,"CDC25A|NHLRC2|ZDHHC18|ZHX1-C8orf76",4,1.186,0.848,1.658,0.318,0.568,0.447,0.689
"GSE31210",FALSE,"proliferation_matched","random",135,"SAMD9L|GRB2|METTL7A|PLXNA2",4,1.279,0.899,1.82,0.172,0.563,0.446,0.681
"GSE31210",FALSE,"proliferation_matched","random",136,"IL6ST|ZNF844|PLXNA3|DIABLO",4,0.964,0.671,1.385,0.841,0.518,0.419,0.617
"GSE31210",FALSE,"proliferation_matched","random",137,"VRK1|SEC61G|EPM2A|CLEC4F",4,0.859,0.578,1.275,0.45,0.593,0.511,0.676
"GSE31210",FALSE,"proliferation_matched","random",138,"ENOPH1|TICRR|ZNF471|RSPO2",4,0.824,0.557,1.219,0.332,0.506,0.406,0.605
"GSE31210",FALSE,"proliferation_matched","random",139,"CPD|COLEC12|HDGF|CCT7",4,1.41,1.032,1.925,0.031,0.658,0.576,0.74
"GSE31210",FALSE,"proliferation_matched","random",140,"SERINC1|POLD1|KIF20A|FANCA",4,1.317,1.02,1.7,0.0345,0.664,0.566,0.762
"GSE31210",FALSE,"proliferation_matched","random",141,"ZNF516|MAOA|SHOX2|IYD",4,0.601,0.379,0.952,0.0299,0.64,0.543,0.737
"GSE31210",FALSE,"proliferation_matched","random",142,"SPTBN1|STRIP2|SKA2|SEC61G",4,0.983,0.697,1.388,0.924,0.502,0.384,0.62
"GSE31210",FALSE,"proliferation_matched","random",143,"CITED2|EIF5|CTSB|ZNF106",4,1.145,0.81,1.618,0.445,0.54,0.445,0.634
"GSE31210",FALSE,"proliferation_matched","random",144,"THOP1|RYR3|EIF2AK1|ENOPH1",4,1.121,0.796,1.58,0.514,0.551,0.452,0.649
"GSE31210",FALSE,"proliferation_matched","random",145,"PTGES|NOP16|LRRC15|DACH2",4,1.376,1.092,1.733,0.00676,0.647,0.544,0.75
"GSE31210",FALSE,"proliferation_matched","random",146,"RRP36|ANO3|THUMPD3|ERBB4",4,1.107,0.815,1.503,0.517,0.574,0.469,0.678
"GSE31210",FALSE,"proliferation_matched","random",147,"GCOM1|KIF22|SOS1|SCNN1B",4,1.187,0.841,1.675,0.33,0.548,0.431,0.665
"GSE31210",FALSE,"proliferation_matched","random",148,"PDCD2L|MEOX2|FLRT3|PPP2R5A",4,0.456,0.293,0.711,0.000529,0.688,0.589,0.787
"GSE31210",FALSE,"proliferation_matched","random",149,"PARP12|SLC35B1|TNFRSF4|RNF26",4,1.717,1.248,2.363,0.000898,0.675,0.577,0.772
"GSE31210",FALSE,"proliferation_matched","random",150,"MRPS12|NPY1R|FAM83A|RPAP3",4,1.342,1.037,1.736,0.0253,0.61,0.511,0.708
"GSE31210",FALSE,"proliferation_matched","random",151,"SLC4A5|ANAPC1|TMEM51|HMMR",4,1.507,1.128,2.014,0.00555,0.643,0.54,0.745
"GSE31210",FALSE,"proliferation_matched","random",152,"C3orf18|NUDT7|SFMBT1|PTBP3",4,1.187,0.871,1.619,0.278,0.557,0.451,0.664
"GSE31210",FALSE,"proliferation_matched","random",153,"THOP1|JDP2|GPI|NCAPH",4,1.34,1.03,1.743,0.029,0.663,0.574,0.751
"GSE31210",FALSE,"proliferation_matched","random",154,"DAPK2|RNF180|GABPA|NUDT12",4,0.354,0.219,0.573,2.41e-05,0.749,0.678,0.821
"GSE31210",FALSE,"proliferation_matched","random",155,"ZNF395|PLOD3|PHACTR2|FAT3",4,0.642,0.413,0.998,0.0489,0.584,0.478,0.69
"GSE31210",FALSE,"proliferation_matched","random",156,"YAP1|BEX4|TEK|MICU3",4,0.538,0.364,0.796,0.00191,0.673,0.574,0.773
"GSE31210",FALSE,"proliferation_matched","random",157,"IRX2|GAR1|FAM174A|FOLR1",4,0.522,0.338,0.806,0.00334,0.655,0.551,0.759
"GSE31210",FALSE,"proliferation_matched","random",158,"CDV3|LONRF1|NUDT7|NUP62",4,1.248,0.874,1.782,0.223,0.542,0.446,0.638
"GSE31210",FALSE,"proliferation_matched","random",159,"ARHGEF40|CTSL|PGR|PTPRM",4,0.846,0.574,1.247,0.398,0.549,0.449,0.649
"GSE31210",FALSE,"proliferation_matched","random",160,"CYP27B1|RUFY2|PRMT1|SMARCA5",4,0.424,0.272,0.662,0.000162,0.716,0.63,0.802
"GSE31210",FALSE,"proliferation_matched","random",161,"PTP4A2|SLC27A3|NME1|AP3D1",4,1.387,0.996,1.932,0.0527,0.614,0.519,0.708
"GSE31210",FALSE,"proliferation_matched","random",162,"ETS2|CCDC142|VOPP1|CKMT2",4,1.227,0.89,1.692,0.212,0.527,0.412,0.642
"GSE31210",FALSE,"proliferation_matched","random",163,"KIF3C|FAM160A2|TCEAL2|FIBP",4,1.316,1.015,1.706,0.0385,0.603,0.501,0.705
"GSE31210",FALSE,"proliferation_matched","random",164,"TSPAN7|TRIM71|GOLGA6L4|RIMKLB",4,0.279,0.147,0.528,8.82e-05,0.727,0.647,0.807
"GSE31210",FALSE,"proliferation_matched","random",165,"TLR5|SRD5A3|KPNB1|TOR1A",4,1.751,1.314,2.334,0.000129,0.672,0.577,0.768
"GSE31210",FALSE,"proliferation_matched","random",166,"ASPA|KIAA1671|KLHL5|GPIHBP1",4,0.538,0.332,0.873,0.0121,0.638,0.538,0.737
"GSE31210",FALSE,"proliferation_matched","random",167,"ERCC6L|UCHL5|ATOX1|B4GALT4",4,1.528,1.18,1.978,0.00131,0.681,0.589,0.774
"GSE31210",FALSE,"proliferation_matched","random",168,"ZC3H6|EPS15|HYI|IBA57",4,0.378,0.246,0.581,8.93e-06,0.76,0.689,0.832
"GSE31210",FALSE,"proliferation_matched","random",169,"MYH11|NDUFA12|EGFLAM|HMOX1",4,2.233,1.587,3.14,3.94e-06,0.695,0.607,0.782
"GSE31210",FALSE,"proliferation_matched","random",170,"BCHE|B4GALT4|CRIM1|SHMT2",4,0.956,0.657,1.39,0.812,0.564,0.451,0.677
"GSE31210",FALSE,"proliferation_matched","random",171,"LMNB1|WDFY2|PPP1R13B|SGCA",4,0.441,0.28,0.694,0.00041,0.703,0.611,0.794
"GSE31210",FALSE,"proliferation_matched","random",172,"RABIF|TCEAL2|FANCB|PSMC3IP",4,1.226,0.9,1.67,0.197,0.595,0.508,0.683
"GSE31210",FALSE,"proliferation_matched","random",173,"FBXL3|CYB5A|FASTK|TBC1D31",4,1.184,0.843,1.663,0.329,0.539,0.431,0.647
"GSE31210",FALSE,"proliferation_matched","random",174,"IGSF10|NRAS|POLR2D|ASF1A",4,1.011,0.708,1.444,0.951,0.5,0.399,0.601
"GSE31210",FALSE,"proliferation_matched","random",175,"CDKL2|RPS6KB2|ZCWPW2|ZDHHC17",4,0.478,0.326,0.703,0.000173,0.704,0.627,0.78
"GSE31210",FALSE,"proliferation_matched","random",176,"ADAMTS17|CLIC1|TTC9C|FAM160A2",4,1.558,1.153,2.105,0.00387,0.628,0.522,0.735
"GSE31210",FALSE,"proliferation_matched","random",177,"CORO2B|SLC2A1|RHOBTB2|CACUL1",4,1.304,0.917,1.854,0.139,0.569,0.473,0.664
"GSE31210",FALSE,"proliferation_matched","random",178,"NEDD1|ZDHHC5|STOX2|COL21A1",4,1.038,0.733,1.469,0.834,0.525,0.428,0.622
"GSE31210",FALSE,"proliferation_matched","random",179,"KNTC1|TUBA1B|NFE2L2|IL1R2",4,1.492,1.174,1.896,0.00107,0.686,0.592,0.781
"GSE31210",FALSE,"proliferation_matched","random",180,"TBX2|MEF2D|NDE1|GSTA1",4,0.649,0.428,0.984,0.042,0.634,0.529,0.739
"GSE31210",FALSE,"proliferation_matched","random",181,"TMEM50B|STEAP1B|SRRD|PREB",4,1.105,0.782,1.56,0.572,0.562,0.475,0.649
"GSE31210",FALSE,"proliferation_matched","random",182,"PLA2G1B|APOL2|ARHGEF15|ACSM3",4,0.834,0.554,1.257,0.386,0.566,0.468,0.664
"GSE31210",FALSE,"proliferation_matched","random",183,"SOX6|PRICKLE2|NUDT7|PDE2A",4,0.521,0.343,0.792,0.00229,0.666,0.57,0.761
"GSE31210",FALSE,"proliferation_matched","random",184,"ASPM|ATG3|SACM1L|TTBK2",4,1.019,0.711,1.462,0.918,0.517,0.408,0.625
"GSE31210",FALSE,"proliferation_matched","random",185,"KANK3|ZW10|ZCWPW2|PLAA",4,0.926,0.646,1.328,0.675,0.489,0.383,0.594
"GSE31210",FALSE,"proliferation_matched","random",186,"GTPBP2|CLK1|PREB|LILRB4",4,1.102,0.773,1.57,0.592,0.565,0.474,0.655
"GSE31210",FALSE,"proliferation_matched","random",187,"DISP1|SUMO4|FAM76A|RPAP2",4,0.774,0.521,1.15,0.205,0.551,0.453,0.65
"GSE31210",FALSE,"proliferation_matched","random",188,"FAM117A|PHB|FANCD2|GPRASP1",4,0.923,0.638,1.334,0.669,0.545,0.433,0.657
"GSE31210",FALSE,"proliferation_matched","random",189,"CACNA2D2|USP54|PNKP|DDX39A",4,0.881,0.602,1.29,0.514,0.526,0.423,0.63
"GSE31210",FALSE,"proliferation_matched","random",190,"KANSL1L|NACC1|EPM2A|COQ2",4,0.664,0.444,0.993,0.0461,0.624,0.529,0.718
"GSE31210",FALSE,"proliferation_matched","random",191,"DUS1L|SCNN1G|B3GALT2|ATXN3",4,0.345,0.212,0.562,1.89e-05,0.73,0.642,0.818
"GSE31210",FALSE,"proliferation_matched","random",192,"CCNB1|MRPL19|LHX2|FNDC3B",4,1.647,1.255,2.163,0.000325,0.718,0.642,0.795
"GSE31210",FALSE,"proliferation_matched","random",193,"PNRC2|GINS3|CD302|IKBKE",4,0.803,0.557,1.158,0.24,0.554,0.44,0.668
"GSE31210",FALSE,"proliferation_matched","random",194,"DHRS3|CYP1B1|CINP|PRDX4",4,1.443,1.036,2.009,0.0301,0.63,0.547,0.713
"GSE31210",FALSE,"proliferation_matched","random",195,"E2F8|OAS3|DSN1|MYH11",4,1.383,1.011,1.892,0.0427,0.581,0.471,0.69
"GSE31210",FALSE,"proliferation_matched","random",196,"PPME1|ZBTB21|SLC48A1|MRPS30",4,1.723,1.248,2.381,0.00096,0.646,0.55,0.743
"GSE31210",FALSE,"proliferation_matched","random",197,"GNL1|ARHGAP31|RPS6KA4|RMDN1",4,0.796,0.545,1.161,0.236,0.6,0.488,0.712
"GSE31210",FALSE,"proliferation_matched","random",198,"PBK|WDFY3|UBR3|APOL2",4,0.784,0.521,1.181,0.244,0.568,0.46,0.677
"GSE31210",FALSE,"proliferation_matched","random",199,"PSRC1|ARPC1B|C4BPA|PIF1",4,1.248,0.907,1.718,0.174,0.615,0.513,0.717
"GSE31210",FALSE,"proliferation_matched","random",200,"NATD1|PPM1A|CFL1|E2F2",4,1.099,0.775,1.56,0.595,0.497,0.395,0.598
"GSE31210",FALSE,"proliferation_matched","random",201,"RCCD1|WDR12|ZYG11B|ESD",4,1.336,0.98,1.821,0.0667,0.601,0.493,0.709
"GSE31210",FALSE,"proliferation_matched","random",202,"TUB|ABLIM2|TXNRD1|SIGLEC6",4,0.542,0.344,0.853,0.00805,0.665,0.555,0.776
"GSE31210",FALSE,"proliferation_matched","random",203,"PTGES2|RECQL4|HSPB7|LARP1",4,1.21,0.854,1.714,0.283,0.542,0.426,0.657
"GSE31210",FALSE,"proliferation_matched","random",204,"DMD|ZBTB16|C17orf58|EID1",4,0.366,0.219,0.611,0.000121,0.719,0.629,0.809
"GSE31210",FALSE,"proliferation_matched","random",205,"ZC2HC1C|ESYT2|TUBA3C|LCAT",4,0.705,0.477,1.04,0.0781,0.63,0.525,0.736
"GSE31210",FALSE,"proliferation_matched","random",206,"KRT19|TNRC6B|POLR2G|EML1",4,1.293,0.929,1.8,0.127,0.565,0.47,0.659
"GSE31210",FALSE,"proliferation_matched","random",207,"ATP2A2|RNF213|OAS3|TNFRSF19",4,1.46,1.093,1.949,0.0103,0.641,0.536,0.746
"GSE31210",FALSE,"proliferation_matched","random",208,"FANCB|HYI|PRG4|C8orf76",4,1.02,0.716,1.453,0.914,0.528,0.423,0.633
"GSE31210",FALSE,"proliferation_matched","random",209,"AURKB|ADHFE1|PTBP3|FRAT1",4,1.079,0.763,1.524,0.668,0.53,0.423,0.637
"GSE31210",FALSE,"proliferation_matched","random",210,"CDCA4|ZC3H8|TICRR|NTNG1",4,1.181,0.856,1.629,0.311,0.555,0.442,0.667
"GSE31210",FALSE,"proliferation_matched","random",211,"RAC1|SLC12A7|HIPK1|CA3",4,1.152,0.864,1.534,0.335,0.632,0.548,0.716
"GSE31210",FALSE,"proliferation_matched","random",212,"MRPS16|UHRF1|GPI|SLC35B1",4,1.664,1.248,2.219,0.000527,0.704,0.615,0.793
"GSE31210",FALSE,"proliferation_matched","random",213,"CDV3|PLEKHM3|IHH|SRRT",4,1.27,0.907,1.78,0.164,0.573,0.475,0.671
"GSE31210",FALSE,"proliferation_matched","random",214,"LSM5|GBP1|MCM7|UBE2I",4,1.282,0.945,1.738,0.11,0.542,0.434,0.65
"GSE31210",FALSE,"proliferation_matched","random",215,"ICMT|SPAG4|PDE8B|KLHL5",4,1.395,1.061,1.833,0.017,0.67,0.573,0.767
"GSE31210",FALSE,"proliferation_matched","random",216,"ERBB4|MRPS24|TFG|COQ4",4,1.478,1.125,1.943,0.00509,0.66,0.555,0.764
"GSE31210",FALSE,"proliferation_matched","random",217,"MICB|SMARCA2|ITGBL1|ANKS1A",4,0.448,0.297,0.675,0.000125,0.735,0.652,0.817
"GSE31210",FALSE,"proliferation_matched","random",218,"MCM10|COPB2|TOR1A|KLHDC7B",4,1.738,1.358,2.224,1.14e-05,0.719,0.619,0.818
"GSE31210",FALSE,"proliferation_matched","random",219,"SPP1|SCNM1|ATXN3|TTC9C",4,1.598,1.271,2.009,5.88e-05,0.701,0.609,0.793
"GSE31210",FALSE,"proliferation_matched","random",220,"MND1|C20orf194|CYP4X1|BAIAP2L1",4,0.891,0.611,1.3,0.549,0.521,0.411,0.63
"GSE31210",FALSE,"proliferation_matched","random",221,"ARHGDIA|SLC5A6|CCDC186|FEZ1",4,0.853,0.583,1.248,0.413,0.558,0.446,0.67
"GSE31210",FALSE,"proliferation_matched","random",222,"RFC4|MCTS1|AXIN2|KIF23",4,1.326,1.078,1.63,0.00744,0.709,0.612,0.806
"GSE31210",FALSE,"proliferation_matched","random",223,"LCAT|HEATR1|EPM2A|C9orf40",4,0.744,0.502,1.101,0.139,0.62,0.511,0.729
"GSE31210",FALSE,"proliferation_matched","random",224,"SULF1|UBE2Z|SAMD9|LRRC36",4,1.665,1.285,2.157,0.000115,0.678,0.582,0.774
"GSE31210",FALSE,"proliferation_matched","random",225,"RECQL|RRP36|TOR1B|PTPRS",4,1.303,0.931,1.825,0.123,0.553,0.441,0.665
"GSE31210",FALSE,"proliferation_matched","random",226,"PPP3R1|DBF4B|ZNF267|GAPDH",4,1.701,1.246,2.321,0.000811,0.681,0.588,0.775
"GSE31210",FALSE,"proliferation_matched","random",227,"CALU|GPALPP1|BORA|GATC",4,1.242,0.874,1.765,0.226,0.57,0.454,0.685
"GSE31210",FALSE,"proliferation_matched","random",228,"ADAM12|DBF4B|NRBP1|CCNT2",4,1.111,0.778,1.587,0.562,0.531,0.407,0.654
"GSE31210",FALSE,"proliferation_matched","random",229,"SMAD9|FANCD2|ARHGAP11B|NABP2",4,1.169,0.903,1.515,0.236,0.593,0.48,0.707
"GSE31210",FALSE,"proliferation_matched","random",230,"SOBP|BRAF|FAM214B|ZW10",4,1.137,0.857,1.51,0.374,0.599,0.48,0.718
"GSE31210",FALSE,"proliferation_matched","random",231,"KIAA0513|TNPO3|ECE2|SCARA5",4,0.816,0.544,1.225,0.327,0.569,0.461,0.677
"GSE31210",FALSE,"proliferation_matched","random",232,"GPD2|DCAF10|LDB2|ADCY9",4,0.944,0.654,1.364,0.76,0.476,0.37,0.582
"GSE31210",FALSE,"proliferation_matched","random",233,"SCARA3|AGTR1|DNA2|SAMD9L",4,0.839,0.569,1.237,0.375,0.531,0.423,0.638
"GSE31210",FALSE,"proliferation_matched","random",234,"SCN7A|BUB1|NOSTRIN|PZP",4,0.59,0.362,0.963,0.0347,0.623,0.528,0.718
"GSE31210",FALSE,"proliferation_matched","random",235,"EGFLAM|IL6ST|APEX2|ATP2A2",4,1.529,1.11,2.107,0.00944,0.648,0.555,0.742
"GSE31210",FALSE,"proliferation_matched","random",236,"PARPBP|SRPRB|APOL1|RTN4RL1",4,1.462,1.15,1.857,0.00191,0.688,0.589,0.786
"GSE31210",FALSE,"proliferation_matched","random",237,"MAML3|TRPA1|POLA2|HAPLN3",4,1.169,0.884,1.546,0.273,0.588,0.485,0.691
"GSE31210",FALSE,"proliferation_matched","random",238,"STAMBP|TOB1|BTG2|ARHGDIA",4,0.985,0.689,1.407,0.932,0.5,0.393,0.607
"GSE31210",FALSE,"proliferation_matched","random",239,"PPP2CA|CCL14|KLHL5|SRSF5",4,0.934,0.648,1.346,0.714,0.497,0.391,0.604
"GSE31210",FALSE,"proliferation_matched","random",240,"HNRNPA2B1|PRC1|MAPRE1|MELK",4,1.458,1.173,1.814,0.000695,0.727,0.644,0.811
"GSE31210",FALSE,"proliferation_matched","random",241,"MSANTD2|KCNRG|SMCO3|HECTD1",4,0.413,0.258,0.66,0.000222,0.721,0.633,0.81
"GSE31210",FALSE,"proliferation_matched","random",242,"SERPINH1|MYO19|EFEMP1|SLC8A3",4,0.944,0.647,1.377,0.764,0.493,0.358,0.627
"GSE31210",FALSE,"proliferation_matched","random",243,"ABCA8|MIF|ARHGAP44|MRPL47",4,1.106,0.789,1.55,0.557,0.541,0.436,0.647
"GSE31210",FALSE,"proliferation_matched","random",244,"APPBP2|TIMM17A|GOLM1|RPS6KB2",4,1.331,0.943,1.879,0.104,0.571,0.474,0.668
"GSE31210",FALSE,"proliferation_matched","random",245,"KCND3|PTPN21|MASTL|RAD54B",4,0.854,0.572,1.274,0.439,0.564,0.451,0.677
"GSE31210",FALSE,"proliferation_matched","random",246,"PRIM1|ACTN1|SEC61A1|HDC",4,1.402,1.108,1.775,0.00494,0.674,0.577,0.771
"GSE31210",FALSE,"proliferation_matched","random",247,"CDCP1|COL7A1|HELQ|TSPAN7",4,0.779,0.512,1.187,0.245,0.621,0.519,0.723
"GSE31210",FALSE,"proliferation_matched","random",248,"ANGEL2|SAAL1|PDSS1|PARPBP",4,1.048,0.759,1.448,0.775,0.513,0.395,0.631
"GSE31210",FALSE,"proliferation_matched","random",249,"UBR2|SYNC|CDCA8|WDR76",4,0.799,0.525,1.215,0.294,0.551,0.44,0.663
"GSE31210",FALSE,"proliferation_matched","random",250,"GNPNAT1|AGO4|F10|KIAA0513",4,0.562,0.391,0.81,0.00198,0.696,0.611,0.78
"GSE31210",FALSE,"proliferation_matched","random",251,"ATF5|SGSM1|NUP205|LYRM7",4,0.733,0.5,1.074,0.111,0.578,0.476,0.68
"GSE31210",FALSE,"proliferation_matched","random",252,"XPO6|MRPL3|SMCO3|COA4",4,1.386,1.035,1.858,0.0287,0.656,0.561,0.751
"GSE31210",FALSE,"proliferation_matched","random",253,"DNAJC2|NTRK2|CKAP4|USP54",4,0.92,0.628,1.346,0.667,0.506,0.398,0.614
"GSE31210",FALSE,"proliferation_matched","random",254,"KIF3C|NKAPL|RAC1|RPP30",4,1.941,1.443,2.609,1.15e-05,0.716,0.631,0.8
"GSE31210",FALSE,"proliferation_matched","random",255,"BRCA1|MCM10|HYI|ZEB2",4,1.079,0.744,1.564,0.689,0.523,0.414,0.632
"GSE31210",FALSE,"proliferation_matched","random",256,"TRPT1|PFDN2|SAAL1|PRICKLE2",4,1.076,0.763,1.518,0.675,0.51,0.407,0.613
"GSE31210",FALSE,"proliferation_matched","random",257,"KPNA2|CASP3|TEX2|MEOX2",4,1.441,1.05,1.978,0.0238,0.599,0.496,0.701
"GSE31210",FALSE,"proliferation_matched","random",258,"HSD17B6|ITGA10|TDP1|GPALPP1",4,0.46,0.288,0.734,0.00113,0.664,0.564,0.765
"GSE31210",FALSE,"proliferation_matched","random",259,"PAFAH1B3|FAM184A|C1orf21|PLIN2",4,0.814,0.535,1.238,0.336,0.589,0.483,0.695
"GSE31210",FALSE,"proliferation_matched","random",260,"SYNJ2|PAICS|BRAF|MEA1",4,1.407,1.031,1.922,0.0316,0.639,0.538,0.741
"GSE31210",FALSE,"proliferation_matched","random",261,"GPR107|ITIH5|SPAG5|RGS19",4,1.396,1.012,1.925,0.0421,0.6,0.497,0.703
"GSE31210",FALSE,"proliferation_matched","random",262,"SLC38A7|ERBB4|SRRD|EPHX4",4,1.412,1.084,1.838,0.0104,0.685,0.604,0.766
"GSE31210",FALSE,"proliferation_matched","random",263,"KCNK3|TMEM163|TPPP3|FBXO45",4,0.69,0.44,1.083,0.107,0.607,0.51,0.704
"GSE31210",FALSE,"proliferation_matched","random",264,"CYP2U1|PELI2|FAM117A|PDK1",4,0.397,0.257,0.613,3.04e-05,0.722,0.638,0.805
"GSE31210",FALSE,"proliferation_matched","random",265,"HSD3B7|MVB12B|GJB3|KANSL1L",4,1.451,1.047,2.011,0.0254,0.596,0.487,0.706
"GSE31210",FALSE,"proliferation_matched","random",266,"PHB|NFIA|LANCL2|OSCP1",4,0.847,0.571,1.257,0.409,0.599,0.514,0.684
"GSE31210",FALSE,"proliferation_matched","random",267,"CTDSPL|MGME1|GNAI3|DYNC2H1",4,1.976,1.411,2.768,7.48e-05,0.671,0.566,0.775
"GSE31210",FALSE,"proliferation_matched","random",268,"MASP1|AXIN2|LRP6|NTRK3",4,0.588,0.382,0.905,0.0157,0.621,0.531,0.711
"GSE31210",FALSE,"proliferation_matched","random",269,"RIPK2|GPM6A|WWP2|ITPR1",4,0.671,0.438,1.028,0.0668,0.606,0.503,0.709
"GSE31210",FALSE,"proliferation_matched","random",270,"NPR2|ARHGEF40|LIFR|ANGEL2",4,0.415,0.265,0.649,0.000116,0.73,0.651,0.809
"GSE31210",FALSE,"proliferation_matched","random",271,"TRAIP|SCGB3A1|MAGI2|PEMT",4,0.694,0.461,1.046,0.0811,0.584,0.487,0.682
"GSE31210",FALSE,"proliferation_matched","random",272,"LHX2|KRT222|VRK1|FAT3",4,0.806,0.525,1.236,0.322,0.57,0.48,0.659
"GSE31210",FALSE,"proliferation_matched","random",273,"RUFY2|NEDD1|FBXO5|FHL1",4,0.704,0.484,1.025,0.0668,0.605,0.512,0.697
"GSE31210",FALSE,"proliferation_matched","random",274,"S100A2|RPL39L|NKX3-2|ANKFY1",4,1.308,0.979,1.748,0.0691,0.598,0.492,0.705
"GSE31210",FALSE,"proliferation_matched","random",275,"GPD1L|UNG|PTCHD1|TSPYL1",4,0.555,0.356,0.866,0.00943,0.625,0.529,0.721
"GSE31210",FALSE,"proliferation_matched","random",276,"ASPA|SAE1|TBCB|SYNDIG1L",4,0.91,0.629,1.316,0.616,0.526,0.421,0.63
"GSE31210",FALSE,"proliferation_matched","random",277,"DAPK2|PTGDS|PPARGC1A|PEBP4",4,0.493,0.303,0.801,0.00432,0.687,0.598,0.776
"GSE31210",FALSE,"proliferation_matched","random",278,"ESYT3|SMTNL2|HSD3B7|RUNX2",4,1.181,0.847,1.647,0.326,0.553,0.454,0.652
"GSE31210",FALSE,"proliferation_matched","random",279,"ARRDC3|CCDC121|KCNK12|PIM2",4,0.433,0.272,0.688,0.000401,0.702,0.609,0.795
"GSE31210",FALSE,"proliferation_matched","random",280,"NDUFA12|TCF7L2|SF3B3|TNFRSF9",4,1.533,1.096,2.146,0.0126,0.603,0.486,0.72
"GSE31210",FALSE,"proliferation_matched","random",281,"E2F3|A2M|GLRX2|TICRR",4,1.356,1.069,1.721,0.0121,0.658,0.572,0.745
"GSE31210",FALSE,"proliferation_matched","random",282,"CCNB1|COL7A1|VEPH1|SCARF1",4,0.709,0.438,1.149,0.163,0.612,0.496,0.727
"GSE31210",FALSE,"proliferation_matched","random",283,"ATP13A5|MAN2A1|PPP3R1|BBS2",4,0.778,0.527,1.15,0.208,0.551,0.432,0.669
"GSE31210",FALSE,"proliferation_matched","random",284,"MOV10|PSMC2|EMCN|CYCS",4,1.425,1.024,1.982,0.0355,0.612,0.513,0.711
"GSE31210",FALSE,"proliferation_matched","random",285,"ESYT2|B3GALT2|RBM18|CORO2B",4,0.662,0.395,1.109,0.117,0.547,0.441,0.654
"GSE31210",FALSE,"proliferation_matched","random",286,"RBM27|WDR17|PRDX4|HILPDA",4,0.71,0.467,1.08,0.11,0.579,0.474,0.685
"GSE31210",FALSE,"proliferation_matched","random",287,"CDC7|TSKU|SSBP2|SIK2",4,0.924,0.637,1.339,0.676,0.528,0.432,0.624
"GSE31210",FALSE,"proliferation_matched","random",288,"SIGLEC6|ARID4A|MTHFD2|CREBRF",4,0.329,0.203,0.535,6.94e-06,0.757,0.673,0.84
"GSE31210",FALSE,"proliferation_matched","random",289,"IL1RN|PLXNA2|SLC25A30|ARPC3",4,1.016,0.716,1.443,0.928,0.501,0.394,0.608
"GSE31210",FALSE,"proliferation_matched","random",290,"PAK1|SMAD4|GAB1|LAP3",4,1.297,0.915,1.839,0.145,0.56,0.449,0.67
"GSE31210",FALSE,"proliferation_matched","random",291,"ORMDL2|NRIP1|PLIN2|TIMM17A",4,1.6,1.23,2.082,0.000467,0.707,0.63,0.784
"GSE31210",FALSE,"proliferation_matched","random",292,"MAMDC2|C9orf40|ENOPH1|ATG2B",4,0.464,0.298,0.723,0.000681,0.646,0.526,0.766
"GSE31210",FALSE,"proliferation_matched","random",293,"PER3|UCHL5|FAM111B|SIGLEC10",4,1.2,0.852,1.69,0.296,0.539,0.44,0.638
"GSE31210",FALSE,"proliferation_matched","random",294,"DAPK2|PALMD|RFC4|TUB",4,0.655,0.415,1.033,0.0684,0.622,0.527,0.718
"GSE31210",FALSE,"proliferation_matched","random",295,"EIF4EBP2|PRDM11|FGFR3|ASPM",4,0.585,0.383,0.893,0.013,0.656,0.557,0.754
"GSE31210",FALSE,"proliferation_matched","random",296,"ACACB|MFSD9|CCL14|PGM5",4,0.574,0.345,0.956,0.033,0.622,0.52,0.725
"GSE31210",FALSE,"proliferation_matched","random",297,"RNF182|PTRH2|SLC20A1|MMD",4,1.256,0.947,1.666,0.114,0.594,0.49,0.699
"GSE31210",FALSE,"proliferation_matched","random",298,"LEPR|APOL1|PDE5A|GEMIN7",4,0.992,0.69,1.425,0.964,0.515,0.406,0.623
"GSE31210",FALSE,"proliferation_matched","random",299,"RNASEH2A|POP7|SRP72|RAB33B",4,1.119,0.799,1.567,0.512,0.517,0.411,0.623
"GSE31210",FALSE,"proliferation_matched","random",300,"PTS|FMO2|NOP10|KIF16B",4,0.963,0.674,1.376,0.837,0.493,0.399,0.587
"GSE31210",FALSE,"proliferation_matched","random",301,"TTK|PFKFB4|ELN|RASSF3",4,1.464,1.076,1.99,0.0151,0.594,0.493,0.694
"GSE31210",FALSE,"proliferation_matched","random",302,"HGF|EID1|TFCP2L1|ZNF592",4,0.427,0.284,0.643,4.6e-05,0.721,0.643,0.8
"GSE31210",FALSE,"proliferation_matched","random",303,"GINS2|TNFRSF19|POLDIP3|FAM210A",4,1.134,0.811,1.586,0.461,0.549,0.45,0.648
"GSE31210",FALSE,"proliferation_matched","random",304,"SMAD5|EFCAB6|TMEM178A|LAMA2",4,0.439,0.281,0.685,0.000288,0.708,0.618,0.797
"GSE31210",FALSE,"proliferation_matched","random",305,"MPP6|SOBP|CD34|SFTPD",4,0.62,0.404,0.953,0.0294,0.64,0.538,0.742
"GSE31210",FALSE,"proliferation_matched","random",306,"PTPRS|MOCS1|RCCD1|SPC25",4,1.122,0.812,1.552,0.485,0.531,0.423,0.638
"GSE31210",FALSE,"proliferation_matched","random",307,"E2F3|KCND3|C5orf34|SRRT",4,1.226,0.933,1.612,0.144,0.586,0.479,0.693
"GSE31210",FALSE,"proliferation_matched","random",308,"RBL1|SCAI|SPATA6|ERCC6L2",4,0.355,0.217,0.58,3.6e-05,0.721,0.631,0.81
"GSE31210",FALSE,"proliferation_matched","random",309,"RPL39L|LY96|CCSER2|SUPT7L",4,1.209,0.869,1.684,0.26,0.576,0.48,0.672
"GSE31210",FALSE,"proliferation_matched","random",310,"EIF4EBP2|NTRK2|PRDM6|AGTR1",4,0.518,0.311,0.865,0.0118,0.644,0.541,0.747
"GSE31210",FALSE,"proliferation_matched","random",311,"EIF3J|FAM160A2|LIFR|MTFR1L",4,0.793,0.541,1.163,0.235,0.555,0.452,0.658
"GSE31210",FALSE,"proliferation_matched","random",312,"SEC23A|EPAS1|HJURP|TRIM13",4,0.633,0.421,0.951,0.0277,0.58,0.476,0.684
"GSE31210",FALSE,"proliferation_matched","random",313,"TEAD4|POU2F3|DMXL1|SERINC5",4,0.639,0.438,0.932,0.02,0.615,0.507,0.723
"GSE31210",FALSE,"proliferation_matched","random",314,"ORC6|IFT74|STRA6|PTPRM",4,1.2,0.864,1.666,0.277,0.547,0.452,0.642
"GSE31210",FALSE,"proliferation_matched","random",315,"ARPC4|DNAJC10|NIPA2|TBX5",4,1.665,1.236,2.244,0.000806,0.678,0.576,0.781
"GSE31210",FALSE,"proliferation_matched","random",316,"AHNAK2|RHOF|ARPC4|ALDH6A1",4,1.543,1.166,2.042,0.00238,0.618,0.511,0.726
"GSE31210",FALSE,"proliferation_matched","random",317,"MAMDC2|RDM1|DIRAS3|ZGRF1",4,0.849,0.55,1.31,0.459,0.539,0.432,0.646
"GSE31210",FALSE,"proliferation_matched","random",318,"GDF10|DDX60L|CCNE1|SLPI",4,1.079,0.767,1.517,0.663,0.453,0.338,0.569
"GSE31210",FALSE,"proliferation_matched","random",319,"TM9SF3|AVEN|CLSPN|POLA2",4,1.649,1.238,2.198,0.000637,0.692,0.596,0.789
"GSE31210",FALSE,"proliferation_matched","random",320,"USP2|PIAS1|SHMT2|ABCA8",4,0.707,0.479,1.042,0.08,0.604,0.51,0.699
"GSE31210",FALSE,"proliferation_matched","random",321,"C6orf89|ABLIM2|CYCS|FHL2",4,1.291,0.943,1.768,0.112,0.563,0.45,0.675
"GSE31210",FALSE,"proliferation_matched","random",322,"AUNIP|SLC31A1|ACLY|KPNB1",4,1.653,1.253,2.181,0.000373,0.686,0.591,0.781
"GSE31210",FALSE,"proliferation_matched","random",323,"TMEM158|CDC73|TOM1L2|SERP2",4,0.979,0.688,1.392,0.906,0.492,0.387,0.596
"GSE31210",FALSE,"proliferation_matched","random",324,"GPM6A|PDSS1|LY96|STEAP1",4,1.169,0.871,1.57,0.299,0.591,0.493,0.69
"GSE31210",FALSE,"proliferation_matched","random",325,"DERL3|RSBN1|LHFPL2|SLC25A40",4,1.247,0.898,1.73,0.187,0.597,0.497,0.697
"GSE31210",FALSE,"proliferation_matched","random",326,"MTURN|ENO1|CLK4|MCHR1",4,0.688,0.476,0.994,0.0467,0.605,0.5,0.711
"GSE31210",FALSE,"proliferation_matched","random",327,"CYP2U1|SLC25A30|SGSM1|FLAD1",4,0.47,0.309,0.714,0.000403,0.675,0.582,0.769
"GSE31210",FALSE,"proliferation_matched","random",328,"SFXN1|NEK5|ARL6IP1|VEPH1",4,1.237,0.893,1.713,0.201,0.53,0.439,0.621
"GSE31210",FALSE,"proliferation_matched","random",329,"TOR1B|CCNE1|MRTO4|SLC25A27",4,1.255,0.929,1.696,0.138,0.546,0.435,0.657
"GSE31210",FALSE,"proliferation_matched","random",330,"ENY2|ZBTB4|DNASE1L3|HSD3B7",4,1.092,0.778,1.534,0.61,0.491,0.394,0.588
"GSE31210",FALSE,"proliferation_matched","random",331,"PDE5A|KIAA0408|TLR5|LILRB4",4,0.591,0.393,0.891,0.012,0.639,0.538,0.741
"GSE31210",FALSE,"proliferation_matched","random",332,"RXRA|PLBD2|COL12A1|CRIPT",4,1.946,1.455,2.603,7.24e-06,0.723,0.632,0.814
"GSE31210",FALSE,"proliferation_matched","random",333,"E2F7|PSMD1|RMDN2|P4HB",4,1.544,1.137,2.096,0.00533,0.642,0.55,0.733
"GSE31210",FALSE,"proliferation_matched","random",334,"IWS1|FAM110D|TBX3|SIRT7",4,0.865,0.601,1.246,0.436,0.524,0.425,0.624
"GSE31210",FALSE,"proliferation_matched","random",335,"TNFSF4|DHRS3|SERPINB8|SEMA3A",4,1.438,1.113,1.858,0.00544,0.687,0.59,0.784
"GSE31210",FALSE,"proliferation_matched","random",336,"FIGNL1|ABCA8|SKA2|WNT2B",4,0.823,0.547,1.237,0.349,0.554,0.432,0.676
"GSE31210",FALSE,"proliferation_matched","random",337,"VPS53|ARHGEF37|SLC31A1|PLOD3",4,1.226,0.88,1.708,0.228,0.573,0.47,0.676
"GSE31210",FALSE,"proliferation_matched","random",338,"ARHGEF2|CTHRC1|PLK1|TAPT1",4,1.162,0.83,1.627,0.383,0.56,0.456,0.663
"GSE31210",FALSE,"proliferation_matched","random",339,"ZNF214|PELO|RNF11|GSS",4,0.897,0.62,1.3,0.567,0.509,0.413,0.604
"GSE31210",FALSE,"proliferation_matched","random",340,"CLIC1|USP51|TNRC6B|FAM50A",4,1.255,0.908,1.735,0.169,0.516,0.41,0.621
"GSE31210",FALSE,"proliferation_matched","random",341,"CHST11|SYNGR3|CACNA1C|SKIDA1",4,0.727,0.488,1.084,0.118,0.581,0.479,0.683
"GSE31210",FALSE,"proliferation_matched","random",342,"PPP2R5A|MPHOSPH9|FIGNL1|KYNU",4,1.283,0.979,1.682,0.0712,0.613,0.495,0.73
"GSE31210",FALSE,"proliferation_matched","random",343,"RBMS2|ANO3|CCM2|PACSIN1",4,0.637,0.427,0.95,0.0268,0.598,0.497,0.698
"GSE31210",FALSE,"proliferation_matched","random",344,"ARHGEF28|PAXIP1|PCF11|NTMT1",4,0.91,0.619,1.338,0.63,0.513,0.406,0.62
"GSE31210",FALSE,"proliferation_matched","random",345,"PNISR|PPP3R1|SEMA3A|CCNE1",4,0.942,0.631,1.407,0.771,0.56,0.457,0.663
"GSE31210",FALSE,"proliferation_matched","random",346,"MYH10|FAM161B|SPOCD1|C11orf54",4,0.592,0.405,0.866,0.0069,0.721,0.639,0.803
"GSE31210",FALSE,"proliferation_matched","random",347,"PMAIP1|PSMB2|F12|WDFY3",4,1.429,1.058,1.93,0.0199,0.629,0.537,0.721
"GSE31210",FALSE,"proliferation_matched","random",348,"KCND2|CDCA3|SERPINE2|PSMD12",4,1.416,1.103,1.818,0.00644,0.688,0.605,0.772
"GSE31210",FALSE,"proliferation_matched","random",349,"GTF2E1|GNPNAT1|EPHB2|GMPPA",4,1.949,1.425,2.667,2.97e-05,0.739,0.654,0.824
"GSE31210",FALSE,"proliferation_matched","random",350,"PSMB2|ZDHHC17|RILPL2|MRTO4",4,0.708,0.486,1.031,0.0715,0.57,0.463,0.677
"GSE31210",FALSE,"proliferation_matched","random",351,"CAPS2|ATG3|DDIAS|RNASE4",4,1.347,0.998,1.818,0.0514,0.619,0.515,0.724
"GSE31210",FALSE,"proliferation_matched","random",352,"ZMIZ2|PMM1|CCNB1|CA3",4,0.935,0.647,1.352,0.721,0.522,0.414,0.63
"GSE31210",FALSE,"proliferation_matched","random",353,"OSBPL1A|PLCB4|FAM13B|SLC12A8",4,0.836,0.567,1.233,0.366,0.564,0.466,0.662
"GSE31210",FALSE,"proliferation_matched","random",354,"IQGAP3|EFCAB11|UHRF1|AK4",4,1.494,1.12,1.993,0.0063,0.686,0.602,0.769
"GSE31210",FALSE,"proliferation_matched","random",355,"UNG|AKAP13|COL11A1|ZHX1-C8orf76",4,1.301,0.966,1.753,0.0833,0.611,0.5,0.722
"GSE31210",FALSE,"proliferation_matched","random",356,"THBD|NEO1|MRPS7|PRDX4",4,1.062,0.758,1.487,0.728,0.549,0.444,0.653
"GSE31210",FALSE,"proliferation_matched","random",357,"BCHE|TCF7L1|BID|AHCYL2",4,0.786,0.528,1.168,0.234,0.593,0.482,0.705
"GSE31210",FALSE,"proliferation_matched","random",358,"ADA|PPME1|TEK|CMAS",4,1.503,1.142,1.977,0.00361,0.656,0.569,0.743
"GSE31210",FALSE,"proliferation_matched","random",359,"ROBO2|PSMD2|RELB|VAMP2",4,0.923,0.642,1.326,0.664,0.536,0.435,0.637
"GSE31210",FALSE,"proliferation_matched","random",360,"CDK2|EPAS1|TPM4|NEK6",4,1.581,1.13,2.213,0.00757,0.632,0.544,0.72
"GSE31210",FALSE,"proliferation_matched","random",361,"CHEK2|SRPRB|EIF2AK1|CDH3",4,1.61,1.189,2.179,0.00207,0.691,0.606,0.775
"GSE31210",FALSE,"proliferation_matched","random",362,"IGF2BP3|ZNRF3|MLC1|SETBP1",4,0.643,0.424,0.975,0.0378,0.616,0.498,0.734
"GSE31210",FALSE,"proliferation_matched","random",363,"MESP2|OLFM1|PPEF1|FAM207A",4,0.882,0.601,1.294,0.52,0.519,0.401,0.637
"GSE31210",FALSE,"proliferation_matched","random",364,"GPN1|ARL9|LRIG1|NUP37",4,1.388,1.043,1.846,0.0243,0.67,0.584,0.756
"GSE31210",FALSE,"proliferation_matched","random",365,"DENR|IFI35|TNNT1|SMAD9",4,1.356,1.006,1.828,0.0454,0.591,0.479,0.703
"GSE31210",FALSE,"proliferation_matched","random",366,"UBL3|GNA13|PBXIP1|RELB",4,1.053,0.734,1.51,0.781,0.468,0.348,0.588
"GSE31210",FALSE,"proliferation_matched","random",367,"POU6F1|TK1|PPME1|TOR3A",4,1.281,0.93,1.764,0.129,0.595,0.504,0.686
"GSE31210",FALSE,"proliferation_matched","random",368,"SYNDIG1L|MND1|MGLL|CLEC4F",4,0.738,0.49,1.109,0.144,0.585,0.502,0.668
"GSE31210",FALSE,"proliferation_matched","random",369,"SH3BGRL3|RGS10|CLDN18|MYOZ3",4,1.25,0.923,1.692,0.149,0.59,0.486,0.693
"GSE31210",FALSE,"proliferation_matched","random",370,"SPIDR|TOM1L2|HSF2BP|SLC25A40",4,0.935,0.638,1.369,0.728,0.514,0.405,0.623
"GSE31210",FALSE,"proliferation_matched","random",371,"CAV1|TRPT1|EPHA3|CHFR",4,0.628,0.422,0.934,0.0217,0.604,0.498,0.711
"GSE31210",FALSE,"proliferation_matched","random",372,"SCARA3|SHE|SCN2B|ALDH3B2",4,0.784,0.518,1.184,0.247,0.589,0.477,0.702
"GSE31210",FALSE,"proliferation_matched","random",373,"EEF2K|KIF22|SLC24A4|FBLN5",4,0.53,0.347,0.812,0.00351,0.661,0.567,0.756
"GSE31210",FALSE,"proliferation_matched","random",374,"DDX56|DACH2|PLOD3|CAT",4,0.997,0.714,1.393,0.987,0.456,0.349,0.563
"GSE31210",FALSE,"proliferation_matched","random",375,"MACF1|CELSR3|NACC1|IFT140",4,0.602,0.409,0.886,0.0101,0.648,0.532,0.765
"GSE31210",FALSE,"proliferation_matched","random",376,"KRT8|PSMA5|WWP2|SLC25A10",4,1.583,1.267,1.977,5.27e-05,0.731,0.635,0.828
"GSE31210",FALSE,"proliferation_matched","random",377,"SLC25A45|MCM6|LRP4|TBCB",4,0.991,0.703,1.397,0.961,0.507,0.403,0.611
"GSE31210",FALSE,"proliferation_matched","random",378,"RFXAP|CFB|IQCA1|RNF125",4,0.707,0.478,1.046,0.083,0.612,0.499,0.726
"GSE31210",FALSE,"proliferation_matched","random",379,"TGFBR2|PFDN2|ARMCX5-GPRASP2|LDHA",4,1.36,1.007,1.837,0.0449,0.654,0.571,0.737
"GSE31210",FALSE,"proliferation_matched","random",380,"NFE2L3|CD300A|ACTR2|ZNF267",4,1.724,1.283,2.317,0.000307,0.689,0.597,0.782
"GSE31210",FALSE,"proliferation_matched","random",381,"GSKIP|GFOD1|MOCS1|METTL21A",4,1.044,0.737,1.481,0.807,0.534,0.432,0.636
"GSE31210",FALSE,"proliferation_matched","random",382,"PBXIP1|DEPDC1|PTBP3|FASTK",4,1.538,1.194,1.981,0.000865,0.666,0.567,0.765
"GSE31210",FALSE,"proliferation_matched","random",383,"SLFNL1|MAGEH1|CTSF|POLK",4,0.39,0.259,0.587,6.52e-06,0.759,0.677,0.841
"GSE31210",FALSE,"proliferation_matched","random",384,"NKAPL|RNF34|STOX2|ZPR1",4,1.028,0.725,1.456,0.878,0.555,0.451,0.659
"GSE31210",FALSE,"proliferation_matched","random",385,"NEK2|MMP9|PTP4A2|FBXO11",4,1.352,1.03,1.774,0.0297,0.57,0.455,0.685
"GSE31210",FALSE,"proliferation_matched","random",386,"PPARGC1A|TSLP|AASS|TMEM245",4,0.609,0.402,0.922,0.0191,0.65,0.548,0.753
"GSE31210",FALSE,"proliferation_matched","random",387,"TACR1|IKBKE|ABRACL|SLC2A1",4,1.565,1.216,2.015,0.000505,0.67,0.572,0.768
"GSE31210",FALSE,"proliferation_matched","random",388,"PHB|PDK1|MCM7|CBX3",4,1.402,1.048,1.877,0.023,0.633,0.531,0.734
"GSE31210",FALSE,"proliferation_matched","random",389,"IQGAP3|SCNN1G|ANKRD6|PLIN5",4,0.48,0.286,0.804,0.00534,0.658,0.573,0.744
"GSE31210",FALSE,"proliferation_matched","random",390,"WDR76|SFXN1|SLC12A9|C1QTNF7",4,1.011,0.706,1.446,0.954,0.501,0.395,0.607
"GSE31210",FALSE,"proliferation_matched","random",391,"LIMCH1|YWHAZ|VRK1|HYLS1",4,1.268,0.954,1.685,0.102,0.609,0.508,0.709
"GSE31210",FALSE,"proliferation_matched","random",392,"TMEM132C|CCNT2|NPNT|CDK4",4,0.44,0.281,0.691,0.00036,0.725,0.642,0.809
"GSE31210",FALSE,"proliferation_matched","random",393,"ATP9A|CBWD1|SLC30A6|EIF3J",4,1.6,1.2,2.133,0.00136,0.718,0.628,0.808
"GSE31210",FALSE,"proliferation_matched","random",394,"CSNK2A1|GPD1L|DDX10|PPAT",4,1.305,0.973,1.75,0.0757,0.641,0.547,0.735
"GSE31210",FALSE,"proliferation_matched","random",395,"C5orf46|C1QTNF6|MVB12B|EZH1",4,0.923,0.639,1.335,0.672,0.537,0.424,0.65
"GSE31210",FALSE,"proliferation_matched","random",396,"SCARA5|DSN1|NPM3|TEK",4,0.726,0.476,1.107,0.137,0.584,0.485,0.683
"GSE31210",FALSE,"proliferation_matched","random",397,"PLOD2|PPP4R2|GALNT6|DNAJC21",4,1.801,1.381,2.349,1.44e-05,0.755,0.674,0.837
"GSE31210",FALSE,"proliferation_matched","random",398,"POLR2H|CLDN18|PSMG3|NKAPL",4,0.944,0.655,1.36,0.755,0.469,0.374,0.564
"GSE31210",FALSE,"proliferation_matched","random",399,"MAL|FAM220A|RALGPS1|EIF5",4,0.934,0.634,1.377,0.731,0.515,0.411,0.62
"GSE31210",FALSE,"proliferation_matched","random",400,"BTG2|L1TD1|XPO5|MOCS1",4,0.584,0.385,0.885,0.0113,0.637,0.525,0.749
"GSE31210",FALSE,"proliferation_matched","random",401,"PLOD3|ZNF214|SIRT7|C9orf40",4,1.279,0.95,1.721,0.105,0.595,0.493,0.697
"GSE31210",FALSE,"proliferation_matched","random",402,"RNF7|GNAI3|HDAC2|EMC8",4,1.808,1.417,2.307,1.94e-06,0.752,0.67,0.834
"GSE31210",FALSE,"proliferation_matched","random",403,"ICMT|NFKBIE|BZW1|TMEM132C",4,1.586,1.209,2.081,0.000872,0.643,0.532,0.755
"GSE31210",FALSE,"proliferation_matched","random",404,"BOP1|CARM1|MMP9|PITPNM3",4,1.231,0.911,1.663,0.176,0.522,0.426,0.618
"GSE31210",FALSE,"proliferation_matched","random",405,"SERPINB8|NCAPH|MRPL35|CKS2",4,1.492,1.123,1.982,0.00576,0.691,0.603,0.779
"GSE31210",FALSE,"proliferation_matched","random",406,"IFI16|CCNE2|SAMD9L|POLR2D",4,1.563,1.187,2.059,0.00149,0.682,0.596,0.767
"GSE31210",FALSE,"proliferation_matched","random",407,"SSX2IP|TLCD2|UPP1|RBM26",4,1.18,0.85,1.638,0.324,0.525,0.404,0.646
"GSE31210",FALSE,"proliferation_matched","random",408,"LAMC2|PPIL1|RDM1|ACADL",4,1.538,1.198,1.976,0.000735,0.657,0.568,0.746
"GSE31210",FALSE,"proliferation_matched","random",409,"EID1|HMGB3|ZYG11A|CALU",4,0.999,0.685,1.458,0.997,0.481,0.367,0.595
"GSE31210",FALSE,"proliferation_matched","random",410,"PARP8|MS4A2|CREBRF|PALB2",4,0.495,0.329,0.745,0.000734,0.681,0.589,0.774
"GSE31210",FALSE,"proliferation_matched","random",411,"NEGR1|CHCHD2|C9orf16|NUP62",4,1.54,1.198,1.98,0.000753,0.667,0.578,0.756
"GSE31210",FALSE,"proliferation_matched","random",412,"WDR76|VAPB|PTCH1|RERE",4,0.458,0.287,0.731,0.00107,0.667,0.567,0.768
"GSE31210",FALSE,"proliferation_matched","random",413,"TMEM50B|ITIH5|HSPD1|LDLRAD4",4,0.938,0.651,1.352,0.731,0.52,0.419,0.62
"GSE31210",FALSE,"proliferation_matched","random",414,"SOS1|SLTM|TUBA1B|RHOJ",4,1.239,0.876,1.752,0.226,0.558,0.472,0.643
"GSE31210",FALSE,"proliferation_matched","random",415,"SNRPD2|DNAJC10|CDK5R1|PRDM5",4,0.968,0.676,1.386,0.859,0.516,0.406,0.626
"GSE31210",FALSE,"proliferation_matched","random",416,"NDUFS1|ZNF84|ECHDC2|ABCF2",4,0.708,0.48,1.046,0.0827,0.577,0.459,0.695
"GSE31210",FALSE,"proliferation_matched","random",417,"PTPN21|ABAT|CACNA1C|CDK1",4,0.582,0.382,0.887,0.0119,0.657,0.545,0.768
"GSE31210",FALSE,"proliferation_matched","random",418,"PID1|MMRN1|FAM210A|SFTPC",4,0.794,0.539,1.17,0.244,0.556,0.47,0.643
"GSE31210",FALSE,"proliferation_matched","random",419,"SSX2IP|KISS1R|MEIS1|NUDCD1",4,1.32,1.009,1.727,0.0425,0.613,0.518,0.708
"GSE31210",FALSE,"proliferation_matched","random",420,"THSD4|CDH24|SMTNL2|ELMOD2",4,1.125,0.819,1.546,0.466,0.541,0.439,0.643
"GSE31210",FALSE,"proliferation_matched","random",421,"TARDBP|SLC4A1AP|ABRACL|RPF2",4,1.785,1.355,2.351,3.78e-05,0.722,0.639,0.805
"GSE31210",FALSE,"proliferation_matched","random",422,"KIF20A|ATG5|RABL2A|CHAF1A",4,1.464,1.128,1.902,0.00422,0.673,0.581,0.764
"GSE31210",FALSE,"proliferation_matched","random",423,"MZT2A|NTRK2|ARHGAP11B|GAL3ST4",4,1.338,1.08,1.658,0.00782,0.718,0.621,0.814
"GSE31210",FALSE,"proliferation_matched","random",424,"STRA6|FARSA|ASNS|BOP1",4,1.27,0.949,1.699,0.107,0.606,0.511,0.702
"GSE31210",FALSE,"proliferation_matched","random",425,"GINS3|PLOD2|WNT11|ADAMDEC1",4,1.55,1.2,2.001,0.000784,0.684,0.576,0.793
"GSE31210",FALSE,"proliferation_matched","random",426,"EPAS1|MAP6|EED|SLC5A6",4,0.85,0.586,1.232,0.39,0.539,0.45,0.628
"GSE31210",FALSE,"proliferation_matched","random",427,"CTSH|NR2F1|SLC25A45|SKA2",4,0.619,0.427,0.898,0.0115,0.643,0.539,0.748
"GSE31210",FALSE,"proliferation_matched","random",428,"GTPBP2|OLA1|FAM210B|EPSTI1",4,1.839,1.336,2.529,0.000183,0.692,0.597,0.788
"GSE31210",FALSE,"proliferation_matched","random",429,"REV1|C14orf132|PLAA|MAML3",4,0.536,0.343,0.837,0.00614,0.658,0.552,0.763
"GSE31210",FALSE,"proliferation_matched","random",430,"COL5A1|SLC25A45|IKZF5|LSM12",4,0.547,0.345,0.865,0.00994,0.612,0.495,0.729
"GSE31210",FALSE,"proliferation_matched","random",431,"COPB2|SP110|HJURP|FBXO5",4,1.236,0.995,1.535,0.0557,0.649,0.543,0.755
"GSE31210",FALSE,"proliferation_matched","random",432,"YTHDC1|SGPL1|UBR3|RCOR3",4,0.446,0.305,0.65,2.78e-05,0.727,0.645,0.809
"GSE31210",FALSE,"proliferation_matched","random",433,"MOCS1|CISD1|ITGA9|HDGF",4,1.062,0.742,1.52,0.743,0.503,0.388,0.619
"GSE31210",FALSE,"proliferation_matched","random",434,"HNRNPA3|SMC6|GABBR1|AQP3",4,0.842,0.582,1.218,0.36,0.536,0.409,0.663
"GSE31210",FALSE,"proliferation_matched","random",435,"MELK|NFIB|EME1|EPSTI1",4,1.36,1.031,1.793,0.0294,0.623,0.513,0.733
"GSE31210",FALSE,"proliferation_matched","random",436,"GSTM5|NRIP1|TRPT1|ABCF1",4,1.237,0.889,1.72,0.206,0.546,0.43,0.663
"GSE31210",FALSE,"proliferation_matched","random",437,"HOXA5|PLIN5|MASTL|RNF125",4,0.489,0.306,0.783,0.0029,0.667,0.573,0.762
"GSE31210",FALSE,"proliferation_matched","random",438,"SS18|VWF|SYNC|PDE8B",4,0.62,0.411,0.934,0.0223,0.622,0.53,0.715
"GSE31210",FALSE,"proliferation_matched","random",439,"C5orf49|CCDC66|ESCO2|ZNF367",4,0.947,0.648,1.382,0.777,0.529,0.427,0.632
"GSE31210",FALSE,"proliferation_matched","random",440,"GKN2|IDH2|TRIM14|PDIA4",4,1.71,1.347,2.172,1.06e-05,0.716,0.616,0.817
"GSE31210",FALSE,"proliferation_matched","random",441,"DIO2|TCEANC2|MRPL42|CLEC3B",4,1.433,1.079,1.902,0.013,0.663,0.572,0.753
"GSE31210",FALSE,"proliferation_matched","random",442,"HSD3B7|USP12|LGR6|CFB",4,1.317,0.988,1.756,0.0606,0.557,0.439,0.675
"GSE31210",FALSE,"proliferation_matched","random",443,"FBXO43|ZBTB4|NFIA|PPIF",4,0.508,0.311,0.829,0.00669,0.681,0.592,0.77
"GSE31210",FALSE,"proliferation_matched","random",444,"IMP4|NDUFA12|TTC39B|SYNGR3",4,1.045,0.719,1.521,0.817,0.54,0.431,0.65
"GSE31210",FALSE,"proliferation_matched","random",445,"PDE6D|FANCG|STARD9|POLK",4,0.673,0.474,0.956,0.027,0.628,0.531,0.725
"GSE31210",FALSE,"proliferation_matched","random",446,"THBS2|NT5DC1|HDLBP|RNASE2",4,1.376,1.037,1.825,0.0271,0.626,0.527,0.725
"GSE31210",FALSE,"proliferation_matched","random",447,"FRY|SCAPER|HECTD1|ARHGEF39",4,0.61,0.412,0.904,0.0137,0.606,0.493,0.719
"GSE31210",FALSE,"proliferation_matched","random",448,"CD300A|ITIH3|SPHKAP|GPX8",4,1.445,1.033,2.023,0.0318,0.607,0.504,0.71
"GSE31210",FALSE,"proliferation_matched","random",449,"ATF5|DSP|LMNB1|TOR1B",4,1.87,1.392,2.513,3.24e-05,0.74,0.663,0.817
"GSE31210",FALSE,"proliferation_matched","random",450,"PYGL|THRB|YTHDC1|MRPL17",4,0.75,0.502,1.12,0.16,0.535,0.432,0.638
"GSE31210",FALSE,"proliferation_matched","random",451,"RHOBTB2|CYCS|TCF7L1|DNA2",4,0.905,0.618,1.324,0.607,0.519,0.418,0.621
"GSE31210",FALSE,"proliferation_matched","random",452,"SPP1|EMCN|TCEAL1|SMC6",4,1.142,0.823,1.586,0.427,0.589,0.5,0.678
"GSE31210",FALSE,"proliferation_matched","random",453,"CFD|SLC4A1AP|B3GNT3|CDCA8",4,1.545,1.15,2.074,0.00385,0.643,0.537,0.749
"GSE31210",FALSE,"proliferation_matched","random",454,"GCOM1|TRIP12|KIF22|HELLS",4,1.383,1.031,1.856,0.0304,0.641,0.534,0.748
"GSE31210",FALSE,"proliferation_matched","random",455,"ANAPC1|STK38|GKAP1|GNAQ",4,0.976,0.684,1.392,0.893,0.514,0.408,0.619
"GSE31210",FALSE,"proliferation_matched","random",456,"PPM1G|SECTM1|CTHRC1|PTHLH",4,1.535,1.19,1.978,0.000955,0.696,0.609,0.783
"GSE31210",FALSE,"proliferation_matched","random",457,"TNFRSF21|CDK2|GLRX3|S100A16",4,1.717,1.325,2.225,4.35e-05,0.716,0.627,0.804
"GSE31210",FALSE,"proliferation_matched","random",458,"HNRNPAB|WIF1|RTCA|SKIDA1",4,1.441,1.061,1.959,0.0195,0.615,0.518,0.711
"GSE31210",FALSE,"proliferation_matched","random",459,"SYNPO2|STEAP1|MYBL2|CACNA2D2",4,0.659,0.415,1.047,0.0772,0.595,0.497,0.693
"GSE31210",FALSE,"proliferation_matched","random",460,"RPS6KA5|NEO1|TCEAL4|TIPIN",4,0.559,0.374,0.835,0.0045,0.653,0.553,0.753
"GSE31210",FALSE,"proliferation_matched","random",461,"GPI|TFCP2L1|PKM|KIAA0408",4,1.204,0.872,1.662,0.259,0.566,0.467,0.664
"GSE31210",FALSE,"proliferation_matched","random",462,"MTHFD1|FANCA|BNIP2|SH3BGRL3",4,1.378,1.027,1.849,0.0326,0.609,0.504,0.714
"GSE31210",FALSE,"proliferation_matched","random",463,"FLAD1|PGAM5|FCGR3A|VAPB",4,1.328,1.087,1.623,0.00558,0.675,0.568,0.782
"GSE31210",FALSE,"proliferation_matched","random",464,"JMY|GLA|SLIT3|KISS1R",4,0.623,0.416,0.932,0.0213,0.63,0.527,0.732
"GSE31210",FALSE,"proliferation_matched","random",465,"SPC24|ORC6|EZH1|EIF2AK1",4,1.279,0.925,1.767,0.136,0.621,0.514,0.729
"GSE31210",FALSE,"proliferation_matched","random",466,"GALNT18|DNA2|SKIDA1|GSTM5",4,0.438,0.257,0.747,0.00243,0.673,0.567,0.779
"GSE31210",FALSE,"proliferation_matched","random",467,"EIF4E3|PLP2|PRPF40A|UNC45B",4,1.061,0.746,1.51,0.741,0.551,0.449,0.653
"GSE31210",FALSE,"proliferation_matched","random",468,"GLS|SPTBN1|MS4A15|DDX39A",4,0.497,0.321,0.772,0.00182,0.669,0.577,0.76
"GSE31210",FALSE,"proliferation_matched","random",469,"MRPS7|TUBE1|OGN|ABCA6",4,0.475,0.297,0.759,0.00185,0.699,0.604,0.794
"GSE31210",FALSE,"proliferation_matched","random",470,"TPI1|RAP2B|MRPL12|HNRNPH3",4,1.471,1.136,1.904,0.00339,0.646,0.535,0.757
"GSE31210",FALSE,"proliferation_matched","random",471,"TUBA1B|COLEC12|TIMM17A|A2M",4,1.317,0.936,1.853,0.114,0.585,0.492,0.677
"GSE31210",FALSE,"proliferation_matched","random",472,"ITM2C|ACSM3|CCL14|CFL1",4,1.272,0.9,1.797,0.173,0.563,0.468,0.658
"GSE31210",FALSE,"proliferation_matched","random",473,"EXPH5|TRPA1|MOV10|LANCL1",4,0.954,0.668,1.362,0.795,0.48,0.379,0.58
"GSE31210",FALSE,"proliferation_matched","random",474,"PBXIP1|MIB2|PTGDS|COLGALT1",4,0.825,0.567,1.199,0.313,0.556,0.446,0.666
"GSE31210",FALSE,"proliferation_matched","random",475,"FBXO11|ALDOA|GPM6A|OPN3",4,1.176,0.82,1.685,0.378,0.537,0.423,0.651
"GSE31210",FALSE,"proliferation_matched","random",476,"TRAK2|MPHOSPH9|ANAPC1|MEA1",4,1.091,0.786,1.515,0.603,0.58,0.482,0.679
"GSE31210",FALSE,"proliferation_matched","random",477,"C18orf54|RFWD3|POLD2|RALGAPA2",4,1.178,0.834,1.664,0.352,0.551,0.447,0.655
"GSE31210",FALSE,"proliferation_matched","random",478,"FAM136A|HTR3A|MBOAT7|TRPT1",4,1.275,0.991,1.64,0.059,0.641,0.552,0.73
"GSE31210",FALSE,"proliferation_matched","random",479,"PDE2A|SLC5A6|ARMCX1|RIPK2",4,1.152,0.808,1.641,0.434,0.521,0.412,0.63
"GSE31210",FALSE,"proliferation_matched","random",480,"PRPF8|RAD54B|MEGF11|ACADSB",4,0.481,0.281,0.826,0.00796,0.635,0.533,0.737
"GSE31210",FALSE,"proliferation_matched","random",481,"DSN1|STRA6|TMEM50B|ID4",4,1.205,0.868,1.672,0.266,0.513,0.387,0.64
"GSE31210",FALSE,"proliferation_matched","random",482,"C5|MTHFD2|HNRNPA3|ZDHHC1",4,0.514,0.322,0.821,0.00539,0.688,0.586,0.789
"GSE31210",FALSE,"proliferation_matched","random",483,"C3orf18|C8orf76|SHROOM3|FAM149A",4,0.69,0.458,1.039,0.0759,0.583,0.466,0.7
"GSE31210",FALSE,"proliferation_matched","random",484,"USP54|IWS1|AGFG1|RPAP3",4,1.341,0.977,1.841,0.0693,0.584,0.481,0.687
"GSE31210",FALSE,"proliferation_matched","random",485,"CLSPN|PPP1R18|CHFR|RNF41",4,1.064,0.743,1.523,0.736,0.504,0.398,0.61
"GSE31210",FALSE,"proliferation_matched","random",486,"HOXA1|DNAJC27|FBXO32|ZDHHC11",4,1.112,0.757,1.632,0.589,0.474,0.35,0.598
"GSE31210",FALSE,"proliferation_matched","random",487,"PTGES2|GPI|RHOBTB2|WDR45B",4,1.451,1.08,1.949,0.0133,0.692,0.617,0.767
"GSE31210",FALSE,"proliferation_matched","random",488,"PUS10|PGR|AVEN|RELB",4,0.916,0.631,1.332,0.647,0.539,0.431,0.646
"GSE31210",FALSE,"proliferation_matched","random",489,"SH3BGRL2|ZNF367|EIF4E3|XRCC4",4,1.119,0.819,1.528,0.48,0.525,0.424,0.626
"GSE31210",FALSE,"proliferation_matched","random",490,"SMARCA2|CCNE1|MMRN1|NR2F2",4,0.573,0.349,0.941,0.0277,0.657,0.566,0.749
"GSE31210",FALSE,"proliferation_matched","random",491,"HPSE|PTP4A2|CHEK1|CORO1B",4,1.655,1.233,2.221,0.000787,0.701,0.616,0.786
"GSE31210",FALSE,"proliferation_matched","random",492,"DPYSL2|MRPL15|LAG3|SRD5A3",4,1.71,1.316,2.222,5.87e-05,0.641,0.523,0.76
"GSE31210",FALSE,"proliferation_matched","random",493,"IRAK1|FBLN5|SKA3|TRAK1",4,1.235,0.9,1.696,0.192,0.594,0.504,0.684
"GSE31210",FALSE,"proliferation_matched","random",494,"EIF4A3|RCC2|IFT74|CKAP5",4,1.488,1.11,1.994,0.00792,0.672,0.594,0.75
"GSE31210",FALSE,"proliferation_matched","random",495,"S100A16|GREM1|RALGPS2|TOR3A",4,1.599,1.17,2.185,0.00323,0.67,0.579,0.76
"GSE31210",FALSE,"proliferation_matched","random",496,"KBTBD7|PCF11|TDP1|SLC18A2",4,0.45,0.288,0.703,0.000456,0.672,0.567,0.777
"GSE31210",FALSE,"proliferation_matched","random",497,"COLGALT1|GKN2|VPS53|GALNT16",4,1.362,1.114,1.666,0.00258,0.544,0.432,0.655
"GSE31210",FALSE,"proliferation_matched","random",498,"PLCD1|CTSB|LNX2|TMEM50B",4,1.045,0.739,1.478,0.802,0.522,0.413,0.631
"GSE31210",FALSE,"proliferation_matched","random",499,"CENPA|DTL|ICMT|NKIRAS2",4,1.535,1.161,2.03,0.00264,0.687,0.602,0.773
"GSE31210",FALSE,"proliferation_matched","random",500,"ZBTB20|AMIGO1|ANK3|ASPM",4,0.595,0.386,0.918,0.0189,0.631,0.532,0.731
"GSE31210",FALSE,"proliferation_matched","random",501,"IGSF10|TET3|ERG|MYRIP",4,0.569,0.33,0.98,0.0422,0.626,0.526,0.726
"GSE31210",FALSE,"proliferation_matched","random",502,"CCL20|PIAS1|MAD2L1|AFF1",4,1.24,0.882,1.743,0.216,0.562,0.455,0.669
"GSE31210",FALSE,"proliferation_matched","random",503,"NAP1L2|RECQL4|APOL2|DCUN1D4",4,1.022,0.707,1.476,0.91,0.475,0.369,0.581
"GSE31210",FALSE,"proliferation_matched","random",504,"ENOPH1|SAC3D1|ARHGAP5|SCO2",4,1.075,0.771,1.499,0.669,0.569,0.48,0.658
"GSE31210",FALSE,"proliferation_matched","random",505,"MELK|TUBA1C|HAUS1|SLC20A1",4,1.752,1.347,2.28,2.97e-05,0.771,0.703,0.838
"GSE31210",FALSE,"proliferation_matched","random",506,"AHNAK|KRT80|PNISR|RAPGEF5",4,0.633,0.429,0.933,0.0209,0.635,0.541,0.728
"GSE31210",FALSE,"proliferation_matched","random",507,"LNP1|ADAMTS2|PNPLA7|CDCA4",4,0.896,0.603,1.332,0.588,0.568,0.452,0.684
"GSE31210",FALSE,"proliferation_matched","random",508,"ABRACL|CYYR1|HMG20A|LRP4",4,0.856,0.588,1.246,0.417,0.528,0.427,0.63
"GSE31210",FALSE,"proliferation_matched","random",509,"SSBP2|GPALPP1|DCT|DMXL1",4,0.529,0.351,0.796,0.00224,0.674,0.579,0.768
"GSE31210",FALSE,"proliferation_matched","random",510,"CRYM|PIK3R1|EMCN|SYNPO2",4,0.466,0.273,0.794,0.00504,0.65,0.563,0.738
"GSE31210",FALSE,"proliferation_matched","random",511,"PGM3|DHCR7|MRPS17|POLK",4,1.125,0.867,1.46,0.375,0.561,0.458,0.664
"GSE31210",FALSE,"proliferation_matched","random",512,"TUBA1C|MTA3|CMAS|CMC2",4,1.966,1.487,2.598,2.03e-06,0.766,0.686,0.845
"GSE31210",FALSE,"proliferation_matched","random",513,"KCNJ15|PDLIM4|DEPDC1B|TWIST1",4,1.128,0.821,1.55,0.457,0.545,0.446,0.644
"GSE31210",FALSE,"proliferation_matched","random",514,"RCAN2|TMEM108|CPEB1|VAPB",4,0.602,0.39,0.931,0.0224,0.629,0.526,0.731
"GSE31210",FALSE,"proliferation_matched","random",515,"DIAPH3|RBL1|THRA|HMBS",4,1.091,0.78,1.526,0.611,0.511,0.385,0.638
"GSE31210",FALSE,"proliferation_matched","random",516,"SLC25A39|PLXNA2|NCOR1|DDX39A",4,0.698,0.458,1.065,0.0953,0.542,0.433,0.652
"GSE31210",FALSE,"proliferation_matched","random",517,"NUDCD1|SAE1|HMCN1|PELO",4,1.262,0.945,1.687,0.115,0.607,0.508,0.706
"GSE31210",FALSE,"proliferation_matched","random",518,"KAT5|NAA15|SERP2|TM2D2",4,1.25,0.898,1.74,0.186,0.579,0.481,0.678
"GSE31210",FALSE,"proliferation_matched","random",519,"MEOX2|PNPT1|COL21A1|TBCB",4,0.94,0.659,1.34,0.732,0.534,0.429,0.639
"GSE31210",FALSE,"proliferation_matched","random",520,"MGAT2|COL4A6|EXPH5|HMGCLL1",4,0.489,0.318,0.751,0.00111,0.679,0.57,0.788
"GSE31210",FALSE,"proliferation_matched","random",521,"PRELID1|LUZP2|WNT2B|PITPNC1",4,0.611,0.381,0.981,0.0415,0.618,0.512,0.723
"GSE31210",FALSE,"proliferation_matched","random",522,"KLHL20|CENPE|PSMA1|RYR2",4,0.823,0.555,1.22,0.332,0.556,0.454,0.658
"GSE31210",FALSE,"proliferation_matched","random",523,"PREX2|NRIP1|THSD7B|LDLRAD4",4,0.694,0.473,1.016,0.0605,0.621,0.514,0.728
"GSE31210",FALSE,"proliferation_matched","random",524,"ZNF592|CORO1C|PIK3C2A|ZNF559",4,0.704,0.492,1.008,0.0556,0.59,0.486,0.695
"GSE31210",FALSE,"proliferation_matched","random",525,"SMCO3|SLC25A51|SOX5|ROBO2",4,0.617,0.389,0.98,0.0407,0.625,0.521,0.73
"GSE31210",FALSE,"proliferation_matched","random",526,"FAM110D|SYNPO2|AMT|CEP152",4,0.557,0.363,0.855,0.00743,0.644,0.556,0.732
"GSE31210",FALSE,"proliferation_matched","random",527,"TOB1|SUMO4|SRRT|BUB1B",4,1.189,0.898,1.575,0.226,0.579,0.473,0.685
"GSE31210",FALSE,"proliferation_matched","random",528,"PBX1|LRRN3|NAA15|PJA2",4,0.415,0.243,0.707,0.00122,0.674,0.578,0.769
"GSE31210",FALSE,"proliferation_matched","random",529,"RPL39L|DRAP1|NHLRC2|TNIP2",4,0.998,0.677,1.47,0.99,0.508,0.388,0.628
"GSE31210",FALSE,"proliferation_matched","random",530,"POLE3|LDHA|REV1|WT1",4,1.505,1.158,1.956,0.00222,0.728,0.652,0.804
"GSE31210",FALSE,"proliferation_matched","random",531,"KIAA0513|JAM2|CLK4|SPC24",4,0.577,0.38,0.876,0.0098,0.679,0.587,0.77
"GSE31210",FALSE,"proliferation_matched","random",532,"KDM5C|TCF7L1|SIPA1|ALDH6A1",4,0.699,0.482,1.013,0.0586,0.595,0.471,0.72
"GSE31210",FALSE,"proliferation_matched","random",533,"TRHDE|XPNPEP1|NPNT|GREB1L",4,1.168,0.857,1.593,0.325,0.509,0.393,0.625
"GSE31210",FALSE,"proliferation_matched","random",534,"HPSE|TACR1|DSG2|CSTF3",4,1.344,0.983,1.838,0.0638,0.63,0.527,0.732
"GSE31210",FALSE,"proliferation_matched","random",535,"BEND7|AASS|PKM|KANSL1L",4,0.897,0.619,1.3,0.567,0.512,0.419,0.606
"GSE31210",FALSE,"proliferation_matched","random",536,"FNDC3B|CARM1|PRSS12|FAM136A",4,1.47,1.078,2.005,0.0148,0.65,0.556,0.745
"GSE31210",FALSE,"proliferation_matched","random",537,"COCH|SIGLEC9|MFN1|CDK5",4,1.496,1.169,1.914,0.00135,0.671,0.571,0.771
"GSE31210",FALSE,"proliferation_matched","random",538,"NCAM1|COL3A1|ZWINT|PTDSS1",4,1.688,1.265,2.253,0.000373,0.666,0.573,0.76
"GSE31210",FALSE,"proliferation_matched","random",539,"SULF2|TOB1|CDH26|TTLL7",4,0.625,0.396,0.986,0.0434,0.596,0.491,0.701
"GSE31210",FALSE,"proliferation_matched","random",540,"SHROOM3|AQP3|STYK1|ZPLD1",4,1.007,0.71,1.429,0.968,0.521,0.405,0.636
"GSE31210",FALSE,"proliferation_matched","random",541,"SLC5A6|SND1|VCAN|ZNF704",4,1.109,0.778,1.581,0.568,0.541,0.434,0.648
"GSE31210",FALSE,"proliferation_matched","random",542,"RTCA|GSTA1|NUSAP1|SKA3",4,1.411,1.108,1.797,0.00526,0.673,0.582,0.763
"GSE31210",FALSE,"proliferation_matched","random",543,"ZWINT|SUV39H2|TOR3A|CAV1",4,1.325,1.012,1.734,0.0405,0.62,0.509,0.73
"GSE31210",FALSE,"proliferation_matched","random",544,"MARCKS|GLA|SLIT3|LIG1",4,1.244,0.903,1.713,0.182,0.596,0.503,0.688
"GSE31210",FALSE,"proliferation_matched","random",545,"DNALI1|E2F1|C8orf76|FBXO41",4,1.037,0.729,1.475,0.839,0.561,0.458,0.664
"GSE31210",FALSE,"proliferation_matched","random",546,"SP8|FAM83A|CPEB1|RALGPS2",4,1.096,0.776,1.548,0.602,0.576,0.486,0.666
"GSE31210",FALSE,"proliferation_matched","random",547,"HAPLN3|KIAA1109|CYYR1|TET3",4,0.965,0.664,1.402,0.851,0.53,0.422,0.639
"GSE31210",FALSE,"proliferation_matched","random",548,"RC3H1|PFKP|COA1|PRDM6",4,0.866,0.591,1.267,0.458,0.55,0.433,0.668
"GSE31210",FALSE,"proliferation_matched","random",549,"IGSF9|CEP152|DGUOK|MRPL17",4,1.797,1.342,2.405,8.2e-05,0.719,0.64,0.798
"GSE31210",FALSE,"proliferation_matched","random",550,"PPP1R14B|MASTL|ETV1|UBE2F",4,1.465,1.127,1.905,0.00435,0.694,0.608,0.78
"GSE31210",FALSE,"proliferation_matched","random",551,"EPHB2|MZT2A|NAA10|CDC7",4,1.588,1.225,2.06,0.000488,0.675,0.581,0.768
"GSE31210",FALSE,"proliferation_matched","random",552,"AFF1|SESN3|STRA6|DEPDC1",4,1.475,1.113,1.955,0.00683,0.556,0.431,0.681
"GSE31210",FALSE,"proliferation_matched","random",553,"ESPL1|MRPS7|ANKS1A|FAT4",4,0.692,0.462,1.036,0.0738,0.613,0.492,0.734
"GSE31210",FALSE,"proliferation_matched","random",554,"PALMD|RPP30|WASF3|MRPL15",4,1.25,0.895,1.746,0.19,0.545,0.431,0.66
"GSE31210",FALSE,"proliferation_matched","random",555,"CD300LG|SDF2L1|ZFAND3|SEC14L3",4,1.158,0.853,1.573,0.346,0.544,0.442,0.645
"GSE31210",FALSE,"proliferation_matched","random",556,"RABIF|CENPO|RBMS3|MOB1A",4,1.197,0.873,1.642,0.265,0.572,0.463,0.681
"GSE31210",FALSE,"proliferation_matched","random",557,"DDX56|PPP1R14A|CACUL1|GBP2",4,1.455,1.054,2.011,0.0228,0.628,0.527,0.729
"GSE31210",FALSE,"proliferation_matched","random",558,"SECISBP2L|THBS2|CPXM1|CDC7",4,1.302,0.971,1.745,0.0779,0.585,0.471,0.699
"GSE31210",FALSE,"proliferation_matched","random",559,"FANCG|CENPF|PNISR|RASSF4",4,1.115,0.794,1.566,0.53,0.531,0.418,0.645
"GSE31210",FALSE,"proliferation_matched","random",560,"SLC25A19|CHPF2|PRSS12|SLC18A2",4,1.039,0.725,1.488,0.834,0.521,0.412,0.63
"GSE31210",FALSE,"proliferation_matched","random",561,"ASF1B|GSTA1|YDJC|CALU",4,1.218,0.885,1.675,0.226,0.604,0.509,0.699
"GSE31210",FALSE,"proliferation_matched","random",562,"EIF4E3|STAT2|HERC1|MFSD9",4,1.107,0.779,1.573,0.571,0.538,0.439,0.638
"GSE31210",FALSE,"proliferation_matched","random",563,"ETV1|ABCE1|CSRP1|MZT2A",4,1.043,0.742,1.466,0.808,0.527,0.416,0.638
"GSE31210",FALSE,"proliferation_matched","random",564,"PLEKHM3|KLF9|IVD|HAPLN3",4,0.598,0.393,0.909,0.0162,0.63,0.531,0.728
"GSE31210",FALSE,"proliferation_matched","random",565,"MCM7|CCDC34|HIF1A|UBE2S",4,1.372,1.05,1.792,0.0207,0.659,0.567,0.752
"GSE31210",FALSE,"proliferation_matched","random",566,"TMEM178A|ZBTB20|TTLL7|GTPBP10",4,0.46,0.279,0.758,0.00234,0.682,0.594,0.771
"GSE31210",FALSE,"proliferation_matched","random",567,"TMEM30A|AK9|TTYH3|THBS2",4,1.171,0.831,1.65,0.367,0.538,0.435,0.641
"GSE31210",FALSE,"proliferation_matched","random",568,"S100A9|C9orf40|ARHGEF37|SUPT7L",4,1.228,0.924,1.632,0.156,0.555,0.445,0.664
"GSE31210",FALSE,"proliferation_matched","random",569,"FANCD2|FLAD1|GALNT16|EZH1",4,1.209,0.932,1.568,0.153,0.526,0.414,0.638
"GSE31210",FALSE,"proliferation_matched","random",570,"MCM3|GPX8|TOB1|ACLY",4,1.131,0.806,1.586,0.476,0.533,0.416,0.651
"GSE31210",FALSE,"proliferation_matched","random",571,"NEK7|MCM4|MELK|APOL1",4,1.433,1.139,1.802,0.00216,0.637,0.52,0.754
"GSE31210",FALSE,"proliferation_matched","random",572,"ATP6V0A2|COPS7B|RPA3|ADH1A",4,0.693,0.466,1.031,0.0705,0.593,0.486,0.7
"GSE31210",FALSE,"proliferation_matched","random",573,"MAST4|CMTM3|PPIL1|ATP1B2",4,1.09,0.759,1.566,0.642,0.484,0.357,0.612
"GSE31210",FALSE,"proliferation_matched","random",574,"TMEM170B|DIRAS3|FMO2|RAP2B",4,0.82,0.553,1.217,0.325,0.565,0.466,0.665
"GSE31210",FALSE,"proliferation_matched","random",575,"C11orf54|CD99|ST6GALNAC6|CSAD",4,0.773,0.536,1.115,0.168,0.551,0.447,0.655
"GSE31210",FALSE,"proliferation_matched","random",576,"MBD2|LDB2|NTNG1|MAN2A1",4,0.986,0.694,1.401,0.937,0.474,0.389,0.559
"GSE31210",FALSE,"proliferation_matched","random",577,"IL1R2|ZYG11B|CTSF|LMOD1",4,0.561,0.367,0.856,0.00741,0.644,0.55,0.738
"GSE31210",FALSE,"proliferation_matched","random",578,"TSLP|SLC18A2|PRTG|RIMKLB",4,0.415,0.247,0.7,0.000954,0.703,0.611,0.794
"GSE31210",FALSE,"proliferation_matched","random",579,"GMPPA|FRAS1|NATD1|RANBP1",4,0.963,0.676,1.373,0.836,0.507,0.401,0.614
"GSE31210",FALSE,"proliferation_matched","random",580,"XRCC5|PRDM5|TGFBI|PLA2G1B",4,1.303,0.937,1.811,0.115,0.56,0.449,0.67
"GSE31210",FALSE,"proliferation_matched","random",581,"FAM219B|DISP1|SNX1|GCLM",4,0.794,0.536,1.177,0.251,0.554,0.442,0.666
"GSE31210",FALSE,"proliferation_matched","random",582,"SRRT|C9orf40|PRPF19|CCDC86",4,1.382,1.061,1.801,0.0166,0.669,0.576,0.762
"GSE31210",FALSE,"proliferation_matched","random",583,"SPOCK1|SGCG|MRPS35|MVB12B",4,0.993,0.685,1.439,0.971,0.435,0.342,0.528
"GSE31210",FALSE,"proliferation_matched","random",584,"PTPRH|SRP19|TOPBP1|DTYMK",4,1.434,1.137,1.809,0.00234,0.684,0.586,0.783
"GSE31210",FALSE,"proliferation_matched","random",585,"CASZ1|FBXL3|DEPDC1|TUB",4,0.57,0.369,0.881,0.0114,0.61,0.514,0.707
"GSE31210",FALSE,"proliferation_matched","random",586,"HNRNPA0|DUS1L|CDH26|PAICS",4,0.587,0.37,0.931,0.0235,0.627,0.519,0.735
"GSE31210",FALSE,"proliferation_matched","random",587,"IBA57|MBD2|GPR19|BZW1",4,1.401,1.02,1.926,0.0375,0.608,0.506,0.71
"GSE31210",FALSE,"proliferation_matched","random",588,"PTCHD1|ALDH2|THBD|DUSP19",4,0.472,0.304,0.734,0.000848,0.697,0.613,0.78
"GSE31210",FALSE,"proliferation_matched","random",589,"BAK1|C11orf54|TCP11L2|PDK4",4,0.458,0.313,0.67,5.8e-05,0.714,0.625,0.803
"GSE31210",FALSE,"proliferation_matched","random",590,"MRPS35|SHMT2|TRIP12|CDC25A",4,1.563,1.217,2.007,0.000468,0.719,0.631,0.807
"GSE31210",FALSE,"proliferation_matched","random",591,"FGFR3|GID4|MICU3|TCEAL2",4,0.47,0.298,0.742,0.00119,0.683,0.597,0.77
"GSE31210",FALSE,"proliferation_matched","random",592,"ARNT|TIMM8B|CNST|BTF3L4",4,0.926,0.641,1.34,0.685,0.514,0.409,0.62
"GSE31210",FALSE,"proliferation_matched","random",593,"TPRKB|SNRPF|TMEM158|RASSF9",4,1.3,0.943,1.793,0.109,0.584,0.487,0.681
"GSE31210",FALSE,"proliferation_matched","random",594,"LILRB4|ETV7|HMBS|UNC13B",4,1.076,0.763,1.518,0.676,0.556,0.459,0.654
"GSE31210",FALSE,"proliferation_matched","random",595,"GSTM5|ZSCAN18|FAM72A|SOS2",4,0.541,0.344,0.853,0.00817,0.658,0.562,0.753
"GSE31210",FALSE,"proliferation_matched","random",596,"MPHOSPH9|GMPS|ATXN7|PDE2A",4,0.589,0.372,0.931,0.0234,0.621,0.519,0.722
"GSE31210",FALSE,"proliferation_matched","random",597,"LIG1|U2SURP|AQP4|REEP5",4,0.719,0.481,1.076,0.109,0.565,0.468,0.663
"GSE31210",FALSE,"proliferation_matched","random",598,"B4GALT4|ATF5|ZHX3|BRIP1",4,1.759,1.358,2.277,1.83e-05,0.697,0.609,0.785
"GSE31210",FALSE,"proliferation_matched","random",599,"GCC2|MID2|SHROOM3|PNP",4,0.695,0.464,1.04,0.0771,0.637,0.531,0.743
"GSE31210",FALSE,"proliferation_matched","random",600,"PSMB2|LIG1|ZYG11A|SEMA6D",4,0.898,0.611,1.321,0.585,0.527,0.418,0.636
"GSE31210",FALSE,"proliferation_matched","random",601,"SCAI|CDO1|TGFBI|NATD1",4,0.535,0.342,0.836,0.00606,0.649,0.544,0.754
"GSE31210",FALSE,"proliferation_matched","random",602,"CCDC121|RABL2A|ARMC10|SPRY1",4,0.437,0.276,0.693,0.000427,0.673,0.583,0.763
"GSE31210",FALSE,"proliferation_matched","random",603,"RFC2|FSCN1|IYD|SORBS1",4,1.171,0.842,1.628,0.348,0.513,0.394,0.631
"GSE31210",FALSE,"proliferation_matched","random",604,"OGN|EMP2|RFC4|TBX4",4,0.752,0.494,1.146,0.186,0.569,0.457,0.681
"GSE31210",FALSE,"proliferation_matched","random",605,"GALNT18|HMGA1|FGF18|MPV17L",4,0.796,0.535,1.186,0.262,0.577,0.462,0.692
"GSE31210",FALSE,"proliferation_matched","random",606,"PSMD2|IGSF9|NPM3|ZNF367",4,1.709,1.33,2.197,2.82e-05,0.728,0.632,0.823
"GSE31210",FALSE,"proliferation_matched","random",607,"HEATR1|PTPRB|TDO2|C5orf46",4,1.13,0.825,1.547,0.446,0.539,0.424,0.654
"GSE31210",FALSE,"proliferation_matched","random",608,"ZBTB7C|DEPDC1B|RBL1|EIF6",4,1.269,1.031,1.563,0.0249,0.648,0.54,0.757
"GSE31210",FALSE,"proliferation_matched","random",609,"PLSCR1|SIGLEC6|ETS2|TRIP13",4,1.004,0.7,1.439,0.983,0.493,0.382,0.604
"GSE31210",FALSE,"proliferation_matched","random",610,"SOS2|SLAMF8|CELSR3|CENPH",4,1.483,1.105,1.992,0.0087,0.608,0.508,0.708
"GSE31210",FALSE,"proliferation_matched","random",611,"DOK4|TANC1|ACTR3|BEND7",4,0.585,0.391,0.877,0.0094,0.689,0.595,0.784
"GSE31210",FALSE,"proliferation_matched","random",612,"KIAA0513|POLDIP3|PAFAH1B1|EFCAB6",4,0.505,0.334,0.764,0.00124,0.692,0.593,0.791
"GSE31210",FALSE,"proliferation_matched","random",613,"POLA2|ASF1A|LUZP2|SULF2",4,0.861,0.583,1.271,0.451,0.551,0.436,0.666
"GSE31210",FALSE,"proliferation_matched","random",614,"GPI|GMIP|CDKN3|ADARB1",4,1.237,0.936,1.635,0.135,0.602,0.496,0.708
"GSE31210",FALSE,"proliferation_matched","random",615,"CALU|HELLS|FBXO38|MOB1A",4,1.318,0.974,1.784,0.0733,0.618,0.514,0.723
"GSE31210",FALSE,"proliferation_matched","random",616,"NETO1|GPR84|PCBD2|ZBTB8OS",4,1.34,0.987,1.82,0.061,0.572,0.455,0.69
"GSE31210",FALSE,"proliferation_matched","random",617,"TNFRSF21|FAM160A2|DNAJC10|FAM76A",4,1.049,0.727,1.514,0.798,0.506,0.395,0.617
"GSE31210",FALSE,"proliferation_matched","random",618,"TBX3|CBWD1|CCT5|ACADL",4,1.03,0.729,1.454,0.868,0.522,0.415,0.629
"GSE31210",FALSE,"proliferation_matched","random",619,"GOLT1B|EFHC2|ITGAV|SUV39H2",4,1.507,1.133,2.006,0.00484,0.656,0.555,0.758
"GSE31210",FALSE,"proliferation_matched","random",620,"GTSE1|PITPNC1|SH3BGRL3|ALPL",4,1.096,0.788,1.524,0.587,0.562,0.464,0.661
"GSE31210",FALSE,"proliferation_matched","random",621,"GKAP1|PTGDS|LRR1|SMARCA5",4,0.525,0.343,0.805,0.00313,0.716,0.627,0.806
"GSE31210",FALSE,"proliferation_matched","random",622,"MZT2A|GSKIP|CCM2L|REPS2",4,1.132,0.84,1.525,0.417,0.501,0.394,0.607
"GSE31210",FALSE,"proliferation_matched","random",623,"ZYG11A|ADHFE1|SORBS2|EIF2S1",4,0.569,0.37,0.875,0.0102,0.634,0.53,0.739
"GSE31210",FALSE,"proliferation_matched","random",624,"MUSTN1|IL11RA|PARP1|MFSD9",4,0.65,0.427,0.987,0.0433,0.587,0.486,0.687
"GSE31210",FALSE,"proliferation_matched","random",625,"PGRMC2|ZNF84|RGS7BP|SLC17A3",4,0.471,0.29,0.764,0.00228,0.655,0.555,0.755
"GSE31210",FALSE,"proliferation_matched","random",626,"IMP4|CAMK2N2|TPPP3|SLC12A7",4,1.274,0.968,1.676,0.084,0.602,0.499,0.705
"GSE31210",FALSE,"proliferation_matched","random",627,"DNAJC10|TMEM116|RMI2|B4GALT4",4,1.527,1.15,2.027,0.00344,0.613,0.507,0.718
"GSE31210",FALSE,"proliferation_matched","random",628,"CACUL1|CYBRD1|MRPL17|CENPI",4,1.324,1.017,1.724,0.0374,0.675,0.582,0.768
"GSE31210",FALSE,"proliferation_matched","random",629,"ATG2B|MFF|MAML3|DPP3",4,0.745,0.481,1.155,0.188,0.576,0.467,0.685
"GSE31210",FALSE,"proliferation_matched","random",630,"EFEMP1|TTYH2|ARHGEF39|VAPB",4,0.58,0.39,0.861,0.0069,0.618,0.505,0.73
"GSE31210",FALSE,"proliferation_matched","random",631,"LRRC59|GPN1|GRIN3A|DBF4",4,1.522,1.18,1.962,0.00122,0.707,0.613,0.801
"GSE31210",FALSE,"proliferation_matched","random",632,"LDB2|ANKRD6|RBM18|IRX2",4,0.547,0.366,0.816,0.00312,0.659,0.561,0.758
"GSE31210",FALSE,"proliferation_matched","random",633,"TSPYL1|ADA|TYW5|GMPPA",4,1.523,1.107,2.094,0.00969,0.63,0.524,0.737
"GSE31210",FALSE,"proliferation_matched","random",634,"OSBPL9|ABCA6|PRICKLE2|MRPS30",4,0.598,0.401,0.891,0.0115,0.646,0.543,0.748
"GSE31210",FALSE,"proliferation_matched","random",635,"SULF1|PJA2|ALG8|ZBTB37",4,0.747,0.509,1.096,0.136,0.551,0.438,0.663
"GSE31210",FALSE,"proliferation_matched","random",636,"ABCA12|C9orf40|CHAC2|RC3H1",4,1.02,0.705,1.477,0.916,0.504,0.384,0.624
"GSE31210",FALSE,"proliferation_matched","random",637,"SERP2|RAP2B|GATAD2A|SCNM1",4,1.667,1.268,2.19,0.000249,0.691,0.596,0.786
"GSE31210",FALSE,"proliferation_matched","random",638,"NISCH|NR2F1|SMCO3|NIFK",4,0.605,0.402,0.912,0.0165,0.649,0.55,0.748
"GSE31210",FALSE,"proliferation_matched","random",639,"ZC3H8|GPM6B|ATAD5|NOSTRIN",4,0.563,0.361,0.88,0.0117,0.636,0.542,0.73
"GSE31210",FALSE,"proliferation_matched","random",640,"PLEKHH2|FAM76A|FUCA2|FMO3",4,0.575,0.36,0.918,0.0206,0.638,0.537,0.739
"GSE31210",FALSE,"proliferation_matched","random",641,"TOR1A|MEGF11|BOP1|RHOT1",4,1.014,0.702,1.462,0.943,0.509,0.403,0.615
"GSE31210",FALSE,"proliferation_matched","random",642,"ZWINT|SHROOM4|LMCD1|WDR17",4,0.657,0.423,1.02,0.0615,0.622,0.513,0.731
"GSE31210",FALSE,"proliferation_matched","random",643,"PDCD7|SERPINE2|FBXO5|ILF2",4,1.31,0.989,1.736,0.0598,0.612,0.515,0.709
"GSE31210",FALSE,"proliferation_matched","random",644,"LRRN3|HMOX1|FAM210B|SPAG5",4,1.246,0.867,1.791,0.234,0.52,0.406,0.635
"GSE31210",FALSE,"proliferation_matched","random",645,"CORO1C|MRPL3|MED8|HJURP",4,1.484,1.177,1.87,0.000837,0.726,0.641,0.811
"GSE31210",FALSE,"proliferation_matched","random",646,"PRELP|NDUFS6|TRIP13|CKS1B",4,1.369,1.052,1.781,0.0195,0.67,0.579,0.761
"GSE31210",FALSE,"proliferation_matched","random",647,"HPSE|CBWD1|PPIL1|NT5C3A",4,1.602,1.213,2.116,0.000901,0.684,0.591,0.777
"GSE31210",FALSE,"proliferation_matched","random",648,"FRAS1|EFCC1|HNRNPAB|SLCO5A1",4,0.897,0.608,1.323,0.584,0.56,0.458,0.663
"GSE31210",FALSE,"proliferation_matched","random",649,"COLEC12|KLF15|CDV3|PTRH2",4,0.892,0.611,1.303,0.554,0.534,0.437,0.632
"GSE31210",FALSE,"proliferation_matched","random",650,"RAD54B|ABCE1|BNIPL|GZMB",4,1.086,0.766,1.539,0.645,0.581,0.48,0.682
"GSE31210",FALSE,"proliferation_matched","random",651,"MCM10|TOMM5|ZC3H8|MGAT2",4,1.429,1.064,1.919,0.0178,0.665,0.562,0.767
"GSE31210",FALSE,"proliferation_matched","random",652,"SLC25A40|BTBD7|GSKIP|SEMA4B",4,1.266,0.941,1.703,0.12,0.632,0.533,0.73
"GSE31210",FALSE,"proliferation_matched","random",653,"GABPB2|PSMB3|SPRY1|ATAD5",4,0.754,0.503,1.129,0.17,0.566,0.454,0.678
"GSE31210",FALSE,"proliferation_matched","random",654,"VIPR1|PRKCE|ECHDC2|ESYT3",4,0.407,0.242,0.682,0.000655,0.691,0.606,0.776
"GSE31210",FALSE,"proliferation_matched","random",655,"PURA|IFT74|PFKFB4|CELSR3",4,1.071,0.75,1.531,0.705,0.498,0.377,0.619
"GSE31210",FALSE,"proliferation_matched","random",656,"GCC2|PTBP3|AIMP1|ACOT7",4,1.485,1.147,1.922,0.0027,0.68,0.594,0.765
"GSE31210",FALSE,"proliferation_matched","random",657,"CPB2|TRAK1|UQCRH|FBXO32",4,0.984,0.683,1.418,0.931,0.48,0.377,0.583
"GSE31210",FALSE,"proliferation_matched","random",658,"UBALD2|CCDC66|MIB2|PLAC9",4,0.431,0.278,0.669,0.000177,0.687,0.598,0.775
"GSE31210",FALSE,"proliferation_matched","random",659,"NDE1|SRSF5|FAM98A|N4BP2L1",4,0.676,0.453,1.008,0.055,0.614,0.51,0.718
"GSE31210",FALSE,"proliferation_matched","random",660,"SH3BGRL3|NEK5|ACSS3|MXRA5",4,1.357,0.979,1.88,0.0666,0.592,0.479,0.705
"GSE31210",FALSE,"proliferation_matched","random",661,"DPY30|MAST4|NXPH3|LMNB1",4,0.951,0.651,1.389,0.795,0.548,0.444,0.653
"GSE31210",FALSE,"proliferation_matched","random",662,"CYP4Z1|CYBA|SBSPON|SETBP1",4,0.743,0.499,1.108,0.145,0.583,0.467,0.7
"GSE31210",FALSE,"proliferation_matched","random",663,"TTK|CEP89|SLC25A40|LYPLAL1",4,1.308,0.998,1.715,0.0513,0.567,0.448,0.686
"GSE31210",FALSE,"proliferation_matched","random",664,"LYRM7|MYH1|CSRP1|HDAC2",4,0.78,0.518,1.174,0.233,0.602,0.509,0.695
"GSE31210",FALSE,"proliferation_matched","random",665,"ARHGAP11B|SSBP1|ARRDC3|MGAT2",4,0.982,0.684,1.411,0.923,0.458,0.351,0.566
"GSE31210",FALSE,"proliferation_matched","random",666,"NR2F2|SRD5A3|SH3D19|LOXL2",4,1.144,0.813,1.608,0.44,0.546,0.431,0.661
"GSE31210",FALSE,"proliferation_matched","random",667,"ZNF471|NDRG2|CAPN3|SPATA18",4,0.533,0.342,0.833,0.00566,0.67,0.59,0.75
"GSE31210",FALSE,"proliferation_matched","random",668,"PURA|HSPA13|PGM5|PSMD3",4,0.46,0.261,0.808,0.0069,0.634,0.527,0.742
"GSE31210",FALSE,"proliferation_matched","random",669,"STX18|MYH11|HMGB2|ZMAT1",4,1.061,0.735,1.53,0.753,0.52,0.402,0.637
"GSE31210",FALSE,"proliferation_matched","random",670,"SLBP|SNX1|SYNC|NT5C3A",4,0.78,0.531,1.145,0.205,0.543,0.425,0.661
"GSE31210",FALSE,"proliferation_matched","random",671,"KLHDC1|GATAD2B|SLC20A1|KANK2",4,0.387,0.236,0.634,0.000165,0.717,0.61,0.824
"GSE31210",FALSE,"proliferation_matched","random",672,"FANCB|TBC1D24|EPHB2|MDM4",4,0.948,0.659,1.362,0.771,0.522,0.413,0.631
"GSE31210",FALSE,"proliferation_matched","random",673,"VEPH1|F8|PYCR1|JAM2",4,0.69,0.46,1.034,0.0719,0.611,0.518,0.704
"GSE31210",FALSE,"proliferation_matched","random",674,"ARNT|ADAMDEC1|SLU7|RAB8A",4,1.139,0.797,1.628,0.474,0.52,0.401,0.639
"GSE31210",FALSE,"proliferation_matched","random",675,"ATP2A2|ADAMTS17|ZNF248|SOS1",4,1.136,0.778,1.66,0.508,0.524,0.404,0.644
"GSE31210",FALSE,"proliferation_matched","random",676,"NEDD9|SLC27A1|PSMC4|UHRF1",4,1.209,0.885,1.651,0.234,0.53,0.429,0.631
"GSE31210",FALSE,"proliferation_matched","random",677,"METTL7A|HELLS|DUOXA1|ZNF395",4,0.75,0.522,1.077,0.119,0.582,0.483,0.68
"GSE31210",FALSE,"proliferation_matched","random",678,"MRPS16|PSMD1|SLK|ANKIB1",4,1.673,1.263,2.216,0.00033,0.683,0.582,0.784
"GSE31210",FALSE,"proliferation_matched","random",679,"KPNB1|PSMA5|XPC|NPNT",4,1.717,1.219,2.42,0.002,0.648,0.54,0.756
"GSE31210",FALSE,"proliferation_matched","random",680,"ZBTB20|ABAT|NDUFS6|ZNF654",4,0.901,0.626,1.298,0.577,0.553,0.452,0.655
"GSE31210",FALSE,"proliferation_matched","random",681,"CTSA|EIF4A3|SLC7A1|STEAP1B",4,1.558,1.218,1.992,0.000416,0.713,0.625,0.802
"GSE31210",FALSE,"proliferation_matched","random",682,"DAPK1|CHEK1|FMO3|RMI1",4,1.225,0.867,1.731,0.25,0.509,0.389,0.629
"GSE31210",FALSE,"proliferation_matched","random",683,"ADCY9|STYK1|ANO4|ACKR1",4,0.472,0.293,0.76,0.002,0.679,0.584,0.775
"GSE31210",FALSE,"proliferation_matched","random",684,"ZBTB44|RUNX2|EGLN3|USP12",4,0.81,0.55,1.193,0.287,0.575,0.458,0.692
"GSE31210",FALSE,"proliferation_matched","random",685,"COL11A1|NPY1R|PYGL|NFYC",4,1.28,0.909,1.802,0.157,0.557,0.438,0.677
"GSE31210",FALSE,"proliferation_matched","random",686,"MPV17L|TBX5|YTHDC1|MMP28",4,0.388,0.253,0.593,1.3e-05,0.746,0.667,0.824
"GSE31210",FALSE,"proliferation_matched","random",687,"LUZP2|AGMAT|SEC61G|PALMD",4,0.766,0.506,1.159,0.207,0.57,0.454,0.685
"GSE31210",FALSE,"proliferation_matched","random",688,"FAM210B|PARP9|ID4|BUB1",4,1.184,0.845,1.657,0.326,0.543,0.425,0.661
"GSE31210",FALSE,"proliferation_matched","random",689,"ADAMTS2|DTL|B3GALT6|GPIHBP1",4,1.362,0.992,1.871,0.0563,0.554,0.452,0.656
"GSE31210",FALSE,"proliferation_matched","random",690,"ZPR1|BAHCC1|EZH2|ZMYND12",4,0.891,0.593,1.34,0.581,0.5,0.407,0.593
"GSE31210",FALSE,"proliferation_matched","random",691,"ZNF267|LPGAT1|SCO2|AGER",4,1.426,1.036,1.962,0.0296,0.629,0.53,0.728
"GSE31210",FALSE,"proliferation_matched","random",692,"SHMT2|SPC25|ANK3|DNAJC12",4,1.189,0.894,1.582,0.234,0.612,0.515,0.709
"GSE31210",FALSE,"proliferation_matched","random",693,"CLPB|IL15RA|TMEM37|CTSF",4,0.839,0.569,1.238,0.377,0.549,0.437,0.661
"GSE31210",FALSE,"proliferation_matched","random",694,"STX18|TENM4|EPM2A|SLU7",4,1.084,0.762,1.542,0.655,0.471,0.371,0.571
"GSE31210",FALSE,"proliferation_matched","random",695,"CCNF|NAA10|CXCL11|PJA2",4,1.199,0.868,1.657,0.271,0.541,0.424,0.657
"GSE31210",FALSE,"proliferation_matched","random",696,"NXPH3|COL4A3|NIFK|YPEL5",4,0.571,0.38,0.859,0.00706,0.639,0.538,0.741
"GSE31210",FALSE,"proliferation_matched","random",697,"MRPL17|PURA|EPC2|ZNF395",4,0.707,0.462,1.082,0.11,0.592,0.468,0.715
"GSE31210",FALSE,"proliferation_matched","random",698,"PPP2R5A|PRDM5|DPP6|BTNL9",4,0.446,0.254,0.783,0.00495,0.705,0.611,0.799
"GSE31210",FALSE,"proliferation_matched","random",699,"ABI3BP|DCUN1D5|SOBP|MESP2",4,0.544,0.371,0.796,0.00175,0.684,0.608,0.761
"GSE31210",FALSE,"proliferation_matched","random",700,"C1orf112|ACADL|CBWD1|CDCA3",4,1.317,1.057,1.643,0.0143,0.637,0.539,0.735
"GSE31210",FALSE,"proliferation_matched","random",701,"SGCG|CSNK2A1|PPP1R14B|CDH3",4,1.546,1.216,1.965,0.00037,0.722,0.636,0.808
"GSE31210",FALSE,"proliferation_matched","random",702,"ZNF136|ITIH5|IGFLR1|CYP2B6",4,0.617,0.425,0.898,0.0116,0.662,0.567,0.757
"GSE31210",FALSE,"proliferation_matched","random",703,"MMRN1|MRPL15|ARHGEF17|RBMS2",4,0.689,0.447,1.062,0.0916,0.603,0.486,0.72
"GSE31210",FALSE,"proliferation_matched","random",704,"MFN1|PSMA4|TLCD2|SNRPB",4,1.685,1.266,2.242,0.000344,0.688,0.59,0.786
"GSE31210",FALSE,"proliferation_matched","random",705,"NMT1|RPS6KA5|PPP4R2|FBXO5",4,1.11,0.795,1.551,0.541,0.564,0.455,0.673
"GSE31210",FALSE,"proliferation_matched","random",706,"LY96|GAS2|TOB2|FCER1A",4,0.762,0.511,1.138,0.184,0.583,0.488,0.677
"GSE31210",FALSE,"proliferation_matched","random",707,"SRSF5|C7|LTBP2|NAA15",4,0.59,0.395,0.88,0.00976,0.665,0.57,0.759
"GSE31210",FALSE,"proliferation_matched","random",708,"PRG4|POMP|CCBE1|PCDHB4",4,0.917,0.621,1.353,0.661,0.541,0.429,0.654
"GSE31210",FALSE,"proliferation_matched","random",709,"ABHD13|ABCA8|GPN1|LTBP2",4,0.696,0.473,1.026,0.067,0.593,0.498,0.688
"GSE31210",FALSE,"proliferation_matched","random",710,"CASQ2|SSX2IP|AGO4|DHCR7",4,1.128,0.799,1.592,0.493,0.516,0.411,0.62
"GSE31210",FALSE,"proliferation_matched","random",711,"FAM220A|GSKIP|GBP5|NXPH3",4,1.27,0.944,1.71,0.114,0.626,0.531,0.722
"GSE31210",FALSE,"proliferation_matched","random",712,"ACVR2A|UNC45B|STIL|ADAMTS17",4,0.649,0.423,0.994,0.047,0.598,0.501,0.694
"GSE31210",FALSE,"proliferation_matched","random",713,"TDO2|DENR|TAL1|PACSIN1",4,1.024,0.711,1.475,0.898,0.516,0.416,0.616
"GSE31210",FALSE,"proliferation_matched","random",714,"CSNK1D|FCGR3A|UBE2K|PLEK2",4,1.621,1.236,2.125,0.000475,0.741,0.668,0.813
"GSE31210",FALSE,"proliferation_matched","random",715,"ERGIC2|PPP1R18|ZDHHC2|CDCA5",4,1.555,1.142,2.119,0.00513,0.668,0.587,0.75
"GSE31210",FALSE,"proliferation_matched","random",716,"SPOCK1|MCHR1|CDCA2|GATAD2B",4,0.976,0.667,1.427,0.9,0.489,0.367,0.611
"GSE31210",FALSE,"proliferation_matched","random",717,"WDR17|SHOX2|KAT6B|TDO2",4,0.385,0.21,0.704,0.00194,0.696,0.617,0.774
"GSE31210",FALSE,"proliferation_matched","random",718,"TWIST1|ACOT7|TYRP1|ADH1A",4,0.902,0.62,1.31,0.587,0.554,0.44,0.668
"GSE31210",FALSE,"proliferation_matched","random",719,"PLEK2|CYB5D2|TLCD2|HCFC2",4,0.657,0.431,1.001,0.0506,0.639,0.528,0.751
"GSE31210",FALSE,"proliferation_matched","random",720,"MRPS35|EFCAB6|SCAI|FSCN1",4,0.796,0.52,1.217,0.293,0.58,0.473,0.687
"GSE31210",FALSE,"proliferation_matched","random",721,"SASH1|IGSF10|PLCD1|PRDM16",4,0.468,0.304,0.72,0.000552,0.687,0.594,0.779
"GSE31210",FALSE,"proliferation_matched","random",722,"MEGF11|METTL7A|FIBP|ZBED6CL",4,1.013,0.704,1.458,0.945,0.515,0.394,0.636
"GSE31210",FALSE,"proliferation_matched","random",723,"HMGB3|ZHX3|EMC8|MACROD2",4,1.136,0.805,1.603,0.467,0.523,0.41,0.636
"GSE31210",FALSE,"proliferation_matched","random",724,"UTP6|OGN|S100A2|ATP6V0A2",4,1.069,0.742,1.539,0.721,0.506,0.391,0.621
"GSE31210",FALSE,"proliferation_matched","random",725,"CEP135|SAE1|CDH26|SOCS7",4,0.682,0.453,1.028,0.0675,0.617,0.522,0.712
"GSE31210",FALSE,"proliferation_matched","random",726,"HOXA4|TMEM171|NUDT22|LRR1",4,1.386,1.045,1.837,0.0233,0.604,0.507,0.702
"GSE31210",FALSE,"proliferation_matched","random",727,"PSMA2|PIGR|ZNF706|RAPGEF5",4,1.176,0.839,1.647,0.347,0.586,0.484,0.687
"GSE31210",FALSE,"proliferation_matched","random",728,"HYLS1|RYR3|RELB|JDP2",4,0.817,0.556,1.202,0.305,0.592,0.491,0.693
"GSE31210",FALSE,"proliferation_matched","random",729,"NPEPPS|RFWD3|PLXNA3|AURKA",4,1.48,1.157,1.893,0.00181,0.698,0.624,0.773
"GSE31210",FALSE,"proliferation_matched","random",730,"PLEK2|HYI|FRAT1|CALCOCO2",4,0.724,0.498,1.053,0.0909,0.621,0.519,0.723
"GSE31210",FALSE,"proliferation_matched","random",731,"GTPBP10|FREM2|SOS2|PGK1",4,1.114,0.798,1.553,0.527,0.572,0.482,0.663
"GSE31210",FALSE,"proliferation_matched","random",732,"SCARF1|RAB33B|AMPD2|GINS2",4,0.775,0.53,1.135,0.191,0.601,0.493,0.709
"GSE31210",FALSE,"proliferation_matched","random",733,"WDR12|SEMA6D|RAD51AP1|NIFK",4,1.327,0.996,1.77,0.0537,0.616,0.502,0.729
"GSE31210",FALSE,"proliferation_matched","random",734,"ARNTL2|AATF|LMCD1|ACVR2A",4,0.971,0.667,1.412,0.876,0.523,0.413,0.632
"GSE31210",FALSE,"proliferation_matched","random",735,"FANCA|NCBP1|PAK1|MAST4",4,1.846,1.369,2.488,5.78e-05,0.701,0.594,0.808
"GSE31210",FALSE,"proliferation_matched","random",736,"GINS1|GATAD2A|TOB2|PRELID1",4,1.338,0.972,1.842,0.0741,0.593,0.5,0.685
"GSE31210",FALSE,"proliferation_matched","random",737,"ORC1|SMOX|NDE1|MRPL36",4,1.422,1.107,1.827,0.0058,0.724,0.648,0.8
"GSE31210",FALSE,"proliferation_matched","random",738,"BTG2|TICAM2|PACSIN1|COL11A1",4,1.271,0.925,1.747,0.139,0.607,0.5,0.713
"GSE31210",FALSE,"proliferation_matched","random",739,"ATAD2|CMC2|CDCA5|ZNF385B",4,1.153,0.839,1.585,0.38,0.558,0.453,0.663
"GSE31210",FALSE,"proliferation_matched","random",740,"CDCA2|MACF1|LTBP4|S100A2",4,0.93,0.633,1.366,0.711,0.552,0.445,0.659
"GSE31210",FALSE,"proliferation_matched","random",741,"FBXL3|PSMB8|RNASEH1|ANKRD6",4,1.259,0.889,1.783,0.195,0.55,0.434,0.666
"GSE31210",FALSE,"proliferation_matched","random",742,"ARPC4|PTPN21|SULF2|KRBOX4",4,1.147,0.823,1.598,0.417,0.549,0.453,0.645
"GSE31210",FALSE,"proliferation_matched","random",743,"AQP3|TPBG|RGS19|ZFAND2A",4,1.742,1.294,2.345,0.000251,0.706,0.614,0.797
"GSE31210",FALSE,"proliferation_matched","random",744,"BEND7|RPS6KA5|ADAMTS17|BCHE",4,0.451,0.285,0.713,0.000664,0.681,0.599,0.764
"GSE31210",FALSE,"proliferation_matched","random",745,"PER3|POLA2|ACSS3|KANK2",4,0.549,0.356,0.846,0.00663,0.673,0.569,0.778
"GSE31210",FALSE,"proliferation_matched","random",746,"GOLGA1|NTRK3|TBC1D31|SFPQ",4,0.74,0.502,1.09,0.127,0.604,0.506,0.701
"GSE31210",FALSE,"proliferation_matched","random",747,"GFPT1|MRPL17|ABCE1|ECT2",4,1.444,1.068,1.952,0.017,0.685,0.598,0.772
"GSE31210",FALSE,"proliferation_matched","random",748,"MUSTN1|HMGA1|C9orf16|MUC16",4,1.621,1.246,2.11,0.000323,0.636,0.539,0.734
"GSE31210",FALSE,"proliferation_matched","random",749,"POLD1|GXYLT1|ELF4|RORA",4,1.09,0.755,1.573,0.645,0.551,0.437,0.666
"GSE31210",FALSE,"proliferation_matched","random",750,"RAB9B|TTC28|KLF9|GREM1",4,0.73,0.474,1.125,0.154,0.569,0.47,0.668
"GSE31210",FALSE,"proliferation_matched","random",751,"ST3GAL6|AP2B1|PPP1R12B|YAP1",4,0.872,0.608,1.251,0.457,0.534,0.436,0.632
"GSE31210",FALSE,"proliferation_matched","random",752,"MMD|SIPA1|CCDC18|AQP3",4,1.14,0.813,1.6,0.447,0.555,0.448,0.662
"GSE31210",FALSE,"proliferation_matched","random",753,"AP3D1|SGSM1|CTSL|ZNF214",4,1.198,0.855,1.679,0.294,0.585,0.492,0.678
"GSE31210",FALSE,"proliferation_matched","random",754,"FHL5|PAK1|APOL1|KIFC1",4,1.64,1.319,2.04,8.59e-06,0.798,0.725,0.87
"GSE31210",FALSE,"proliferation_matched","random",755,"STARD9|BAHCC1|KDM6B|ZFP2",4,0.44,0.29,0.667,0.000114,0.738,0.662,0.814
"GSE31210",FALSE,"proliferation_matched","random",756,"ERBB4|KCNJ15|PPM1D|WDR17",4,0.398,0.245,0.647,0.000203,0.741,0.655,0.828
"GSE31210",FALSE,"proliferation_matched","random",757,"CDC7|SMARCA2|KPNA2|CENPN",4,1.195,0.899,1.589,0.219,0.549,0.434,0.665
"GSE31210",FALSE,"proliferation_matched","random",758,"ABLIM1|MAN1C1|SLC7A1|TUBB4B",4,1.08,0.759,1.536,0.669,0.487,0.368,0.605
"GSE31210",FALSE,"proliferation_matched","random",759,"NDC80|NT5DC1|PPP2R5C|MAGI1",4,0.482,0.325,0.716,3e-04,0.704,0.61,0.799
"GSE31210",FALSE,"proliferation_matched","random",760,"TFCP2L1|ORMDL2|CLK1|DAPK2",4,0.537,0.338,0.855,0.00871,0.628,0.538,0.718
"GSE31210",FALSE,"proliferation_matched","random",761,"UBR2|ASPA|TDRD6|RAB9B",4,0.519,0.337,0.798,0.0028,0.681,0.597,0.764
"GSE31210",FALSE,"proliferation_matched","random",762,"CCL14|PHF10|MTFR1L|TEX30",4,0.637,0.416,0.976,0.0383,0.633,0.526,0.74
"GSE31210",FALSE,"proliferation_matched","random",763,"PRSS12|SGSM1|TMEM171|LRIG1",4,0.59,0.385,0.904,0.0154,0.617,0.508,0.726
"GSE31210",FALSE,"proliferation_matched","random",764,"HNRNPH3|CBX7|USP44|LYRM7",4,0.322,0.203,0.512,1.65e-06,0.777,0.706,0.847
"GSE31210",FALSE,"proliferation_matched","random",765,"CCDC186|EFTUD2|MZT2A|RCCD1",4,1.661,1.243,2.218,0.000593,0.723,0.644,0.802
"GSE31210",FALSE,"proliferation_matched","random",766,"SYNPO|SHE|TDO2|TBC1D31",4,0.618,0.416,0.917,0.0169,0.645,0.551,0.738
"GSE31210",FALSE,"proliferation_matched","random",767,"CKLF|PSMD3|R3HDM4|EPHA3",4,1.065,0.786,1.443,0.686,0.588,0.499,0.676
"GSE31210",FALSE,"proliferation_matched","random",768,"MCM7|RNASE1|CDC6|SEC61A1",4,1.514,1.157,1.981,0.00248,0.681,0.587,0.774
"GSE31210",FALSE,"proliferation_matched","random",769,"MARCKS|SPARC|CSMD2|RBM27",4,1.279,0.927,1.764,0.135,0.581,0.479,0.682
"GSE31210",FALSE,"proliferation_matched","random",770,"NOSTRIN|SNRPF|SPIDR|CDH26",4,0.665,0.445,0.994,0.0465,0.612,0.519,0.706
"GSE31210",FALSE,"proliferation_matched","random",771,"BEX4|ANKFY1|PLEK2|AHNAK",4,0.807,0.562,1.159,0.246,0.592,0.498,0.686
"GSE31210",FALSE,"proliferation_matched","random",772,"EEF2K|NEK7|GATAD2A|MPV17L",4,0.586,0.413,0.833,0.00288,0.654,0.559,0.749
"GSE31210",FALSE,"proliferation_matched","random",773,"TRIM47|PACSIN1|ADA|FAM111B",4,1.5,1.114,2.019,0.00747,0.654,0.567,0.741
"GSE31210",FALSE,"proliferation_matched","random",774,"DOCK4|DYNC2LI1|TCP11L2|FAM8A1",4,0.346,0.209,0.573,3.81e-05,0.738,0.658,0.819
"GSE31210",FALSE,"proliferation_matched","random",775,"HERC1|CCDC50|ST6GALNAC6|CCL20",4,0.637,0.423,0.959,0.0309,0.619,0.523,0.715
"GSE31210",FALSE,"proliferation_matched","random",776,"RAD54B|TLR5|USP51|EPM2A",4,0.603,0.406,0.894,0.0119,0.666,0.575,0.757
"GSE31210",FALSE,"proliferation_matched","random",777,"UNC13B|NARF|PEG3|DLC1",4,0.458,0.274,0.763,0.00273,0.686,0.586,0.786
"GSE31210",FALSE,"proliferation_matched","random",778,"RALGAPA2|MMD|FAM219B|XPO5",4,1.076,0.761,1.522,0.679,0.518,0.413,0.622
"GSE31210",FALSE,"proliferation_matched","random",779,"PDZD11|CDC34|SH2B1|BRINP3",4,0.677,0.45,1.02,0.0619,0.631,0.537,0.724
"GSE31210",FALSE,"proliferation_matched","random",780,"AFF3|MTA3|ADA|UST",4,0.768,0.527,1.12,0.17,0.577,0.469,0.685
"GSE31210",FALSE,"proliferation_matched","random",781,"ASF1A|ABCF2|CCNB1|ARPC5L",4,1.424,1.133,1.79,0.00243,0.672,0.584,0.76
"GSE31210",FALSE,"proliferation_matched","random",782,"THUMPD3|MAGEH1|GPD1L|TPPP3",4,0.88,0.598,1.296,0.518,0.571,0.471,0.67
"GSE31210",FALSE,"proliferation_matched","random",783,"C5orf49|TPRKB|AGTR1|MYO15B",4,0.585,0.351,0.975,0.0398,0.622,0.525,0.719
"GSE31210",FALSE,"proliferation_matched","random",784,"FAP|MRPL12|TMEM165|ZNF106",4,1.337,1.027,1.741,0.031,0.656,0.553,0.759
"GSE31210",FALSE,"proliferation_matched","random",785,"DLX3|TM2D2|TOMM5|SEMA3A",4,1.464,1.152,1.861,0.00181,0.69,0.599,0.781
"GSE31210",FALSE,"proliferation_matched","random",786,"TUBG1|PSMD14|MSL1|MCM4",4,1.602,1.233,2.082,0.000426,0.732,0.655,0.81
"GSE31210",FALSE,"proliferation_matched","random",787,"ARMC10|PDCD2L|SHPRH|RNF213",4,1.001,0.693,1.445,0.997,0.523,0.4,0.646
"GSE31210",FALSE,"proliferation_matched","random",788,"VWF|ARHGAP6|PRC1|SHE",4,0.747,0.489,1.14,0.176,0.518,0.422,0.615
"GSE31210",FALSE,"proliferation_matched","random",789,"MRPL36|CA3|RGS7BP|BID",4,1.138,0.84,1.541,0.405,0.561,0.45,0.673
"GSE31210",FALSE,"proliferation_matched","random",790,"YIF1A|GOLGA1|BARD1|RBM27",4,1.303,0.95,1.786,0.1,0.582,0.479,0.686
"GSE31210",FALSE,"proliferation_matched","random",791,"CITED2|TFG|EIF4EBP1|RPS6KA5",4,1.106,0.787,1.553,0.561,0.551,0.436,0.666
"GSE31210",FALSE,"proliferation_matched","random",792,"COL4A6|CCL11|NEO1|ARHGEF28",4,0.706,0.47,1.061,0.0937,0.637,0.538,0.737
"GSE31210",FALSE,"proliferation_matched","random",793,"SNRPA1|ST20|PNO1|TLCD2",4,1.5,1.122,2.006,0.00617,0.666,0.568,0.765
"GSE31210",FALSE,"proliferation_matched","random",794,"IL36RN|TSPAN4|P4HB|FAM50A",4,1.508,1.149,1.98,0.0031,0.683,0.597,0.77
"GSE31210",FALSE,"proliferation_matched","random",795,"MYO15B|CCDC90B|SAMD9L|ANGPT1",4,1.129,0.809,1.578,0.475,0.55,0.448,0.653
"GSE31210",FALSE,"proliferation_matched","random",796,"CENPK|SLC25A19|CDC45|RNASE1",4,1.313,0.986,1.748,0.0622,0.608,0.498,0.717
"GSE31210",FALSE,"proliferation_matched","random",797,"ANAPC7|KIF26B|PTPRM|ACTN1",4,1.404,1.005,1.964,0.047,0.603,0.5,0.705
"GSE31210",FALSE,"proliferation_matched","random",798,"PRELP|PRICKLE2|CALU|CCL11",4,0.957,0.67,1.367,0.811,0.513,0.416,0.61
"GSE31210",FALSE,"proliferation_matched","random",799,"SLC18A2|PTCH1|GLA|RSBN1L",4,0.459,0.286,0.736,0.00123,0.661,0.561,0.762
"GSE31210",FALSE,"proliferation_matched","random",800,"FAM76A|PRKAB1|CSNK2A1|POLA2",4,0.996,0.689,1.439,0.981,0.521,0.402,0.639
"GSE31210",FALSE,"proliferation_matched","random",801,"SLTM|ADH1B|RPAP3|IYD",4,0.615,0.422,0.898,0.0118,0.662,0.564,0.759
"GSE31210",FALSE,"proliferation_matched","random",802,"EIF4A3|GALNT18|CNTN4|UBE2F",4,1.345,0.987,1.832,0.0605,0.645,0.55,0.74
"GSE31210",FALSE,"proliferation_matched","random",803,"ZDHHC18|TRIM37|POLR3D|FGF9",4,1.288,0.955,1.737,0.0972,0.618,0.51,0.727
"GSE31210",FALSE,"proliferation_matched","random",804,"EPB41L5|CFL1|CAV3|ESCO2",4,1.099,0.784,1.539,0.583,0.555,0.469,0.64
"GSE31210",FALSE,"proliferation_matched","random",805,"RAPGEF5|BZW1|SCG5|PBX1",4,1.055,0.752,1.479,0.758,0.547,0.437,0.656
"GSE31210",FALSE,"proliferation_matched","random",806,"PPP2R5A|BBS2|C17orf58|MCHR1",4,0.658,0.432,1.004,0.0523,0.619,0.523,0.715
"GSE31210",FALSE,"proliferation_matched","random",807,"BEND7|XRCC4|ANAPC7|MYH1",4,0.944,0.639,1.393,0.77,0.539,0.423,0.656
"GSE31210",FALSE,"proliferation_matched","random",808,"CPA3|DTX3L|PNPT1|EIF2AK1",4,1.38,0.993,1.916,0.0547,0.612,0.514,0.711
"GSE31210",FALSE,"proliferation_matched","random",809,"COL21A1|HNRNPR|EPS15|ARPC3",4,0.946,0.662,1.353,0.762,0.527,0.423,0.63
"GSE31210",FALSE,"proliferation_matched","random",810,"TUBA1B|DSEL|MASTL|RACGAP1",4,1.493,1.179,1.89,0.000885,0.689,0.589,0.788
"GSE31210",FALSE,"proliferation_matched","random",811,"ZHX3|HAUS1|PLLP|NXPH3",4,0.681,0.455,1.019,0.0616,0.593,0.486,0.7
"GSE31210",FALSE,"proliferation_matched","random",812,"CTSB|MYO15B|SOCS7|PTPRB",4,0.689,0.464,1.023,0.0645,0.59,0.494,0.686
"GSE31210",FALSE,"proliferation_matched","random",813,"EMP2|S100A2|C17orf58|GAPDH",4,1.54,1.186,2,0.00119,0.702,0.62,0.784
"GSE31210",FALSE,"proliferation_matched","random",814,"EIF4EBP2|R3HDM4|KCMF1|HSD17B10",4,1.474,1.09,1.995,0.0119,0.677,0.591,0.763
"GSE31210",FALSE,"proliferation_matched","random",815,"MEF2D|DSP|SKA3|NACC1",4,1.532,1.12,2.097,0.00769,0.628,0.523,0.732
"GSE31210",FALSE,"proliferation_matched","random",816,"PLXNA3|ZBED6CL|ACLY|EZH1",4,1.026,0.713,1.475,0.89,0.502,0.379,0.625
"GSE31210",FALSE,"proliferation_matched","random",817,"TCEANC2|PRKCE|ANKRD29|RTCA",4,1.243,0.91,1.698,0.172,0.568,0.48,0.655
"GSE31210",FALSE,"proliferation_matched","random",818,"AKAP13|MAMDC2|STK33|MRPL36",4,0.661,0.452,0.966,0.0326,0.628,0.522,0.733
"GSE31210",FALSE,"proliferation_matched","random",819,"NFIX|PSAT1|PDK4|SCN4B",4,0.513,0.31,0.848,0.0093,0.655,0.549,0.761
"GSE31210",FALSE,"proliferation_matched","random",820,"USP54|RERG|MRPL42|SFPQ",4,0.539,0.364,0.797,0.00199,0.699,0.608,0.79
"GSE31210",FALSE,"proliferation_matched","random",821,"ELF4|BCHE|IFT74|CPSF3",4,1.299,0.944,1.788,0.108,0.592,0.481,0.702
"GSE31210",FALSE,"proliferation_matched","random",822,"TDRD6|WT1|SASH1|EML1",4,0.489,0.289,0.826,0.00748,0.637,0.554,0.719
"GSE31210",FALSE,"proliferation_matched","random",823,"THUMPD3|LAMC2|PCNA|LRRC36",4,1.579,1.241,2.01,0.000202,0.698,0.608,0.789
"GSE31210",FALSE,"proliferation_matched","random",824,"ARNT|FREM2|CA3|SCAI",4,0.374,0.218,0.641,0.000356,0.702,0.61,0.793
"GSE31210",FALSE,"proliferation_matched","random",825,"MCM5|ARNT|DCUN1D5|SHPRH",4,1.128,0.808,1.573,0.48,0.54,0.444,0.636
"GSE31210",FALSE,"proliferation_matched","random",826,"NUF2|DDIAS|PTH1R|S1PR1",4,0.91,0.623,1.329,0.627,0.508,0.394,0.623
"GSE31210",FALSE,"proliferation_matched","random",827,"UBR3|LY96|IFI35|HSPA13",4,1.166,0.822,1.655,0.39,0.561,0.446,0.676
"GSE31210",FALSE,"proliferation_matched","random",828,"EML1|BRIP1|DIO2|CMTM3",4,1.363,1.008,1.845,0.0444,0.591,0.494,0.688
"GSE31210",FALSE,"proliferation_matched","random",829,"RGS22|SH3BGRL3|MDH1|NOP58",4,1.426,1.131,1.796,0.00264,0.655,0.564,0.746
"GSE31210",FALSE,"proliferation_matched","random",830,"MID2|PRDM11|RNF34|GNAQ",4,0.612,0.405,0.924,0.0196,0.594,0.493,0.694
"GSE31210",FALSE,"proliferation_matched","random",831,"MCM5|PPP6R1|NARF|MYOZ1",4,1.394,1.022,1.902,0.0362,0.607,0.509,0.704
"GSE31210",FALSE,"proliferation_matched","random",832,"DNAJC10|BATF|TTF2|MRPS14",4,1.749,1.237,2.474,0.00158,0.665,0.561,0.77
"GSE31210",FALSE,"proliferation_matched","random",833,"RHEBL1|TPM4|ZBED3|HTRA3",4,1.308,0.934,1.833,0.118,0.557,0.447,0.667
"GSE31210",FALSE,"proliferation_matched","random",834,"TRAK2|KIAA1109|ATP1B2|SNX6",4,0.675,0.469,0.972,0.0346,0.626,0.52,0.733
"GSE31210",FALSE,"proliferation_matched","random",835,"PDE6D|CCNF|CHRDL1|BEX1",4,0.89,0.595,1.331,0.57,0.529,0.41,0.649
"GSE31210",FALSE,"proliferation_matched","random",836,"ADH1C|HELLS|SPAG4|SRSF6",4,1.086,0.761,1.55,0.648,0.509,0.401,0.618
"GSE31210",FALSE,"proliferation_matched","random",837,"TCF21|NISCH|SPARC|NHLRC2",4,0.556,0.363,0.853,0.0071,0.649,0.553,0.745
"GSE31210",FALSE,"proliferation_matched","random",838,"HELLS|CACNA1C|PIAS1|AUNIP",4,0.969,0.673,1.396,0.867,0.523,0.421,0.626
"GSE31210",FALSE,"proliferation_matched","random",839,"LMCD1|ZMIZ2|ARL6|MFSD9",4,0.954,0.67,1.358,0.792,0.54,0.426,0.653
"GSE31210",FALSE,"proliferation_matched","random",840,"COL1A2|CCDC146|PTP4A2|RAPGEF5",4,1.271,0.916,1.763,0.152,0.56,0.466,0.653
"GSE31210",FALSE,"proliferation_matched","random",841,"PAICS|ARMC10|KANSL1L|ZW10",4,1.202,0.877,1.648,0.253,0.62,0.528,0.712
"GSE31210",FALSE,"proliferation_matched","random",842,"B3GALT2|CCM2L|DDX56|ARRDC3",4,0.38,0.219,0.661,0.000602,0.692,0.606,0.778
"GSE31210",FALSE,"proliferation_matched","random",843,"GPALPP1|YWHAQ|MPP6|IFI35",4,1.406,1.041,1.899,0.0262,0.61,0.496,0.725
"GSE31210",FALSE,"proliferation_matched","random",844,"CCDC137|YDJC|PEAR1|ACACB",4,0.573,0.37,0.888,0.0126,0.679,0.596,0.763
"GSE31210",FALSE,"proliferation_matched","random",845,"CCL20|VOPP1|RAB8A|MRPL17",4,1.687,1.285,2.213,0.000161,0.711,0.622,0.8
"GSE31210",FALSE,"proliferation_matched","random",846,"KIAA1109|MRPS17|ZNF219|ANKS1A",4,0.624,0.421,0.926,0.0191,0.643,0.54,0.747
"GSE31210",FALSE,"proliferation_matched","random",847,"CACNB4|SRPRB|TUB|KCNK3",4,0.628,0.411,0.959,0.0314,0.604,0.507,0.701
"GSE31210",FALSE,"proliferation_matched","random",848,"ADH1B|ZBTB4|THY1|TMEM130",4,0.535,0.349,0.82,0.00412,0.687,0.584,0.79
"GSE31210",FALSE,"proliferation_matched","random",849,"SORBS1|FAM83A|DCUN1D5|APOL1",4,1.388,1.129,1.706,0.00187,0.744,0.661,0.828
"GSE31210",FALSE,"proliferation_matched","random",850,"MGLL|COPB2|CDC45|KIAA0232",4,1.176,0.852,1.624,0.324,0.561,0.452,0.67
"GSE31210",FALSE,"proliferation_matched","random",851,"HILPDA|HCFC2|NDUFA12|AK4",4,1.378,1.029,1.846,0.0313,0.66,0.57,0.75
"GSE31210",FALSE,"proliferation_matched","random",852,"SLC25A19|ZNF704|KCTD16|SPOCD1",4,0.88,0.598,1.295,0.517,0.597,0.495,0.699
"GSE31210",FALSE,"proliferation_matched","random",853,"PFDN4|CACHD1|ERVFRD-1|SH3BGR",4,0.511,0.315,0.831,0.00672,0.644,0.554,0.735
"GSE31210",FALSE,"proliferation_matched","random",854,"GTF3C6|ATXN7|F12|JAK3",4,1.047,0.734,1.493,0.8,0.513,0.401,0.624
"GSE31210",FALSE,"proliferation_matched","random",855,"BZW1|MYRIP|ADHFE1|SIPA1",4,0.904,0.622,1.315,0.599,0.493,0.393,0.592
"GSE31210",FALSE,"proliferation_matched","random",856,"BRCA1|THBS2|SLC2A5|CLSPN",4,1.612,1.183,2.198,0.0025,0.669,0.58,0.759
"GSE31210",FALSE,"proliferation_matched","random",857,"CD99|CENPM|UBE2Z|STK24",4,1.894,1.461,2.457,1.44e-06,0.721,0.632,0.81
"GSE31210",FALSE,"proliferation_matched","random",858,"PSMD4|LSM4|BTNL9|TMEM232",4,1.024,0.711,1.475,0.897,0.527,0.429,0.625
"GSE31210",FALSE,"proliferation_matched","random",859,"KBTBD7|TRAPPC13|NCAPD2|PHACTR2",4,0.449,0.3,0.672,9.92e-05,0.698,0.603,0.794
"GSE31210",FALSE,"proliferation_matched","random",860,"SOX6|IVD|SCGB3A2|CAV1",4,0.63,0.416,0.953,0.0286,0.605,0.523,0.688
"GSE31210",FALSE,"proliferation_matched","random",861,"MPP6|ZEB2|SPIDR|ALPK2",4,0.979,0.684,1.401,0.908,0.518,0.429,0.608
"GSE31210",FALSE,"proliferation_matched","random",862,"SLC41A1|COA4|GSKIP|THBD",4,0.991,0.694,1.416,0.962,0.494,0.39,0.598
"GSE31210",FALSE,"proliferation_matched","random",863,"TMEM163|AHCYL2|NCAPG2|RAPGEF5",4,0.526,0.322,0.86,0.0104,0.635,0.531,0.739
"GSE31210",FALSE,"proliferation_matched","random",864,"TNFRSF19|EPHB2|PHF10|RASSF4",4,0.987,0.693,1.405,0.941,0.512,0.402,0.623
"GSE31210",FALSE,"proliferation_matched","random",865,"SAE1|HNRNPA2B1|AGMAT|C4BPA",4,1.231,0.898,1.688,0.197,0.578,0.468,0.689
"GSE31210",FALSE,"proliferation_matched","random",866,"DENR|SIK2|PGK1|PIGR",4,1.118,0.798,1.566,0.516,0.551,0.463,0.638
"GSE31210",FALSE,"proliferation_matched","random",867,"CKAP2L|PEBP1|NPEPPS|COL5A2",4,1.821,1.357,2.445,6.54e-05,0.704,0.62,0.789
"GSE31210",FALSE,"proliferation_matched","random",868,"ZMIZ2|HNRNPA0|AFF1|FTSJ3",4,0.813,0.554,1.192,0.288,0.55,0.433,0.668
"GSE31210",FALSE,"proliferation_matched","random",869,"NAPSA|C1orf131|MYO9A|IGF2BP3",4,1.22,0.865,1.719,0.257,0.596,0.5,0.692
"GSE31210",FALSE,"proliferation_matched","random",870,"EDNRB|GINS4|ADCY9|NEK2",4,0.922,0.623,1.363,0.683,0.51,0.418,0.601
"GSE31210",FALSE,"proliferation_matched","random",871,"ENO1|TUBB3|VWF|RNASE1",4,1.381,0.975,1.956,0.069,0.615,0.518,0.711
"GSE31210",FALSE,"proliferation_matched","random",872,"BOLA3|SLC15A2|ANLN|BMS1",4,1.362,1.001,1.854,0.0494,0.631,0.53,0.733
"GSE31210",FALSE,"proliferation_matched","random",873,"ANGPTL1|ABHD13|POLE3|URB2",4,0.87,0.591,1.28,0.48,0.542,0.438,0.646
"GSE31210",FALSE,"proliferation_matched","random",874,"NMNAT3|HSF2BP|TSPAN7|SMIM8",4,0.696,0.459,1.056,0.0881,0.585,0.478,0.693
"GSE31210",FALSE,"proliferation_matched","random",875,"PDE5A|USP44|C18orf54|RPS6KB2",4,0.771,0.527,1.127,0.18,0.562,0.468,0.657
"GSE31210",FALSE,"proliferation_matched","random",876,"NEK7|PAFAH1B3|KLHL5|FUCA2",4,1.179,0.864,1.609,0.299,0.57,0.452,0.689
"GSE31210",FALSE,"proliferation_matched","random",877,"PEAK1|FGF9|REV1|THRA",4,0.461,0.308,0.692,0.000183,0.708,0.604,0.812
"GSE31210",FALSE,"proliferation_matched","random",878,"PAK1|PCGF6|DSTYK|PRIM1",4,1.332,0.993,1.787,0.0557,0.653,0.559,0.748
"GSE31210",FALSE,"proliferation_matched","random",879,"TMEM165|FXYD6|GJB3|BORA",4,1.848,1.408,2.425,9.73e-06,0.665,0.559,0.771
"GSE31210",FALSE,"proliferation_matched","random",880,"MYLIP|DOK4|SCTR|LNP1",4,0.454,0.295,0.698,0.000316,0.695,0.6,0.791
"GSE31210",FALSE,"proliferation_matched","random",881,"ZBED6CL|ZNRF3|UCHL5|GRIA1",4,1.112,0.788,1.569,0.546,0.543,0.429,0.657
"GSE31210",FALSE,"proliferation_matched","random",882,"FMO2|SCGB3A1|UCHL1|ECM2",4,0.537,0.342,0.843,0.00693,0.67,0.586,0.753
"GSE31210",FALSE,"proliferation_matched","random",883,"SFTA3|RERG|RMI1|MIB2",4,0.573,0.383,0.857,0.00675,0.633,0.515,0.751
"GSE31210",FALSE,"proliferation_matched","random",884,"ANAPC16|RAN|SCNM1|GTF3A",4,1.912,1.42,2.575,1.95e-05,0.692,0.595,0.788
"GSE31210",FALSE,"proliferation_matched","random",885,"RNF41|UBL3|TIMELESS|CAV2",4,0.723,0.486,1.077,0.11,0.598,0.496,0.7
"GSE31210",FALSE,"proliferation_matched","random",886,"CABYR|TBX4|MTHFD1|SREK1IP1",4,0.58,0.369,0.911,0.0181,0.628,0.525,0.731
"GSE31210",FALSE,"proliferation_matched","random",887,"ANLN|HNRNPA0|AAGAB|ABCA6",4,1.04,0.724,1.495,0.832,0.507,0.398,0.615
"GSE31210",FALSE,"proliferation_matched","random",888,"ACADSB|NTMT1|RBM28|SRP72",4,1.036,0.734,1.462,0.841,0.586,0.497,0.675
"GSE31210",FALSE,"proliferation_matched","random",889,"SUPT7L|MPV17L|AUNIP|YWHAH",4,1.562,1.13,2.158,0.00694,0.628,0.533,0.723
"GSE31210",FALSE,"proliferation_matched","random",890,"TUBB|CNTN4|PLK1|MRTO4",4,1.289,0.968,1.717,0.0826,0.604,0.512,0.695
"GSE31210",FALSE,"proliferation_matched","random",891,"ETS2|ZNF84|LANCL3|ZHX1-C8orf76",4,0.593,0.383,0.919,0.0195,0.629,0.518,0.74
"GSE31210",FALSE,"proliferation_matched","random",892,"EXPH5|ATG2B|ZBTB44|CDK1",4,0.419,0.264,0.667,0.000243,0.7,0.605,0.795
"GSE31210",FALSE,"proliferation_matched","random",893,"CLEC4F|KIF18B|USP44|MTCH2",4,1.179,0.878,1.584,0.274,0.58,0.483,0.676
"GSE31210",FALSE,"proliferation_matched","random",894,"FGFR4|ANKHD1|NOL11|LDB3",4,0.488,0.303,0.788,0.00333,0.665,0.569,0.761
"GSE31210",FALSE,"proliferation_matched","random",895,"IYD|RHEBL1|RAD54B|HOMER2",4,1.081,0.765,1.527,0.659,0.553,0.453,0.653
"GSE31210",FALSE,"proliferation_matched","random",896,"EIF4EBP1|EFCC1|TLR5|ITM2C",4,0.78,0.531,1.147,0.206,0.586,0.496,0.676
"GSE31210",FALSE,"proliferation_matched","random",897,"MCM7|FNIP2|KIAA1109|COLEC12",4,0.576,0.374,0.886,0.012,0.615,0.5,0.731
"GSE31210",FALSE,"proliferation_matched","random",898,"HSPA4|C1QTNF7|WDR26|SFPQ",4,0.594,0.396,0.89,0.0116,0.643,0.555,0.731
"GSE31210",FALSE,"proliferation_matched","random",899,"ARHGAP44|EMC8|MAL|VEPH1",4,0.525,0.333,0.828,0.00555,0.671,0.586,0.755
"GSE31210",FALSE,"proliferation_matched","random",900,"SAPCD2|DCT|VOPP1|LHFPL2",4,1.713,1.262,2.326,0.000554,0.661,0.561,0.761
"GSE31210",FALSE,"proliferation_matched","random",901,"KAT6B|MELK|TRIM14|PDK4",4,1.085,0.754,1.561,0.659,0.523,0.407,0.638
"GSE31210",FALSE,"proliferation_matched","random",902,"PSRC1|KCNK17|SMARCA2|ERCC6L2",4,0.432,0.268,0.696,0.000563,0.683,0.587,0.779
"GSE31210",FALSE,"proliferation_matched","random",903,"DPY30|PLOD1|VRK1|SGCA",4,1.35,1.001,1.82,0.0495,0.645,0.564,0.727
"GSE31210",FALSE,"proliferation_matched","random",904,"JMY|KIFC1|FBXO11|FRMD5",4,0.835,0.576,1.211,0.343,0.571,0.471,0.671
"GSE31210",FALSE,"proliferation_matched","random",905,"HAUS3|OSBPL1A|LDLRAD4|ARHGEF17",4,0.774,0.53,1.131,0.185,0.598,0.487,0.708
"GSE31210",FALSE,"proliferation_matched","random",906,"PSMA5|ZNF706|TOP2A|GTF2E1",4,1.755,1.368,2.251,9.63e-06,0.767,0.694,0.839
"GSE31210",FALSE,"proliferation_matched","random",907,"HAPLN3|TMEM125|NUDT7|ZEB2",4,0.646,0.444,0.94,0.0224,0.619,0.52,0.717
"GSE31210",FALSE,"proliferation_matched","random",908,"SESN3|OLFML2B|COA4|CAPS2",4,0.974,0.678,1.4,0.888,0.497,0.388,0.605
"GSE31210",FALSE,"proliferation_matched","random",909,"CPEB2|CACNB2|CDC20|PDCD2L",4,0.831,0.567,1.22,0.346,0.548,0.437,0.658
"GSE31210",FALSE,"proliferation_matched","random",910,"ADRM1|PLEK2|B3GALT6|ARHGAP11A",4,1.376,1.068,1.773,0.0136,0.663,0.58,0.747
"GSE31210",FALSE,"proliferation_matched","random",911,"BAIAP2L1|CHST11|CTDSPL|TENM4",4,1.396,1.053,1.851,0.0206,0.647,0.549,0.745
"GSE31210",FALSE,"proliferation_matched","random",912,"RNASEH1|UBE2K|ELMOD2|DDIAS",4,1.461,1.114,1.916,0.00618,0.711,0.632,0.79
"GSE31210",FALSE,"proliferation_matched","random",913,"DSCC1|ZBED6CL|RC3H1|DENND2A",4,0.667,0.434,1.023,0.0635,0.607,0.494,0.72
"GSE31210",FALSE,"proliferation_matched","random",914,"KCNK17|FBXO43|RYR3|ST6GALNAC6",4,0.532,0.329,0.859,0.00986,0.643,0.54,0.746
"GSE31210",FALSE,"proliferation_matched","random",915,"EFCAB14|PLBD2|MYO15B|ZNF385B",4,0.84,0.577,1.223,0.363,0.571,0.466,0.677
"GSE31210",FALSE,"proliferation_matched","random",916,"SECISBP2L|LRRC36|PDCD2L|RAC1",4,1.235,0.921,1.657,0.159,0.61,0.516,0.704
"GSE31210",FALSE,"proliferation_matched","random",917,"TMEM80|SLC44A1|SCARA5|B3GALT6",4,1.202,0.858,1.685,0.285,0.553,0.459,0.647
"GSE31210",FALSE,"proliferation_matched","random",918,"PURA|GATAD2A|DENND1A|TAL1",4,1.026,0.716,1.472,0.888,0.495,0.392,0.599
"GSE31210",FALSE,"proliferation_matched","random",919,"GUCY1A2|SVEP1|DNASE1L3|MIB2",4,0.321,0.171,0.601,0.000383,0.721,0.633,0.81
"GSE31210",FALSE,"proliferation_matched","random",920,"CRBN|RERE|ATXN3|CITED2",4,0.431,0.287,0.647,4.8e-05,0.723,0.631,0.815
"GSE31210",FALSE,"proliferation_matched","random",921,"LRP4|SEC61A2|MIS18BP1|MTHFD1",4,1.052,0.715,1.546,0.798,0.455,0.335,0.575
"GSE31210",FALSE,"proliferation_matched","random",922,"TCF19|COG5|MTURN|SULF2",4,1.118,0.799,1.565,0.514,0.517,0.402,0.632
"GSE31210",FALSE,"proliferation_matched","random",923,"SUPT7L|MTHFR|ATG4B|C7",4,0.583,0.378,0.898,0.0143,0.654,0.564,0.743
"GSE31210",FALSE,"proliferation_matched","random",924,"NACC1|SAAL1|AMIGO3|SERPINB8",4,1.467,1.076,2.001,0.0155,0.604,0.504,0.705
"GSE31210",FALSE,"proliferation_matched","random",925,"THBD|B3GNT8|RECQL|CDKL1",4,0.531,0.336,0.837,0.00647,0.645,0.556,0.735
"GSE31210",FALSE,"proliferation_matched","random",926,"CASP3|NR2F1|TUBA3C|RALGPS1",4,1.239,0.951,1.614,0.113,0.554,0.442,0.665
"GSE31210",FALSE,"proliferation_matched","random",927,"PSMD2|SPAG5|ATP2A2|EPS15",4,1.352,1.065,1.717,0.0134,0.661,0.553,0.769
"GSE31210",FALSE,"proliferation_matched","random",928,"IYD|FAM219B|PEBP4|TMEM80",4,0.708,0.47,1.066,0.0986,0.614,0.505,0.723
"GSE31210",FALSE,"proliferation_matched","random",929,"SLC36A1|ATP9A|ORMDL2|HNRNPH3",4,1.555,1.195,2.024,0.001,0.659,0.57,0.748
"GSE31210",FALSE,"proliferation_matched","random",930,"EMP2|PRSS12|C2orf68|GPR146",4,0.419,0.258,0.68,0.000435,0.697,0.609,0.784
"GSE31210",FALSE,"proliferation_matched","random",931,"F12|BUD31|NFIX|SNF8",4,1.445,1.1,1.897,0.00816,0.674,0.574,0.775
"GSE31210",FALSE,"proliferation_matched","random",932,"MARCKS|BAIAP2L1|THY1|TEAD4",4,1.683,1.25,2.266,0.000602,0.686,0.599,0.772
"GSE31210",FALSE,"proliferation_matched","random",933,"PREX2|GTF2E1|FAM83D|PEX11A",4,1.077,0.768,1.51,0.669,0.548,0.435,0.66
"GSE31210",FALSE,"proliferation_matched","random",934,"MYOZ3|COL11A1|KCNK17|STEAP1B",4,1.134,0.812,1.583,0.461,0.535,0.417,0.653
"GSE31210",FALSE,"proliferation_matched","random",935,"ZFAND3|ANO2|TTK|PLCXD3",4,1.19,0.881,1.606,0.257,0.539,0.432,0.645
"GSE31210",FALSE,"proliferation_matched","random",936,"PIK3R1|F12|PDCD11|CACNA1C",4,0.611,0.408,0.915,0.0169,0.625,0.515,0.736
"GSE31210",FALSE,"proliferation_matched","random",937,"WT1|NOL11|SYNE1|PLCB4",4,0.799,0.514,1.24,0.316,0.566,0.448,0.684
"GSE31210",FALSE,"proliferation_matched","random",938,"RNF7|FAM184A|NR3C2|ZBTB7C",4,0.844,0.577,1.235,0.383,0.536,0.424,0.648
"GSE31210",FALSE,"proliferation_matched","random",939,"OLFML2B|PTPN13|CDC45|SLAMF8",4,1.171,0.847,1.619,0.338,0.588,0.481,0.696
"GSE31210",FALSE,"proliferation_matched","random",940,"STARD9|NTRK2|CIRBP|HOXA5",4,0.323,0.182,0.573,0.00011,0.743,0.652,0.834
"GSE31210",FALSE,"proliferation_matched","random",941,"SIPA1|FANCG|FBXO11|FAM161B",4,0.574,0.392,0.842,0.0045,0.659,0.556,0.761
"GSE31210",FALSE,"proliferation_matched","random",942,"PHB|IQCA1|GNA12|DDX56",4,1.123,0.816,1.547,0.477,0.549,0.444,0.653
"GSE31210",FALSE,"proliferation_matched","random",943,"TRMT1L|RBL1|PGM5|NPEPPS",4,0.811,0.549,1.199,0.295,0.581,0.487,0.675
"GSE31210",FALSE,"proliferation_matched","random",944,"CASP2|ASF1A|GUCA1A|DDX10",4,1.288,0.971,1.708,0.0792,0.626,0.52,0.731
"GSE31210",FALSE,"proliferation_matched","random",945,"CKS1B|TMEM130|RGL1|MAGI2",4,0.766,0.516,1.137,0.186,0.584,0.48,0.688
"GSE31210",FALSE,"proliferation_matched","random",946,"UBE2L6|CDH3|RTN4RL1|SMAD4",4,1.417,1.008,1.992,0.0448,0.589,0.48,0.699
"GSE31210",FALSE,"proliferation_matched","random",947,"POLD1|MRPS35|LRIG1|DDX19B",4,0.773,0.517,1.156,0.21,0.533,0.433,0.634
"GSE31210",FALSE,"proliferation_matched","random",948,"NKAPL|BIRC5|PLLP|UBE2R2",4,0.919,0.631,1.337,0.658,0.511,0.404,0.619
"GSE31210",FALSE,"proliferation_matched","random",949,"ZNF469|TUBA4A|SLC25A45|CENPW",4,1.525,1.155,2.015,0.00295,0.657,0.559,0.755
"GSE31210",FALSE,"proliferation_matched","random",950,"GLRX2|CLU|TNNT1|TNN",4,1.607,1.195,2.16,0.00167,0.585,0.472,0.698
"GSE31210",FALSE,"proliferation_matched","random",951,"SPARC|LGALSL|HMGCLL1|C1QTNF6",4,1.081,0.761,1.536,0.663,0.485,0.363,0.608
"GSE31210",FALSE,"proliferation_matched","random",952,"PLIN2|LANCL1|ABCF1|TCF7L2",4,1.219,0.866,1.716,0.255,0.522,0.397,0.647
"GSE31210",FALSE,"proliferation_matched","random",953,"TMEM106C|TANC1|GCOM1|BNIP2",4,0.574,0.378,0.872,0.00916,0.628,0.523,0.734
"GSE31210",FALSE,"proliferation_matched","random",954,"SUPT7L|TPX2|PLA2G1B|PRDM6",4,1.018,0.712,1.456,0.92,0.505,0.397,0.613
"GSE31210",FALSE,"proliferation_matched","random",955,"C5|DDX19B|RASSF3|PDE5A",4,0.496,0.321,0.767,0.00163,0.683,0.593,0.774
"GSE31210",FALSE,"proliferation_matched","random",956,"PSMB8|KIF2C|GLA|PLP2",4,1.576,1.218,2.039,0.000544,0.709,0.618,0.799
"GSE31210",FALSE,"proliferation_matched","random",957,"RBM28|POLR2D|TMEM130|MRPL37",4,1.09,0.776,1.533,0.618,0.561,0.457,0.665
"GSE31210",FALSE,"proliferation_matched","random",958,"POMP|OAS3|R3HDM1|ST3GAL6",4,1.67,1.189,2.346,0.00307,0.642,0.523,0.76
"GSE31210",FALSE,"proliferation_matched","random",959,"RBMS2|STYK1|SNRPG|CLUL1",4,0.972,0.672,1.408,0.882,0.494,0.398,0.589
"GSE31210",FALSE,"proliferation_matched","random",960,"CKS1B|SEC61A1|SOX5|UBE2Z",4,1.596,1.232,2.068,0.000395,0.713,0.624,0.802
"GSE31210",FALSE,"proliferation_matched","random",961,"CHEK1|NOC3L|ENG|DUS1L",4,1.039,0.736,1.468,0.826,0.549,0.446,0.653
"GSE31210",FALSE,"proliferation_matched","random",962,"PPP2CA|SUPT7L|PLCB4|DNM2",4,1.401,1.01,1.945,0.0436,0.592,0.486,0.697
"GSE31210",FALSE,"proliferation_matched","random",963,"TMEM80|ALYREF|GTF2E1|FAM214B",4,1.537,1.174,2.012,0.00175,0.701,0.611,0.792
"GSE31210",FALSE,"proliferation_matched","random",964,"MRPS17|HDLBP|ORMDL2|SLC2A1",4,1.566,1.238,1.98,0.00018,0.732,0.655,0.809
"GSE31210",FALSE,"proliferation_matched","random",965,"CCT6A|MEOX2|CENPU|ZCWPW2",4,1.007,0.711,1.425,0.971,0.467,0.365,0.57
"GSE31210",FALSE,"proliferation_matched","random",966,"SHC3|AGPS|ALPL|RHOC",4,1.075,0.761,1.519,0.68,0.526,0.422,0.63
"GSE31210",FALSE,"proliferation_matched","random",967,"GMIP|ORC1|KDM5C|ADAMDEC1",4,1.547,1.141,2.097,0.00502,0.647,0.552,0.743
"GSE31210",FALSE,"proliferation_matched","random",968,"FAM214B|POC1A|SH3D19|PLK1",4,1.719,1.306,2.263,0.000112,0.698,0.596,0.799
"GSE31210",FALSE,"proliferation_matched","random",969,"PFKP|FAM111B|AUP1|SOS1",4,1.564,1.194,2.049,0.00116,0.705,0.63,0.781
"GSE31210",FALSE,"proliferation_matched","random",970,"HSPA4|MBOAT7|DPY30|ATF5",4,1.835,1.316,2.559,0.000343,0.703,0.615,0.792
"GSE31210",FALSE,"proliferation_matched","random",971,"AIM2|SART1|CNST|MRPL32",4,1.206,0.878,1.657,0.248,0.563,0.461,0.665
"GSE31210",FALSE,"proliferation_matched","random",972,"FBXO5|PSMD11|TCEANC2|TSC22D1",4,1.496,1.108,2.019,0.00849,0.649,0.571,0.727
"GSE31210",FALSE,"proliferation_matched","random",973,"INMT|MARCKSL1|GTF3A|FBXO38",4,1.013,0.71,1.444,0.944,0.494,0.387,0.6
"GSE31210",FALSE,"proliferation_matched","random",974,"CHEK1|GAB1|EMC8|SYNE1",4,0.85,0.582,1.242,0.4,0.571,0.458,0.684
"GSE31210",FALSE,"proliferation_matched","random",975,"ADCY9|CCT7|ZNF559|NFASC",4,0.473,0.308,0.724,0.000574,0.699,0.6,0.797
"GSE31210",FALSE,"proliferation_matched","random",976,"TUBA4A|CHEK2|SLC18A2|CTHRC1",4,1.479,1.076,2.034,0.0159,0.659,0.576,0.741
"GSE31210",FALSE,"proliferation_matched","random",977,"PITPNC1|C20orf194|SLC30A6|HYLS1",4,1.022,0.722,1.447,0.902,0.535,0.429,0.64
"GSE31210",FALSE,"proliferation_matched","random",978,"KIFC1|SH3BGRL|OSTC|ZNF44",4,0.878,0.61,1.265,0.486,0.507,0.399,0.615
"GSE31210",FALSE,"proliferation_matched","random",979,"SPOCK1|PDIA4|BEND7|EMCN",4,0.851,0.543,1.331,0.479,0.501,0.397,0.605
"GSE31210",FALSE,"proliferation_matched","random",980,"PSME4|ZMYND19|IGSF9|TRABD2B",4,1.774,1.32,2.385,0.000147,0.69,0.588,0.792
"GSE31210",FALSE,"proliferation_matched","random",981,"SLU7|GEN1|KNTC1|ADCY9",4,0.478,0.302,0.756,0.00161,0.685,0.59,0.779
"GSE31210",FALSE,"proliferation_matched","random",982,"MRPL51|NUP37|KANSL1L|PAQR5",4,1.24,0.897,1.715,0.193,0.572,0.463,0.681
"GSE31210",FALSE,"proliferation_matched","random",983,"PRDM11|ADARB1|SH2B1|FGF14",4,0.321,0.19,0.543,2.25e-05,0.758,0.681,0.836
"GSE31210",FALSE,"proliferation_matched","random",984,"C18orf54|PTPRH|RPS6KB2|KIAA0513",4,1.399,1.041,1.879,0.0258,0.578,0.469,0.687
"GSE31210",FALSE,"proliferation_matched","random",985,"SLC27A3|ITPR1|EIF3J|CABLES2",4,1.035,0.728,1.471,0.849,0.514,0.403,0.625
"GSE31210",FALSE,"proliferation_matched","random",986,"IFT74|PLBD2|CCDC146|FANCI",4,1.242,0.929,1.661,0.144,0.6,0.506,0.693
"GSE31210",FALSE,"proliferation_matched","random",987,"RAB8A|NRM|TTC39B|MRPL36",4,1.239,0.918,1.673,0.162,0.592,0.486,0.699
"GSE31210",FALSE,"proliferation_matched","random",988,"FXYD1|R3HDM1|SLCO5A1|FAM117A",4,0.525,0.335,0.823,0.00497,0.657,0.562,0.753
"GSE31210",FALSE,"proliferation_matched","random",989,"YWHAG|ZNF219|PLLP|MSRB1",4,1.303,0.943,1.799,0.108,0.59,0.485,0.695
"GSE31210",FALSE,"proliferation_matched","random",990,"NDUFA12|PIK3C2A|THUMPD3|SRPRB",4,1.484,1.176,1.873,0.000876,0.708,0.62,0.797
"GSE31210",FALSE,"proliferation_matched","random",991,"ASPM|ACTR2|TDRD6|ESD",4,1.357,0.95,1.937,0.0933,0.568,0.452,0.684
"GSE31210",FALSE,"proliferation_matched","random",992,"CENPH|PSMB7|CYS1|RNF180",4,1.066,0.76,1.496,0.71,0.508,0.406,0.611
"GSE31210",FALSE,"proliferation_matched","random",993,"ST6GALNAC6|NKIRAS2|ABHD13|KLHDC7B",4,1.153,0.791,1.681,0.46,0.516,0.411,0.621
"GSE31210",FALSE,"proliferation_matched","random",994,"PPP1R3C|ARNT|GPC3|GATA5",4,0.569,0.367,0.883,0.0119,0.63,0.531,0.728
"GSE31210",FALSE,"proliferation_matched","random",995,"AASS|PDE6D|GBP5|CYB5D2",4,0.959,0.664,1.386,0.824,0.493,0.375,0.612
"GSE31210",FALSE,"proliferation_matched","random",996,"RALGAPA1|PPP1R13B|SDF2L1|RERG",4,0.522,0.347,0.784,0.00174,0.656,0.548,0.764
"GSE31210",FALSE,"proliferation_matched","random",997,"IDH2|CCDC167|MIA3|PSMD12",4,1.324,1.026,1.709,0.0308,0.655,0.56,0.75
"GSE31210",FALSE,"proliferation_matched","random",998,"GATC|FBLN5|CAT|EIF4EBP2",4,0.672,0.463,0.976,0.0369,0.595,0.496,0.695
"GSE31210",FALSE,"proliferation_matched","random",999,"MMP11|KIF20A|CPEB4|CCT5",4,1.233,0.906,1.68,0.183,0.602,0.496,0.709
"GSE31210",FALSE,"proliferation_matched","random",1000,"GEMIN8|NOSTRIN|OPN3|CDK5R1",4,0.847,0.577,1.243,0.396,0.607,0.483,0.73
"GSE50081",FALSE,NA,"observed",0,"LMNB2|TMPO|NDC1|LBR",4,1.139,0.915,1.417,0.243,0.552,0.486,0.617
"GSE50081",FALSE,"protein_coding","random",1,"ARHGDIB|IZUMO4|TAF9B|NME9",4,0.893,0.714,1.117,0.322,0.567,0.504,0.629
"GSE50081",FALSE,"protein_coding","random",2,"TBL1X|PSPC1|RHOC|ARHGEF1",4,1.029,0.807,1.312,0.817,0.509,0.432,0.585
"GSE50081",FALSE,"protein_coding","random",3,"LMNTD2|CHCHD7|COX7B2|ARHGAP39",4,0.994,0.791,1.251,0.962,0.484,0.417,0.551
"GSE50081",FALSE,"protein_coding","random",4,"WWC1|DNHD1|ELFN1|ERN2",4,0.816,0.644,1.035,0.0942,0.55,0.478,0.622
"GSE50081",FALSE,"protein_coding","random",5,"MAB21L3|CCDC185|RCC1|TMEM71",4,1.006,0.809,1.252,0.955,0.495,0.429,0.562
"GSE50081",FALSE,"protein_coding","random",6,"LEPROT|PSME3|SCN7A|LTF",4,0.707,0.556,0.898,0.00456,0.607,0.534,0.68
"GSE50081",FALSE,"protein_coding","random",7,"TTYH2|ZNF880|IGSF10|NPAP1",4,0.816,0.644,1.035,0.0934,0.565,0.496,0.634
"GSE50081",FALSE,"protein_coding","random",8,"RFC1|LY9|CPEB1|TNFRSF25",4,0.846,0.676,1.059,0.144,0.563,0.496,0.63
"GSE50081",FALSE,"protein_coding","random",9,"CYFIP1|CD209|TST|SYN1",4,0.987,0.773,1.261,0.919,0.505,0.43,0.581
"GSE50081",FALSE,"protein_coding","random",10,"GNG10|HMGB1|GAL3ST1|CD1E",4,0.83,0.66,1.042,0.109,0.572,0.506,0.639
"GSE50081",FALSE,"protein_coding","random",11,"POSTN|FNBP4|LMF2|MMS19",4,1.163,0.907,1.491,0.233,0.544,0.473,0.615
"GSE50081",FALSE,"protein_coding","random",12,"CRBN|GATA6|GAR1|ANKZF1",4,0.927,0.735,1.168,0.521,0.516,0.447,0.585
"GSE50081",FALSE,"protein_coding","random",13,"ARX|EIF3M|S100A14|KCNQ1",4,0.695,0.552,0.877,0.00212,0.604,0.537,0.67
"GSE50081",FALSE,"protein_coding","random",14,"LYRM4|TSR2|HDDC2|MRPS27",4,0.842,0.665,1.068,0.157,0.538,0.471,0.605
"GSE50081",FALSE,"protein_coding","random",15,"CPNE7|ESYT3|ICAM4|CSRP1",4,0.885,0.709,1.104,0.278,0.537,0.469,0.606
"GSE50081",FALSE,"protein_coding","random",16,"HSD17B4|SIRT5|SAMM50|TBC1D2",4,0.772,0.614,0.97,0.0261,0.549,0.481,0.616
"GSE50081",FALSE,"protein_coding","random",17,"CIAO1|CCL18|CAPNS1|TPH1",4,1.202,0.966,1.495,0.0986,0.577,0.508,0.646
"GSE50081",FALSE,"protein_coding","random",18,"GMPR|MAD2L1|TMEM138|CLDN12",4,1.026,0.813,1.294,0.829,0.5,0.434,0.566
"GSE50081",FALSE,"protein_coding","random",19,"MOB3C|CIRBP|SLC5A3|PRKCG",4,0.921,0.73,1.162,0.489,0.529,0.46,0.598
"GSE50081",FALSE,"protein_coding","random",20,"FBXL4|RALGDS|CCDC24|LILRB3",4,0.999,0.801,1.246,0.992,0.506,0.436,0.576
"GSE50081",FALSE,"protein_coding","random",21,"AKT1S1|SUPT3H|FOXA2|KLKB1",4,0.863,0.678,1.098,0.23,0.555,0.484,0.627
"GSE50081",FALSE,"protein_coding","random",22,"RXFP2|ATOH7|ABCA2|TNC",4,1.324,1.092,1.605,0.00427,0.557,0.487,0.628
"GSE50081",FALSE,"protein_coding","random",23,"CNNM2|KRTAP3-2|MED22|CLCF1",4,1.027,0.829,1.272,0.807,0.528,0.462,0.595
"GSE50081",FALSE,"protein_coding","random",24,"BHLHB9|NT5C1B|DEFB125|ZNF419",4,0.988,0.774,1.262,0.925,0.485,0.411,0.559
"GSE50081",FALSE,"protein_coding","random",25,"NDUFA9|ZNF644|USP25|LRRFIP2",4,0.972,0.766,1.232,0.812,0.502,0.429,0.574
"GSE50081",FALSE,"protein_coding","random",26,"GPR183|STH|EMC10|LRRC46",4,0.899,0.711,1.136,0.371,0.536,0.461,0.611
"GSE50081",FALSE,"protein_coding","random",27,"PAPPA2|GPNMB|UBTD2|ENTPD1",4,0.944,0.744,1.198,0.638,0.504,0.434,0.573
"GSE50081",FALSE,"protein_coding","random",28,"DYRK4|ZNF713|CERS2|MAML2",4,0.776,0.616,0.977,0.031,0.544,0.472,0.616
"GSE50081",FALSE,"protein_coding","random",29,"IRGQ|TTC19|LIMS1|ZNF808",4,0.897,0.703,1.145,0.383,0.542,0.465,0.619
"GSE50081",FALSE,"protein_coding","random",30,"MUC6|SYMPK|BBC3|NABP1",4,1.154,0.918,1.452,0.22,0.543,0.477,0.608
"GSE50081",FALSE,"protein_coding","random",31,"POT1|DLX6|ZNF444|LSM5",4,1.028,0.814,1.3,0.815,0.501,0.429,0.572
"GSE50081",FALSE,"protein_coding","random",32,"NPB|MDH1|CIZ1|ZNF136",4,1.163,0.926,1.46,0.193,0.549,0.481,0.617
"GSE50081",FALSE,"protein_coding","random",33,"ADAL|OCM2|KIF2C|TMPRSS4",4,1.172,0.936,1.467,0.167,0.539,0.471,0.606
"GSE50081",FALSE,"protein_coding","random",34,"SLC35A2|EID3|SEMA3F|RPP21",4,1.026,0.826,1.274,0.818,0.529,0.463,0.595
"GSE50081",FALSE,"protein_coding","random",35,"MYL3|TBC1D23|MTHFD2L|TAS2R39",4,1.151,0.918,1.443,0.223,0.541,0.471,0.611
"GSE50081",FALSE,"protein_coding","random",36,"NPM3|SFTPB|RSF1|UPF3A",4,0.785,0.616,1,0.0502,0.546,0.471,0.622
"GSE50081",FALSE,"protein_coding","random",37,"ZNF250|CACYBP|DHRS3|BSDC1",4,0.784,0.618,0.995,0.0456,0.568,0.502,0.635
"GSE50081",FALSE,"protein_coding","random",38,"DGKG|NUDT1|IMPDH1|BCORL1",4,1.112,0.89,1.391,0.35,0.543,0.471,0.615
"GSE50081",FALSE,"protein_coding","random",39,"ADAMTS13|C16orf91|GGPS1|GALK1",4,0.873,0.69,1.104,0.258,0.536,0.465,0.608
"GSE50081",FALSE,"protein_coding","random",40,"ZBTB49|CABP7|ITSN1|CA11",4,0.956,0.749,1.22,0.72,0.523,0.454,0.592
"GSE50081",FALSE,"protein_coding","random",41,"RAPGEF3|CRIP2|ZNF764|LSMEM2",4,0.835,0.659,1.059,0.138,0.536,0.465,0.608
"GSE50081",FALSE,"protein_coding","random",42,"MYO5B|AHCYL2|TFF3|CTLA4",4,1.058,0.833,1.344,0.643,0.524,0.448,0.6
"GSE50081",FALSE,"protein_coding","random",43,"TMCC3|TCFL5|APMAP|PHF5A",4,0.814,0.643,1.03,0.0864,0.548,0.476,0.62
"GSE50081",FALSE,"protein_coding","random",44,"NPL|FGF20|MAP3K12|NHLH2",4,0.9,0.722,1.123,0.352,0.512,0.444,0.581
"GSE50081",FALSE,"protein_coding","random",45,"CEP19|EPHA3|USP54|ZNF599",4,0.765,0.592,0.99,0.0413,0.576,0.502,0.65
"GSE50081",FALSE,"protein_coding","random",46,"APOBEC3G|INPP5J|SMCHD1|CRYBA4",4,0.93,0.744,1.163,0.524,0.511,0.443,0.579
"GSE50081",FALSE,"protein_coding","random",47,"ARMC10|PMS1|SLAIN2|RCC1",4,0.978,0.778,1.231,0.853,0.507,0.435,0.58
"GSE50081",FALSE,"protein_coding","random",48,"DCLRE1C|CDCA5|PSMC2|EXD3",4,0.963,0.766,1.21,0.744,0.535,0.467,0.604
"GSE50081",FALSE,"protein_coding","random",49,"ULK3|PDHA2|GABPA|TSPAN12",4,1.011,0.8,1.278,0.929,0.51,0.435,0.585
"GSE50081",FALSE,"protein_coding","random",50,"SLC6A7|RASL12|PDLIM4|TMEM254",4,0.988,0.781,1.251,0.923,0.491,0.419,0.563
"GSE50081",FALSE,"protein_coding","random",51,"ALDH1A3|COMMD5|FAM167A|FANCL",4,0.852,0.672,1.082,0.189,0.535,0.463,0.608
"GSE50081",FALSE,"protein_coding","random",52,"HEXIM2|MECR|PSG5|POM121",4,1.127,0.898,1.414,0.303,0.538,0.465,0.61
"GSE50081",FALSE,"protein_coding","random",53,"SLC22A17|MSRA|PLXDC1|PBX1",4,0.831,0.663,1.041,0.108,0.556,0.489,0.623
"GSE50081",FALSE,"protein_coding","random",54,"RNF186|IL18BP|MITD1|TGM2",4,1.195,0.951,1.5,0.126,0.556,0.483,0.628
"GSE50081",FALSE,"protein_coding","random",55,"ADRM1|ETV7|FAM228B|ZNF880",4,0.981,0.788,1.221,0.864,0.517,0.447,0.587
"GSE50081",FALSE,"protein_coding","random",56,"PAGE1|CLDN12|PLA2G4D|A1CF",4,1.236,1.001,1.526,0.0492,0.544,0.472,0.615
"GSE50081",FALSE,"protein_coding","random",57,"TRAP1|CLIC5|SMAD9|COA3",4,0.749,0.588,0.956,0.0201,0.576,0.51,0.642
"GSE50081",FALSE,"protein_coding","random",58,"ACBD6|MUTYH|PLEKHH3|CD99",4,0.952,0.757,1.196,0.672,0.509,0.437,0.582
"GSE50081",FALSE,"protein_coding","random",59,"C5orf49|BMPR2|GINS4|TOM1L1",4,0.816,0.656,1.014,0.0663,0.574,0.507,0.64
"GSE50081",FALSE,"protein_coding","random",60,"ARHGEF3|C12orf57|SLC39A4|MRPL38",4,0.841,0.671,1.054,0.132,0.528,0.457,0.599
"GSE50081",FALSE,"protein_coding","random",61,"ZBTB6|MAGED1|TDRP|ABHD13",4,0.856,0.68,1.076,0.183,0.544,0.471,0.617
"GSE50081",FALSE,"protein_coding","random",62,"RCOR1|CUZD1|AEN|ZNFX1",4,1.086,0.855,1.38,0.498,0.525,0.454,0.597
"GSE50081",FALSE,"protein_coding","random",63,"GSX1|RP1L1|VNN2|CHD4",4,1.124,0.903,1.401,0.296,0.547,0.479,0.616
"GSE50081",FALSE,"protein_coding","random",64,"LEPR|TRPC5OS|BLOC1S1|UBXN7",4,1.083,0.862,1.361,0.493,0.537,0.468,0.606
"GSE50081",FALSE,"protein_coding","random",65,"CRYAA|SLC6A13|C12orf4|ATXN3L",4,1.098,0.888,1.357,0.387,0.573,0.508,0.639
"GSE50081",FALSE,"protein_coding","random",66,"KRT1|GPATCH3|RHNO1|STK16",4,0.83,0.646,1.067,0.146,0.542,0.47,0.614
"GSE50081",FALSE,"protein_coding","random",67,"TMEM65|ARL11|TLK2|RBFOX3",4,1.059,0.833,1.345,0.641,0.502,0.429,0.575
"GSE50081",FALSE,"protein_coding","random",68,"RRH|EIF3G|ARL6|NSMCE2",4,0.941,0.734,1.207,0.634,0.517,0.447,0.586
"GSE50081",FALSE,"protein_coding","random",69,"LY75|NEDD9|CEPT1|PUS7L",4,0.927,0.735,1.17,0.524,0.52,0.45,0.591
"GSE50081",FALSE,"protein_coding","random",70,"AKAP8L|FZD2|OR2J2|GNAI1",4,1.102,0.861,1.41,0.442,0.539,0.471,0.606
"GSE50081",FALSE,"protein_coding","random",71,"ZNF251|ZNF74|ZNF3|HOXA4",4,0.932,0.743,1.169,0.543,0.505,0.437,0.572
"GSE50081",FALSE,"protein_coding","random",72,"SLC17A4|SYNE1|IKBKE|MAP3K9",4,0.951,0.753,1.201,0.674,0.518,0.448,0.587
"GSE50081",FALSE,"protein_coding","random",73,"NEK1|ANAPC5|ADAMTS3|MAPK13",4,0.949,0.764,1.179,0.637,0.531,0.464,0.599
"GSE50081",FALSE,"protein_coding","random",74,"NDUFAB1|PIGM|TUFT1|KCNJ11",4,0.878,0.696,1.106,0.268,0.535,0.465,0.605
"GSE50081",FALSE,"protein_coding","random",75,"TFAP2B|RSPO1|RBAK|CACNG5",4,0.874,0.688,1.111,0.271,0.532,0.462,0.603
"GSE50081",FALSE,"protein_coding","random",76,"PDE6D|RAC1|PRDM8|APOBEC3A",4,0.976,0.772,1.234,0.838,0.489,0.416,0.562
"GSE50081",FALSE,"protein_coding","random",77,"YWHAQ|TUT1|NET1|ARHGEF33",4,1.104,0.871,1.4,0.412,0.554,0.485,0.623
"GSE50081",FALSE,"protein_coding","random",78,"CLN8|GRIPAP1|PHC3|AP3S2",4,0.925,0.733,1.168,0.512,0.541,0.474,0.609
"GSE50081",FALSE,"protein_coding","random",79,"OOEP|OR10J1|OTOGL|AKAP14",4,1.055,0.833,1.336,0.656,0.519,0.445,0.592
"GSE50081",FALSE,"protein_coding","random",80,"FGF11|USP9X|CANX|TNFSF18",4,0.909,0.72,1.148,0.423,0.55,0.483,0.618
"GSE50081",FALSE,"protein_coding","random",81,"CD28|IL1RAPL2|GGA2|IFNA10",4,0.959,0.771,1.193,0.707,0.511,0.444,0.578
"GSE50081",FALSE,"protein_coding","random",82,"FOXG1|RBM47|MUL1|SETD2",4,1.193,0.95,1.497,0.129,0.52,0.451,0.589
"GSE50081",FALSE,"protein_coding","random",83,"CCDC160|GOLGA7B|SCNN1A|UNC50",4,0.928,0.74,1.164,0.519,0.488,0.417,0.559
"GSE50081",FALSE,"protein_coding","random",84,"ZNF25|SP1|FAM160A2|SRCIN1",4,0.907,0.718,1.145,0.411,0.51,0.444,0.575
"GSE50081",FALSE,"protein_coding","random",85,"ZNF781|ZBTB34|NAT9|HERC5",4,0.905,0.718,1.141,0.398,0.522,0.447,0.597
"GSE50081",FALSE,"protein_coding","random",86,"EPX|VAPA|HDAC5|ABCB4",4,1.115,0.888,1.4,0.349,0.528,0.451,0.605
"GSE50081",FALSE,"protein_coding","random",87,"NEDD8|PCDHGA9|CWC25|GRIN1",4,0.935,0.735,1.189,0.582,0.5,0.427,0.572
"GSE50081",FALSE,"protein_coding","random",88,"SLA|DLGAP3|CAMTA1|ANP32A",4,1.103,0.871,1.398,0.416,0.513,0.438,0.587
"GSE50081",FALSE,"protein_coding","random",89,"STRN4|BET1L|NSMCE1|CCDC92",4,1.026,0.815,1.293,0.826,0.517,0.441,0.592
"GSE50081",FALSE,"protein_coding","random",90,"SPATA6|IMP4|PRR12|KIAA1210",4,0.927,0.731,1.176,0.533,0.512,0.439,0.584
"GSE50081",FALSE,"protein_coding","random",91,"RDM1|MYO6|TTLL10|OLAH",4,1.221,0.96,1.552,0.104,0.518,0.443,0.594
"GSE50081",FALSE,"protein_coding","random",92,"SLCO4C1|PEX1|NOP14|THBS4",4,0.849,0.669,1.079,0.181,0.547,0.476,0.617
"GSE50081",FALSE,"protein_coding","random",93,"UGDH|COX6C|ENC1|CCZ1",4,0.895,0.724,1.107,0.307,0.539,0.464,0.614
"GSE50081",FALSE,"protein_coding","random",94,"ZNF195|DDX23|RAD54B|LYAR",4,1.193,0.959,1.485,0.113,0.546,0.479,0.613
"GSE50081",FALSE,"protein_coding","random",95,"SERPINF1|MOGAT2|C14orf119|RAI1",4,1.023,0.793,1.32,0.862,0.53,0.456,0.605
"GSE50081",FALSE,"protein_coding","random",96,"NAA25|WDR46|BUB1B|AKR1C2",4,1.315,1.049,1.649,0.0177,0.585,0.519,0.652
"GSE50081",FALSE,"protein_coding","random",97,"CEP78|SFRP5|CORO1B|TTYH1",4,1.17,0.94,1.457,0.159,0.582,0.513,0.651
"GSE50081",FALSE,"protein_coding","random",98,"LRRIQ3|MRPL15|DSE|PCDHGA11",4,1.074,0.868,1.33,0.51,0.544,0.476,0.611
"GSE50081",FALSE,"protein_coding","random",99,"IFITM2|AGBL2|SUMO4|TYRP1",4,0.768,0.605,0.975,0.0304,0.576,0.509,0.643
"GSE50081",FALSE,"protein_coding","random",100,"CCDC185|PDILT|SIAH3|BRD4",4,1.001,0.795,1.259,0.996,0.494,0.422,0.565
"GSE50081",FALSE,"protein_coding","random",101,"GRIK5|STX7|GLRA2|GLRX5",4,1.19,0.939,1.509,0.15,0.544,0.472,0.615
"GSE50081",FALSE,"protein_coding","random",102,"TMEM200B|RAB31|RANBP2|CYP27C1",4,1.085,0.861,1.367,0.488,0.499,0.436,0.563
"GSE50081",FALSE,"protein_coding","random",103,"NIM1K|BEND5|DCUN1D1|SCIN",4,0.917,0.724,1.162,0.474,0.522,0.452,0.591
"GSE50081",FALSE,"protein_coding","random",104,"OBSL1|LBH|EGF|ITGB5",4,0.845,0.686,1.041,0.114,0.562,0.494,0.629
"GSE50081",FALSE,"protein_coding","random",105,"NXPH4|MYO9A|DHRS3|MRPS7",4,0.906,0.716,1.145,0.407,0.525,0.458,0.593
"GSE50081",FALSE,"protein_coding","random",106,"RILPL1|CACNG1|PAQR3|AGBL2",4,0.92,0.719,1.178,0.509,0.523,0.452,0.594
"GSE50081",FALSE,"protein_coding","random",107,"ZNF579|RBM27|SMIM3|OXSM",4,1.003,0.796,1.262,0.983,0.507,0.438,0.576
"GSE50081",FALSE,"protein_coding","random",108,"HSH2D|NPC1L1|VGF|PEX2",4,0.867,0.672,1.12,0.275,0.555,0.486,0.625
"GSE50081",FALSE,"protein_coding","random",109,"PAPOLG|RARB|PLCL2|PNPLA5",4,0.851,0.678,1.068,0.164,0.548,0.476,0.621
"GSE50081",FALSE,"protein_coding","random",110,"MIB2|GPR32|MTMR11|TRIM59",4,1.177,0.933,1.484,0.169,0.545,0.472,0.618
"GSE50081",FALSE,"protein_coding","random",111,"TTF1|PELP1|THBS3|NUP43",4,1.301,1.051,1.611,0.0155,0.581,0.507,0.656
"GSE50081",FALSE,"protein_coding","random",112,"TRAPPC5|ZW10|CMTM5|PSMC6",4,1.053,0.843,1.314,0.65,0.542,0.473,0.612
"GSE50081",FALSE,"protein_coding","random",113,"TFPT|ADRA2A|RPN2|GRIN1",4,0.893,0.709,1.125,0.338,0.509,0.44,0.579
"GSE50081",FALSE,"protein_coding","random",114,"CUL9|CD81|KIR2DL3|LRRC69",4,0.946,0.751,1.192,0.639,0.532,0.461,0.604
"GSE50081",FALSE,"protein_coding","random",115,"DAPK1|GJD2|BEND7|ZNF26",4,0.912,0.717,1.159,0.452,0.529,0.46,0.598
"GSE50081",FALSE,"protein_coding","random",116,"CNN1|PLXNB1|ZNF568|ANKRD36B",4,0.79,0.628,0.993,0.0438,0.561,0.498,0.625
"GSE50081",FALSE,"protein_coding","random",117,"SH3KBP1|SOX11|DCBLD1|ZFP82",4,1.07,0.846,1.353,0.571,0.51,0.44,0.58
"GSE50081",FALSE,"protein_coding","random",118,"TRPV5|ART5|AHR|MTF2",4,1.058,0.839,1.334,0.632,0.496,0.424,0.568
"GSE50081",FALSE,"protein_coding","random",119,"P2RY6|CHST5|AMPD3|SNRPD2",4,1.132,0.889,1.442,0.313,0.532,0.462,0.603
"GSE50081",FALSE,"protein_coding","random",120,"RPL4|ARMC3|PIK3R1|PCSK9",4,0.722,0.566,0.922,0.00887,0.6,0.534,0.666
"GSE50081",FALSE,"protein_coding","random",121,"IQCH|MSRB2|ASB10|C1orf109",4,1.023,0.807,1.297,0.851,0.46,0.387,0.533
"GSE50081",FALSE,"protein_coding","random",122,"HAUS5|ZBTB5|SPIDR|ETV6",4,0.955,0.756,1.207,0.702,0.496,0.424,0.568
"GSE50081",FALSE,"protein_coding","random",123,"LIPC|COX19|ERP27|GATA6",4,0.868,0.689,1.092,0.226,0.537,0.472,0.603
"GSE50081",FALSE,"protein_coding","random",124,"NSUN6|MKRN2|RPLP0|PIKFYVE",4,0.896,0.701,1.146,0.383,0.5,0.431,0.57
"GSE50081",FALSE,"protein_coding","random",125,"FLG2|ZNF81|NEK5|BLM",4,1.142,0.921,1.415,0.227,0.56,0.494,0.626
"GSE50081",FALSE,"protein_coding","random",126,"COMMD6|SLC13A5|GNB4|STAMBPL1",4,0.91,0.72,1.15,0.429,0.529,0.455,0.604
"GSE50081",FALSE,"protein_coding","random",127,"LARS2|OAZ1|GABRG2|CILP",4,1.099,0.867,1.392,0.435,0.517,0.447,0.588
"GSE50081",FALSE,"protein_coding","random",128,"CRTAP|GPR52|METTL2B|RAB7A",4,1.084,0.853,1.377,0.511,0.53,0.456,0.604
"GSE50081",FALSE,"protein_coding","random",129,"ITGA11|TXK|SUCO|CENPC",4,1.013,0.805,1.274,0.915,0.506,0.434,0.578
"GSE50081",FALSE,"protein_coding","random",130,"ANP32D|CWF19L2|ZNF613|MTCH2",4,1.086,0.853,1.384,0.503,0.527,0.457,0.597
"GSE50081",FALSE,"protein_coding","random",131,"MYOT|PHB2|TRAPPC2|ZGPAT",4,1.013,0.804,1.276,0.915,0.525,0.457,0.594
"GSE50081",FALSE,"protein_coding","random",132,"SCRIB|TTI2|TST|NOXO1",4,1.001,0.793,1.263,0.995,0.522,0.455,0.589
"GSE50081",FALSE,"protein_coding","random",133,"PXT1|KRTCAP3|C7orf50|SPTSSA",4,0.967,0.773,1.212,0.773,0.506,0.437,0.574
"GSE50081",FALSE,"protein_coding","random",134,"SLITRK1|SLC7A7|TRPC5|GCNT2",4,0.94,0.741,1.194,0.614,0.514,0.442,0.587
"GSE50081",FALSE,"protein_coding","random",135,"ADAMTS3|ZP4|RNASE11|ENTPD4",4,1.095,0.871,1.378,0.437,0.5,0.428,0.572
"GSE50081",FALSE,"protein_coding","random",136,"MLXIP|PDPR|NKX2-1|IRX3",4,0.884,0.702,1.113,0.293,0.537,0.463,0.611
"GSE50081",FALSE,"protein_coding","random",137,"DZIP1L|ZNF423|NUDT16L1|FBXO34",4,0.755,0.602,0.946,0.0145,0.583,0.516,0.649
"GSE50081",FALSE,"protein_coding","random",138,"PCDHB2|AMELY|AMACR|RNASEH2A",4,0.975,0.756,1.257,0.845,0.513,0.446,0.581
"GSE50081",FALSE,"protein_coding","random",139,"PTCD3|NRF1|POMGNT2|DRAM1",4,0.821,0.65,1.037,0.0978,0.561,0.489,0.634
"GSE50081",FALSE,"protein_coding","random",140,"NLRP6|APOE|MAP1LC3A|HDGF",4,1.05,0.838,1.317,0.67,0.516,0.446,0.586
"GSE50081",FALSE,"protein_coding","random",141,"RND1|POLR3E|TRIM17|GPHB5",4,0.92,0.731,1.158,0.479,0.515,0.444,0.587
"GSE50081",FALSE,"protein_coding","random",142,"UHRF2|ZNF624|CGNL1|GOLGB1",4,0.927,0.738,1.165,0.517,0.525,0.452,0.599
"GSE50081",FALSE,"protein_coding","random",143,"STAM2|MED4|SLC7A7|NFKBIL1",4,0.966,0.767,1.218,0.772,0.51,0.438,0.582
"GSE50081",FALSE,"protein_coding","random",144,"BIRC6|BPNT1|POLR1B|TRPT1",4,0.943,0.75,1.187,0.619,0.509,0.437,0.58
"GSE50081",FALSE,"protein_coding","random",145,"MED29|GGN|VNN3|POPDC3",4,1.091,0.885,1.346,0.415,0.548,0.478,0.619
"GSE50081",FALSE,"protein_coding","random",146,"C9orf72|BCAS3|RDM1|SLC26A2",4,0.936,0.732,1.198,0.6,0.529,0.46,0.598
"GSE50081",FALSE,"protein_coding","random",147,"RNASET2|EFNB3|NAB1|CALN1",4,0.883,0.702,1.11,0.285,0.506,0.437,0.575
"GSE50081",FALSE,"protein_coding","random",148,"ZNF177|TMEM70|IFNL1|MYOT",4,0.901,0.695,1.166,0.427,0.492,0.413,0.57
"GSE50081",FALSE,"protein_coding","random",149,"FAM219A|SLC27A6|MBNL1|UBA52",4,1.06,0.815,1.38,0.662,0.481,0.409,0.553
"GSE50081",FALSE,"protein_coding","random",150,"NT5DC1|ATPAF1|HID1|MMAA",4,0.794,0.628,1.005,0.0548,0.576,0.505,0.647
"GSE50081",FALSE,"protein_coding","random",151,"TJP1|NRM|CDKL1|AIDA",4,0.852,0.675,1.074,0.174,0.543,0.474,0.613
"GSE50081",FALSE,"protein_coding","random",152,"LRRC3B|ZBP1|SPC24|FETUB",4,0.985,0.802,1.21,0.888,0.46,0.394,0.527
"GSE50081",FALSE,"protein_coding","random",153,"GGTLC1|JMJD7|KIAA0319L|SFN",4,0.719,0.565,0.914,0.00714,0.589,0.52,0.658
"GSE50081",FALSE,"protein_coding","random",154,"ABCA5|POLE|ECEL1|PIPOX",4,1.254,1.023,1.536,0.029,0.564,0.498,0.63
"GSE50081",FALSE,"protein_coding","random",155,"ELAVL2|CLIP3|BBS9|SIVA1",4,1.027,0.819,1.289,0.816,0.527,0.454,0.601
"GSE50081",FALSE,"protein_coding","random",156,"NFS1|MATK|LRRC20|GCNT7",4,1.215,0.97,1.52,0.0895,0.557,0.49,0.624
"GSE50081",FALSE,"protein_coding","random",157,"GPC4|TPP2|RCOR3|DNASE1",4,0.885,0.705,1.112,0.296,0.529,0.462,0.596
"GSE50081",FALSE,"protein_coding","random",158,"FAM9B|MRPS26|INO80C|MDH1",4,0.976,0.761,1.251,0.847,0.505,0.437,0.574
"GSE50081",FALSE,"protein_coding","random",159,"HEATR5A|PAK2|ACOT8|MEIS1",4,0.887,0.709,1.11,0.296,0.524,0.454,0.593
"GSE50081",FALSE,"protein_coding","random",160,"ZNF524|HTATIP2|TAF9B|ZIC5",4,1.087,0.869,1.36,0.466,0.524,0.45,0.598
"GSE50081",FALSE,"protein_coding","random",161,"MRPS21|NCR3LG1|INPP5B|ITGA8",4,0.758,0.613,0.937,0.0106,0.606,0.536,0.676
"GSE50081",FALSE,"protein_coding","random",162,"DUSP1|MYD88|CCL23|CLDN9",4,1.003,0.793,1.269,0.98,0.515,0.444,0.585
"GSE50081",FALSE,"protein_coding","random",163,"KNSTRN|C8orf88|SIPA1L1|COA4",4,1.031,0.825,1.29,0.787,0.506,0.436,0.577
"GSE50081",FALSE,"protein_coding","random",164,"DNM3|FAM47E|ATF2|MRPL20",4,0.778,0.61,0.992,0.0425,0.573,0.501,0.644
"GSE50081",FALSE,"protein_coding","random",165,"ZFC3H1|CHCHD1|SLCO1B1|NXF2",4,1.056,0.837,1.332,0.648,0.513,0.444,0.582
"GSE50081",FALSE,"protein_coding","random",166,"C9orf64|ACACB|BCAP29|C2CD3",4,0.936,0.743,1.179,0.576,0.541,0.468,0.613
"GSE50081",FALSE,"protein_coding","random",167,"ATP10B|WFIKKN2|AUH|EDIL3",4,0.811,0.641,1.026,0.0804,0.554,0.482,0.626
"GSE50081",FALSE,"protein_coding","random",168,"FUT2|CYP27A1|RNF5|MS4A5",4,1.088,0.87,1.362,0.46,0.535,0.463,0.606
"GSE50081",FALSE,"protein_coding","random",169,"TYW1|PFDN1|RPL22L1|ATOH7",4,1.038,0.809,1.333,0.77,0.494,0.418,0.569
"GSE50081",FALSE,"protein_coding","random",170,"METTL5|NFXL1|FAM161A|AATK",4,0.966,0.775,1.204,0.76,0.503,0.429,0.576
"GSE50081",FALSE,"protein_coding","random",171,"RPS24|ZBTB40|DHX30|BARX1",4,1.044,0.834,1.307,0.707,0.532,0.465,0.599
"GSE50081",FALSE,"protein_coding","random",172,"GREB1|PRR15L|CHAF1B|NUS1",4,0.969,0.76,1.236,0.799,0.533,0.462,0.604
"GSE50081",FALSE,"protein_coding","random",173,"EIF4A2|ACSL3|B3GALT2|PTBP2",4,0.965,0.755,1.233,0.774,0.516,0.437,0.594
"GSE50081",FALSE,"protein_coding","random",174,"ASB13|CCNB2|VASP|TNKS",4,1.363,1.086,1.711,0.00762,0.574,0.501,0.647
"GSE50081",FALSE,"protein_coding","random",175,"EME1|CD300C|SLC5A4|SLC22A1",4,1.188,0.978,1.443,0.0821,0.562,0.491,0.632
"GSE50081",FALSE,"protein_coding","random",176,"PDZRN3|GSG1L|PSMD10|HMX2",4,0.772,0.597,0.998,0.0485,0.543,0.47,0.617
"GSE50081",FALSE,"protein_coding","random",177,"CCDC33|PLCH1|CLDN17|PTRHD1",4,0.825,0.66,1.033,0.0933,0.544,0.476,0.613
"GSE50081",FALSE,"protein_coding","random",178,"DFFA|HSD17B2|TUBB4A|DYNC1LI1",4,0.896,0.71,1.131,0.356,0.526,0.458,0.595
"GSE50081",FALSE,"protein_coding","random",179,"SIGLEC1|NT5C|GTF2I|ARMC2",4,0.83,0.665,1.037,0.101,0.534,0.466,0.602
"GSE50081",FALSE,"protein_coding","random",180,"KIAA0513|S1PR4|TBC1D5|YY1",4,0.915,0.731,1.144,0.436,0.536,0.469,0.604
"GSE50081",FALSE,"protein_coding","random",181,"ST18|INHBC|SCNN1D|YWHAE",4,1.073,0.859,1.341,0.534,0.529,0.461,0.597
"GSE50081",FALSE,"protein_coding","random",182,"CASP10|HMGXB4|OR10J1|RIPPLY3",4,1.188,0.949,1.487,0.133,0.572,0.5,0.644
"GSE50081",FALSE,"protein_coding","random",183,"TGM6|TGFBI|LRRC56|FBXL6",4,1.019,0.81,1.281,0.875,0.497,0.426,0.567
"GSE50081",FALSE,"protein_coding","random",184,"POLR3H|PDE1B|TRIM51|DCAF12L2",4,1.038,0.815,1.323,0.761,0.515,0.44,0.589
"GSE50081",FALSE,"protein_coding","random",185,"EMILIN1|FXYD7|TRIM49|PNLIPRP3",4,1.214,0.99,1.489,0.0621,0.567,0.496,0.638
"GSE50081",FALSE,"protein_coding","random",186,"NRG3|EPS8|VAV3|SHISA3",4,0.817,0.646,1.032,0.0903,0.573,0.502,0.645
"GSE50081",FALSE,"protein_coding","random",187,"EYS|KRTAP4-1|CNTLN|DUS1L",4,1.184,0.947,1.481,0.138,0.559,0.487,0.63
"GSE50081",FALSE,"protein_coding","random",188,"HTR2A|ID3|RAB11B|RAB6A",4,0.816,0.642,1.038,0.0973,0.535,0.463,0.607
"GSE50081",FALSE,"protein_coding","random",189,"TPGS2|MCMBP|DEFB114|DLX6",4,1.073,0.869,1.325,0.51,0.543,0.475,0.611
"GSE50081",FALSE,"protein_coding","random",190,"FBXO32|SYNRG|DCAF12|MAPRE2",4,1.138,0.886,1.461,0.31,0.547,0.472,0.622
"GSE50081",FALSE,"protein_coding","random",191,"SLC12A7|FYTTD1|IWS1|FAM189B",4,0.891,0.702,1.13,0.34,0.534,0.465,0.604
"GSE50081",FALSE,"protein_coding","random",192,"TUBB3|UBA3|SLC37A2|ATP4B",4,1.22,0.976,1.525,0.0804,0.573,0.506,0.64
"GSE50081",FALSE,"protein_coding","random",193,"ACAD9|HLF|HSP90AB1|XRCC3",4,0.901,0.707,1.146,0.395,0.525,0.452,0.599
"GSE50081",FALSE,"protein_coding","random",194,"HSPA1L|RUNX3|POLDIP2|PCGF3",4,0.864,0.676,1.104,0.243,0.538,0.465,0.61
"GSE50081",FALSE,"protein_coding","random",195,"GPC4|HIVEP1|FABP1|NRBP1",4,1.108,0.878,1.399,0.388,0.542,0.473,0.61
"GSE50081",FALSE,"protein_coding","random",196,"WDR13|UNC50|RNASEL|CD9",4,0.811,0.649,1.013,0.0645,0.569,0.5,0.638
"GSE50081",FALSE,"protein_coding","random",197,"IFT27|EPS8|CDKN1C|C1orf68",4,0.708,0.559,0.898,0.00441,0.61,0.541,0.679
"GSE50081",FALSE,"protein_coding","random",198,"PLGLB2|PCOLCE2|JPH2|FCGR2A",4,1.006,0.783,1.292,0.963,0.505,0.431,0.579
"GSE50081",FALSE,"protein_coding","random",199,"CAPN9|CTXN2|ZNF177|DAZAP1",4,1.156,0.918,1.457,0.217,0.57,0.499,0.642
"GSE50081",FALSE,"protein_coding","random",200,"CEP135|TPP2|VIPR2|EED",4,0.994,0.789,1.254,0.962,0.49,0.418,0.562
"GSE50081",FALSE,"protein_coding","random",201,"FAM86B1|DTX3|B2M|IFI27L1",4,1.1,0.885,1.367,0.389,0.531,0.459,0.604
"GSE50081",FALSE,"protein_coding","random",202,"LGALS13|MAPK4|RAB43|PAK4",4,1.167,0.936,1.454,0.169,0.559,0.491,0.627
"GSE50081",FALSE,"protein_coding","random",203,"GALNT14|KRT16|RPAP1|ARMC3",4,0.77,0.6,0.987,0.0392,0.577,0.507,0.648
"GSE50081",FALSE,"protein_coding","random",204,"NGB|NKX3-2|PRKAR1B|PTPN2",4,1.242,1.003,1.538,0.0465,0.595,0.526,0.664
"GSE50081",FALSE,"protein_coding","random",205,"PIWIL4|RASGEF1A|TRPM1|NETO2",4,0.879,0.685,1.127,0.309,0.546,0.475,0.617
"GSE50081",FALSE,"protein_coding","random",206,"CTBP1|SOHLH1|RAP1GAP2|C2orf42",4,0.78,0.599,1.015,0.0648,0.571,0.504,0.637
"GSE50081",FALSE,"protein_coding","random",207,"DAZAP1|ANXA10|ZXDB|MYH8",4,1.058,0.854,1.311,0.606,0.546,0.481,0.611
"GSE50081",FALSE,"protein_coding","random",208,"ALYREF|CXCL12|SNRPC|ARRDC2",4,0.988,0.758,1.289,0.932,0.472,0.396,0.548
"GSE50081",FALSE,"protein_coding","random",209,"IDH3B|SLFN11|AGBL2|EXOSC7",4,0.761,0.603,0.961,0.0216,0.544,0.475,0.614
"GSE50081",FALSE,"protein_coding","random",210,"FREM2|TINCR|KRT15|CPA2",4,0.916,0.729,1.151,0.45,0.528,0.459,0.597
"GSE50081",FALSE,"protein_coding","random",211,"C12orf43|HMGB2|NCF2|CTBP1",4,1.214,0.953,1.548,0.117,0.581,0.514,0.647
"GSE50081",FALSE,"protein_coding","random",212,"ADAMTS5|MC2R|MYB|ZBED4",4,1.087,0.863,1.368,0.477,0.523,0.451,0.595
"GSE50081",FALSE,"protein_coding","random",213,"PKP1|ZNF143|TPM2|TMEM243",4,0.771,0.615,0.967,0.0242,0.581,0.508,0.654
"GSE50081",FALSE,"protein_coding","random",214,"BCDIN3D|FAM167B|CCDC6|NCAPH2",4,0.77,0.612,0.968,0.0254,0.563,0.497,0.628
"GSE50081",FALSE,"protein_coding","random",215,"RAI2|PRPF38A|GAL3ST3|FBRS",4,0.724,0.577,0.907,0.00509,0.591,0.528,0.654
"GSE50081",FALSE,"protein_coding","random",216,"DNAJC21|CBFA2T2|PIKFYVE|HAVCR2",4,1.075,0.853,1.355,0.539,0.514,0.442,0.587
"GSE50081",FALSE,"protein_coding","random",217,"SMARCD1|HIPK1|RAB11A|VMO1",4,1.05,0.83,1.327,0.686,0.488,0.417,0.559
"GSE50081",FALSE,"protein_coding","random",218,"LY6G6C|SLC35F6|STRADA|RNPEP",4,1.113,0.887,1.398,0.356,0.552,0.481,0.624
"GSE50081",FALSE,"protein_coding","random",219,"CHURC1|CTXN1|TMEM184C|WDTC1",4,0.965,0.768,1.212,0.758,0.526,0.455,0.597
"GSE50081",FALSE,"protein_coding","random",220,"CCDC168|BUD31|R3HDM2|KCTD12",4,0.905,0.724,1.131,0.379,0.539,0.473,0.605
"GSE50081",FALSE,"protein_coding","random",221,"GTPBP1|DDX54|CCDC174|CARF",4,0.889,0.695,1.137,0.349,0.528,0.454,0.603
"GSE50081",FALSE,"protein_coding","random",222,"LACC1|FLVCR2|TMEM68|EHBP1",4,1.115,0.888,1.399,0.349,0.509,0.438,0.58
"GSE50081",FALSE,"protein_coding","random",223,"SLC25A27|KIF18A|YY1AP1|RHOH",4,1.134,0.917,1.402,0.246,0.51,0.438,0.582
"GSE50081",FALSE,"protein_coding","random",224,"DSPP|ARRDC2|IPO8|ALDH8A1",4,0.824,0.637,1.065,0.14,0.562,0.492,0.632
"GSE50081",FALSE,"protein_coding","random",225,"MYEF2|TMEM106B|POT1|C20orf141",4,1.12,0.878,1.429,0.361,0.508,0.437,0.578
"GSE50081",FALSE,"protein_coding","random",226,"ZNRF2|LLGL2|CCDC39|TAS2R1",4,0.875,0.688,1.111,0.273,0.516,0.443,0.589
"GSE50081",FALSE,"protein_coding","random",227,"GNPNAT1|C12orf76|SPATA7|OSTC",4,0.915,0.729,1.148,0.441,0.525,0.455,0.596
"GSE50081",FALSE,"protein_coding","random",228,"GRB7|RANBP1|TRAPPC13|SRPX2",4,1.136,0.9,1.434,0.284,0.527,0.461,0.592
"GSE50081",FALSE,"protein_coding","random",229,"SMYD5|SAG|TREH|PDE7A",4,0.986,0.778,1.25,0.908,0.511,0.443,0.578
"GSE50081",FALSE,"protein_coding","random",230,"CCDC151|FLNC|PTPRH|HHIPL1",4,1.173,0.935,1.473,0.168,0.552,0.484,0.619
"GSE50081",FALSE,"protein_coding","random",231,"DZIP1|CRB2|MT1G|HHLA1",4,1.251,0.992,1.577,0.0588,0.548,0.472,0.623
"GSE50081",FALSE,"protein_coding","random",232,"CMTM2|SAMD13|EXOSC8|PDZD2",4,0.829,0.649,1.059,0.133,0.545,0.473,0.617
"GSE50081",FALSE,"protein_coding","random",233,"IQCF3|TMBIM6|RAX2|CCL21",4,1.042,0.835,1.301,0.713,0.528,0.459,0.597
"GSE50081",FALSE,"protein_coding","random",234,"CRISPLD1|MAPK8IP3|SMO|F10",4,0.915,0.723,1.159,0.463,0.54,0.467,0.612
"GSE50081",FALSE,"protein_coding","random",235,"SPTSSA|ADH1A|FAM53B|MYBL2",4,1.001,0.782,1.282,0.992,0.51,0.442,0.579
"GSE50081",FALSE,"protein_coding","random",236,"C11orf52|ZNF81|TFE3|CAPZB",4,1.14,0.888,1.465,0.304,0.548,0.476,0.62
"GSE50081",FALSE,"protein_coding","random",237,"SHF|OR3A1|MS4A12|CEP250",4,1.162,0.922,1.463,0.203,0.545,0.471,0.619
"GSE50081",FALSE,"protein_coding","random",238,"CDK6|UGT3A1|RAP1A|NDUFS5",4,0.889,0.703,1.124,0.325,0.545,0.477,0.614
"GSE50081",FALSE,"protein_coding","random",239,"LAMA1|MXD1|C11orf97|DPPA2",4,1.121,0.901,1.395,0.305,0.534,0.464,0.604
"GSE50081",FALSE,"protein_coding","random",240,"SOD2|C16orf92|BTBD10|CDH2",4,1.232,0.989,1.535,0.0633,0.568,0.499,0.637
"GSE50081",FALSE,"protein_coding","random",241,"COX6B1|CTSO|TRPS1|LIN9",4,1.145,0.909,1.443,0.249,0.516,0.445,0.587
"GSE50081",FALSE,"protein_coding","random",242,"TSPAN6|TMEM128|MED29|PXYLP1",4,0.818,0.655,1.022,0.0773,0.549,0.478,0.62
"GSE50081",FALSE,"protein_coding","random",243,"ZNF570|HEPACAM|FBXO44|ITGAE",4,0.873,0.691,1.102,0.252,0.532,0.462,0.601
"GSE50081",FALSE,"protein_coding","random",244,"IQCK|ARL6|N4BP2|C10orf99",4,0.871,0.683,1.112,0.268,0.562,0.487,0.636
"GSE50081",FALSE,"protein_coding","random",245,"TMEM17|CREBBP|PANX1|CAB39",4,0.761,0.612,0.947,0.0142,0.595,0.523,0.668
"GSE50081",FALSE,"protein_coding","random",246,"DBP|CCDC120|RPS15A|OLFML2B",4,0.958,0.759,1.207,0.714,0.495,0.422,0.568
"GSE50081",FALSE,"protein_coding","random",247,"CEP41|RNASEH1|RER1|SLC6A19",4,1.13,0.877,1.456,0.344,0.544,0.469,0.62
"GSE50081",FALSE,"protein_coding","random",248,"SLC6A8|HLA-A|MICAL2|GRM8",4,1.237,0.975,1.57,0.0794,0.552,0.48,0.623
"GSE50081",FALSE,"protein_coding","random",249,"RAPGEF6|CACNB4|C8orf44-SGK3|ORC1",4,1.015,0.814,1.265,0.897,0.51,0.437,0.582
"GSE50081",FALSE,"protein_coding","random",250,"SLC9A5|PLA2G2F|YPEL4|HOXD3",4,1.135,0.918,1.402,0.241,0.564,0.494,0.634
"GSE50081",FALSE,"protein_coding","random",251,"DEPTOR|PON2|TMTC4|PRAF2",4,0.837,0.667,1.051,0.125,0.56,0.487,0.633
"GSE50081",FALSE,"protein_coding","random",252,"ZNF276|HAAO|CDC42EP3|GDNF",4,1.117,0.895,1.394,0.327,0.514,0.442,0.585
"GSE50081",FALSE,"protein_coding","random",253,"MT1M|BASP1|PRSS23|PDCD7",4,1.007,0.795,1.274,0.956,0.485,0.416,0.554
"GSE50081",FALSE,"protein_coding","random",254,"MUC20|SALL4|TUBB6|S100Z",4,1.27,1,1.612,0.0498,0.574,0.495,0.653
"GSE50081",FALSE,"protein_coding","random",255,"CSF3R|PIPOX|SCN4B|ADARB2",4,0.993,0.792,1.246,0.953,0.49,0.419,0.562
"GSE50081",FALSE,"protein_coding","random",256,"PFDN5|SERF1A|HSPB3|CCDC87",4,0.769,0.605,0.978,0.0321,0.573,0.503,0.642
"GSE50081",FALSE,"protein_coding","random",257,"TF|MIS18BP1|TROAP|ZNF613",4,1.293,1.037,1.614,0.0227,0.562,0.493,0.631
"GSE50081",FALSE,"protein_coding","random",258,"WDR25|FUOM|RPA2|CYB5D1",4,0.818,0.645,1.036,0.0949,0.548,0.474,0.621
"GSE50081",FALSE,"protein_coding","random",259,"PRKAR1A|FCGR3B|DCAF10|NRG1",4,1.022,0.803,1.3,0.86,0.51,0.438,0.581
"GSE50081",FALSE,"protein_coding","random",260,"GLB1L2|APOC3|DCTN6|C8A",4,0.937,0.747,1.175,0.573,0.499,0.431,0.568
"GSE50081",FALSE,"protein_coding","random",261,"HDAC1|KLK4|CRYGC|ZFC3H1",4,1.016,0.805,1.283,0.891,0.506,0.437,0.575
"GSE50081",FALSE,"protein_coding","random",262,"ACAA1|BDKRB1|ATP6V1G2|FAM136A",4,1.07,0.853,1.344,0.557,0.535,0.466,0.604
"GSE50081",FALSE,"protein_coding","random",263,"TMEM234|INSM2|OR51B6|CLN5",4,0.952,0.751,1.206,0.682,0.524,0.45,0.599
"GSE50081",FALSE,"protein_coding","random",264,"MPP7|RNF220|TAP2|MYL6",4,0.858,0.685,1.075,0.182,0.55,0.48,0.621
"GSE50081",FALSE,"protein_coding","random",265,"LENEP|RPUSD3|IFRD1|SCYL2",4,1.014,0.802,1.282,0.907,0.493,0.42,0.566
"GSE50081",FALSE,"protein_coding","random",266,"DEFB106A|ABHD17B|NNAT|ZBTB7A",4,1.099,0.888,1.36,0.387,0.509,0.437,0.581
"GSE50081",FALSE,"protein_coding","random",267,"ODF1|NAV3|AADACL2|IK",4,0.894,0.719,1.112,0.315,0.522,0.455,0.588
"GSE50081",FALSE,"protein_coding","random",268,"SMN1|GPR37|GALNT16|TP53TG3",4,1.065,0.852,1.331,0.582,0.488,0.422,0.554
"GSE50081",FALSE,"protein_coding","random",269,"MPPED2|RHBDL2|TOMM5|CHD8",4,0.893,0.709,1.124,0.334,0.528,0.459,0.597
"GSE50081",FALSE,"protein_coding","random",270,"ZNF540|NIPSNAP1|SPIB|CERS5",4,0.956,0.756,1.208,0.704,0.499,0.432,0.567
"GSE50081",FALSE,"protein_coding","random",271,"HSD3B1|GMIP|TRAPPC2|KIDINS220",4,1.001,0.8,1.253,0.993,0.538,0.466,0.609
"GSE50081",FALSE,"protein_coding","random",272,"FXYD1|PTHLH|OSM|AVPI1",4,0.875,0.688,1.113,0.277,0.518,0.446,0.591
"GSE50081",FALSE,"protein_coding","random",273,"GSKIP|CD160|GTF3C3|PTGDR2",4,0.846,0.678,1.055,0.137,0.538,0.468,0.607
"GSE50081",FALSE,"protein_coding","random",274,"CCNI|LEPROTL1|TCF7|MRPL28",4,1.054,0.834,1.332,0.658,0.527,0.46,0.594
"GSE50081",FALSE,"protein_coding","random",275,"SLC25A42|GCDH|P2RY1|PPP3CA",4,0.717,0.559,0.92,0.00877,0.604,0.537,0.671
"GSE50081",FALSE,"protein_coding","random",276,"ZNF883|LENG9|TUB|LY86",4,0.911,0.71,1.169,0.465,0.513,0.443,0.583
"GSE50081",FALSE,"protein_coding","random",277,"CEBPG|PLK2|SMOX|SCAF8",4,1.005,0.793,1.272,0.97,0.535,0.466,0.605
"GSE50081",FALSE,"protein_coding","random",278,"VPS28|IRF5|FAXDC2|MYO1A",4,0.947,0.748,1.199,0.651,0.524,0.448,0.6
"GSE50081",FALSE,"protein_coding","random",279,"HIF3A|ANXA9|CD69|PDE6A",4,0.967,0.771,1.213,0.773,0.499,0.429,0.568
"GSE50081",FALSE,"protein_coding","random",280,"SPRED2|ST3GAL6|SYNGR1|NIT2",4,0.781,0.621,0.982,0.0346,0.56,0.492,0.629
"GSE50081",FALSE,"protein_coding","random",281,"PCP4L1|RSPRY1|RECQL5|PLXDC2",4,0.894,0.712,1.121,0.331,0.544,0.478,0.61
"GSE50081",FALSE,"protein_coding","random",282,"NPAS4|CD226|KIR2DL4|NKAIN3",4,1.21,0.973,1.506,0.0866,0.587,0.519,0.655
"GSE50081",FALSE,"protein_coding","random",283,"KBTBD6|TRIB3|LHX4|ZNF234",4,0.895,0.721,1.112,0.317,0.53,0.458,0.602
"GSE50081",FALSE,"protein_coding","random",284,"HOXA1|SYDE1|EXOSC1|MSH5",4,1.218,0.967,1.535,0.0946,0.56,0.496,0.624
"GSE50081",FALSE,"protein_coding","random",285,"CH25H|METRNL|ABHD12|SDHC",4,0.998,0.787,1.266,0.987,0.505,0.433,0.577
"GSE50081",FALSE,"protein_coding","random",286,"TCFL5|TEKT2|PPP2R5B|REEP6",4,0.779,0.613,0.989,0.0403,0.568,0.5,0.636
"GSE50081",FALSE,"protein_coding","random",287,"MCC|USP2|DZANK1|ENTPD5",4,0.834,0.66,1.055,0.13,0.559,0.486,0.632
"GSE50081",FALSE,"protein_coding","random",288,"FAM111B|SFXN4|CIZ1|KLHL32",4,1.309,1.046,1.639,0.0189,0.582,0.52,0.644
"GSE50081",FALSE,"protein_coding","random",289,"USP51|RPS27|IRS2|LIN52",4,0.866,0.683,1.098,0.235,0.525,0.453,0.597
"GSE50081",FALSE,"protein_coding","random",290,"NAIF1|UST|MMP8|IBTK",4,0.842,0.67,1.057,0.138,0.558,0.493,0.624
"GSE50081",FALSE,"protein_coding","random",291,"SP4|CXCR3|HAGH|MED27",4,0.992,0.77,1.277,0.948,0.493,0.419,0.566
"GSE50081",FALSE,"protein_coding","random",292,"CBY3|FAM111B|PFDN4|IL17RA",4,1.279,1.011,1.618,0.0399,0.562,0.492,0.631
"GSE50081",FALSE,"protein_coding","random",293,"HARS2|ROBO2|ARGLU1|TRPC5OS",4,0.767,0.595,0.989,0.0406,0.565,0.495,0.635
"GSE50081",FALSE,"protein_coding","random",294,"KIAA1841|ZNF133|ZNF430|EXOSC4",4,1.025,0.81,1.298,0.835,0.507,0.436,0.578
"GSE50081",FALSE,"protein_coding","random",295,"ATP11B|SVOPL|FREM1|DUSP2",4,0.887,0.708,1.11,0.295,0.518,0.448,0.588
"GSE50081",FALSE,"protein_coding","random",296,"ANGPTL2|TSPAN10|SETMAR|C11orf54",4,0.893,0.708,1.127,0.34,0.536,0.465,0.606
"GSE50081",FALSE,"protein_coding","random",297,"DPH5|MON2|AGA|ABRACL",4,0.867,0.701,1.073,0.191,0.528,0.454,0.601
"GSE50081",FALSE,"protein_coding","random",298,"CTAG1A|ANXA4|C4orf17|SHANK3",4,0.809,0.634,1.033,0.0895,0.548,0.477,0.618
"GSE50081",FALSE,"protein_coding","random",299,"EGF|MTHFD1L|OR8D2|ASCC3",4,1.104,0.883,1.38,0.387,0.495,0.425,0.566
"GSE50081",FALSE,"protein_coding","random",300,"RASD1|NCOA7|LPGAT1|ATG14",4,0.922,0.732,1.161,0.488,0.519,0.445,0.593
"GSE50081",FALSE,"protein_coding","random",301,"MT1H|SLC22A8|POLRMT|RNASE6",4,1.212,0.977,1.503,0.0798,0.57,0.497,0.644
"GSE50081",FALSE,"protein_coding","random",302,"RAB38|FDCSP|ST6GAL1|IFT57",4,0.791,0.621,1.006,0.056,0.562,0.488,0.637
"GSE50081",FALSE,"protein_coding","random",303,"LAPTM4B|MED24|CMAS|NKX2-3",4,0.937,0.745,1.178,0.577,0.503,0.433,0.574
"GSE50081",FALSE,"protein_coding","random",304,"VWA3B|ZSCAN21|PSD|OAS1",4,1.011,0.809,1.265,0.921,0.53,0.463,0.598
"GSE50081",FALSE,"protein_coding","random",305,"UTS2B|CES3|AEN|PTPRN2",4,0.764,0.603,0.969,0.0261,0.57,0.498,0.643
"GSE50081",FALSE,"protein_coding","random",306,"NRG4|SSH3|ANLN|CST6",4,1.196,0.949,1.508,0.129,0.549,0.48,0.618
"GSE50081",FALSE,"protein_coding","random",307,"FAM133B|CHD2|SLC35A3|FGF5",4,0.97,0.774,1.216,0.793,0.524,0.458,0.591
"GSE50081",FALSE,"protein_coding","random",308,"PGPEP1|EMID1|RFPL2|IRX2",4,0.832,0.657,1.053,0.125,0.549,0.479,0.619
"GSE50081",FALSE,"protein_coding","random",309,"ZNF655|OGFOD3|BAP1|MRPS26",4,0.772,0.613,0.973,0.0284,0.584,0.517,0.652
"GSE50081",FALSE,"protein_coding","random",310,"SERPINB6|SSBP2|LMTK3|PRPF40A",4,0.959,0.75,1.226,0.739,0.519,0.451,0.586
"GSE50081",FALSE,"protein_coding","random",311,"KLF15|TMOD1|ZNF551|SLC39A2",4,0.778,0.618,0.978,0.0316,0.566,0.502,0.63
"GSE50081",FALSE,"protein_coding","random",312,"CCDC7|NHSL1|LYZL6|ZSCAN9",4,1.119,0.894,1.401,0.326,0.546,0.477,0.615
"GSE50081",FALSE,"protein_coding","random",313,"UBE2J1|B4GALT6|PSAP|LAMB3",4,0.912,0.719,1.156,0.446,0.515,0.444,0.587
"GSE50081",FALSE,"protein_coding","random",314,"TAS2R3|PDE8B|DNAJC5G|SEMA6C",4,1.155,0.929,1.437,0.194,0.548,0.478,0.618
"GSE50081",FALSE,"protein_coding","random",315,"LGI2|MPZ|INPPL1|TRIM63",4,1.076,0.865,1.338,0.513,0.528,0.456,0.599
"GSE50081",FALSE,"protein_coding","random",316,"FBXW9|UTP20|NIT1|CLSTN3",4,0.987,0.783,1.243,0.908,0.496,0.425,0.568
"GSE50081",FALSE,"protein_coding","random",317,"TFF2|TSSC4|EPHB4|SLC35D2",4,1.157,0.919,1.456,0.214,0.533,0.461,0.606
"GSE50081",FALSE,"protein_coding","random",318,"FSHB|RNF145|QDPR|DDX4",4,0.859,0.68,1.085,0.201,0.538,0.47,0.607
"GSE50081",FALSE,"protein_coding","random",319,"ANKRD7|POU4F2|CELA2B|ASB7",4,1.093,0.895,1.335,0.384,0.516,0.444,0.587
"GSE50081",FALSE,"protein_coding","random",320,"GAL3ST1|MAU2|DNAJC24|KEL",4,0.908,0.718,1.147,0.417,0.525,0.452,0.597
"GSE50081",FALSE,"protein_coding","random",321,"HID1|USB1|MUC13|NSUN7",4,0.992,0.791,1.243,0.942,0.504,0.435,0.572
"GSE50081",FALSE,"protein_coding","random",322,"MEGF11|NNT|FABP7|KCNJ8",4,0.861,0.682,1.086,0.207,0.534,0.468,0.6
"GSE50081",FALSE,"protein_coding","random",323,"PPOX|LMF1|ADORA1|ADH1B",4,0.757,0.606,0.947,0.0149,0.582,0.515,0.648
"GSE50081",FALSE,"protein_coding","random",324,"CACNB2|THSD4|AIPL1|SMCHD1",4,0.984,0.768,1.26,0.899,0.513,0.442,0.583
"GSE50081",FALSE,"protein_coding","random",325,"ZNF117|CENPU|SNRPD2|L2HGDH",4,1.157,0.936,1.431,0.177,0.561,0.492,0.629
"GSE50081",FALSE,"protein_coding","random",326,"C12orf40|SOX3|TDGF1|MSANTD1",4,0.899,0.705,1.148,0.393,0.504,0.43,0.579
"GSE50081",FALSE,"protein_coding","random",327,"C12orf43|EFNB1|ARRB1|RD3",4,1.128,0.891,1.428,0.317,0.527,0.454,0.601
"GSE50081",FALSE,"protein_coding","random",328,"BTBD8|EPHA1|NXPH4|POMP",4,1.087,0.859,1.375,0.488,0.506,0.434,0.578
"GSE50081",FALSE,"protein_coding","random",329,"CAV2|USH1C|MRFAP1L1|CXorf65",4,0.702,0.527,0.934,0.0153,0.577,0.505,0.649
"GSE50081",FALSE,"protein_coding","random",330,"PTRH1|KLF2|MYBL1|C20orf141",4,1.043,0.833,1.306,0.713,0.533,0.465,0.601
"GSE50081",FALSE,"protein_coding","random",331,"FAM24A|IGDCC3|FRK|ARHGEF18",4,0.955,0.759,1.203,0.698,0.494,0.424,0.563
"GSE50081",FALSE,"protein_coding","random",332,"NOD1|HLA-C|GRAMD1A|PAPOLG",4,0.928,0.74,1.164,0.517,0.515,0.445,0.584
"GSE50081",FALSE,"protein_coding","random",333,"MIF|BCL2L15|MZT2B|TMEM120A",4,1.273,1.002,1.617,0.0482,0.567,0.491,0.644
"GSE50081",FALSE,"protein_coding","random",334,"ANKRD30A|PSMD1|HDX|ZFYVE19",4,1.155,0.917,1.455,0.222,0.495,0.424,0.567
"GSE50081",FALSE,"protein_coding","random",335,"ARL3|OCIAD1|GNG13|ZNF429",4,0.868,0.695,1.083,0.21,0.535,0.466,0.603
"GSE50081",FALSE,"protein_coding","random",336,"ORMDL2|POGLUT1|IL1RL2|TRANK1",4,0.942,0.728,1.218,0.648,0.496,0.427,0.565
"GSE50081",FALSE,"protein_coding","random",337,"PDK3|CNTF|SFSWAP|ARG2",4,1.164,0.929,1.459,0.187,0.575,0.51,0.641
"GSE50081",FALSE,"protein_coding","random",338,"MOB3B|DMP1|APOL2|KRT78",4,1.146,0.927,1.416,0.208,0.55,0.478,0.621
"GSE50081",FALSE,"protein_coding","random",339,"GFM2|MTFR1L|REEP5|MCM5",4,0.766,0.6,0.976,0.0313,0.578,0.512,0.645
"GSE50081",FALSE,"protein_coding","random",340,"MS4A3|MTMR11|ARHGEF9|MAP3K10",4,1.12,0.894,1.402,0.324,0.558,0.489,0.628
"GSE50081",FALSE,"protein_coding","random",341,"SH2D2A|SEC31A|TAF12|MRRF",4,1.08,0.848,1.376,0.533,0.54,0.471,0.609
"GSE50081",FALSE,"protein_coding","random",342,"PGLYRP1|NEK6|VEZT|DUSP21",4,1.075,0.85,1.36,0.547,0.537,0.469,0.605
"GSE50081",FALSE,"protein_coding","random",343,"SLC7A6|WSB2|NCOA6|SLC22A31",4,1.032,0.827,1.288,0.78,0.515,0.448,0.583
"GSE50081",FALSE,"protein_coding","random",344,"AMER3|DYNC1I1|ZFAT|CHM",4,0.897,0.699,1.152,0.393,0.556,0.49,0.622
"GSE50081",FALSE,"protein_coding","random",345,"EPN2|CPEB3|PRELID1|RHOBTB2",4,0.857,0.68,1.08,0.19,0.54,0.472,0.608
"GSE50081",FALSE,"protein_coding","random",346,"PANK3|ATF7IP2|MRPL36|ZIM3",4,1.007,0.801,1.267,0.949,0.499,0.426,0.573
"GSE50081",FALSE,"protein_coding","random",347,"LTB4R2|ZFP36L1|ITGB1BP1|TRAPPC8",4,1.116,0.881,1.414,0.364,0.555,0.486,0.625
"GSE50081",FALSE,"protein_coding","random",348,"RNASE1|GDA|BCLAF1|UBAP2L",4,0.897,0.708,1.136,0.368,0.527,0.455,0.598
"GSE50081",FALSE,"protein_coding","random",349,"MYH3|THAP2|SLAMF7|RNF114",4,1.079,0.858,1.357,0.515,0.516,0.445,0.586
"GSE50081",FALSE,"protein_coding","random",350,"TAF10|AGA|SCGB2B2|PHLDA2",4,0.95,0.744,1.214,0.681,0.524,0.451,0.597
"GSE50081",FALSE,"protein_coding","random",351,"PRSS27|MIA2|TMOD4|RARRES1",4,1.2,0.957,1.503,0.114,0.547,0.481,0.613
"GSE50081",FALSE,"protein_coding","random",352,"TMEM208|SCO2|PRR14|UQCRC1",4,1.004,0.803,1.256,0.972,0.517,0.448,0.586
"GSE50081",FALSE,"protein_coding","random",353,"SFMBT2|TMEM242|MAFG|SYN1",4,1.236,0.978,1.562,0.0758,0.557,0.491,0.623
"GSE50081",FALSE,"protein_coding","random",354,"CHST13|PSG3|PIH1D1|NHSL1",4,1.118,0.89,1.405,0.338,0.555,0.485,0.624
"GSE50081",FALSE,"protein_coding","random",355,"CTSW|SEC24B|EPS8L3|SLC23A3",4,1.043,0.836,1.301,0.707,0.533,0.463,0.602
"GSE50081",FALSE,"protein_coding","random",356,"CTRL|ADRA1A|CNTNAP3|AGA",4,0.968,0.775,1.209,0.774,0.482,0.412,0.552
"GSE50081",FALSE,"protein_coding","random",357,"GNAI1|AURKB|FTSJ3|IMPDH2",4,1.156,0.927,1.441,0.199,0.578,0.514,0.643
"GSE50081",FALSE,"protein_coding","random",358,"CMA1|DNAJC10|BFAR|QRICH1",4,0.747,0.59,0.948,0.0162,0.564,0.497,0.632
"GSE50081",FALSE,"protein_coding","random",359,"DPCD|CTNNBIP1|ZCCHC14|ROPN1B",4,0.841,0.671,1.056,0.136,0.57,0.507,0.632
"GSE50081",FALSE,"protein_coding","random",360,"APTX|INSIG2|UNC119B|IGLON5",4,0.945,0.742,1.204,0.648,0.523,0.452,0.594
"GSE50081",FALSE,"protein_coding","random",361,"REG3G|PMPCA|TP63|RBM6",4,1.072,0.853,1.348,0.552,0.518,0.447,0.59
"GSE50081",FALSE,"protein_coding","random",362,"FAM114A1|KISS1R|TAC1|MPI",4,1.073,0.875,1.316,0.499,0.53,0.461,0.6
"GSE50081",FALSE,"protein_coding","random",363,"GGT7|ST20|EIF3M|RGL1",4,0.809,0.634,1.032,0.0883,0.554,0.484,0.623
"GSE50081",FALSE,"protein_coding","random",364,"FRMD4B|ORC6|RBM4|SIPA1L1",4,0.874,0.689,1.108,0.266,0.559,0.482,0.637
"GSE50081",FALSE,"protein_coding","random",365,"KCNRG|GRB14|EMB|MEI1",4,0.815,0.647,1.027,0.0836,0.556,0.485,0.627
"GSE50081",FALSE,"protein_coding","random",366,"COL9A1|FAHD1|TOB1|POU5F1B",4,0.657,0.514,0.84,0.000802,0.599,0.531,0.666
"GSE50081",FALSE,"protein_coding","random",367,"COL23A1|BMF|PAG1|GPCPD1",4,0.977,0.777,1.228,0.841,0.538,0.47,0.605
"GSE50081",FALSE,"protein_coding","random",368,"GYPA|DDX28|STAU2|CC2D2A",4,0.797,0.63,1.009,0.0591,0.567,0.502,0.631
"GSE50081",FALSE,"protein_coding","random",369,"KRTAP4-11|AMDHD2|C5orf15|GJC2",4,1.049,0.831,1.325,0.687,0.521,0.449,0.593
"GSE50081",FALSE,"protein_coding","random",370,"MAP3K2|NXF2|PIF1|KIAA0319",4,1.299,1.046,1.614,0.0181,0.553,0.485,0.62
"GSE50081",FALSE,"protein_coding","random",371,"PLCH1|SFRP1|LAMC2|SLAMF7",4,0.876,0.689,1.113,0.277,0.53,0.457,0.604
"GSE50081",FALSE,"protein_coding","random",372,"CDRT1|OCIAD2|PENK|MPO",4,0.884,0.685,1.141,0.345,0.529,0.456,0.603
"GSE50081",FALSE,"protein_coding","random",373,"MMP8|SLC12A4|EPC1|TLX2",4,0.951,0.759,1.191,0.663,0.515,0.446,0.584
"GSE50081",FALSE,"protein_coding","random",374,"SAP30BP|TPPP2|TFCP2|GTF2H5",4,0.906,0.704,1.166,0.444,0.505,0.433,0.578
"GSE50081",FALSE,"protein_coding","random",375,"ATP6V0B|ZNF169|UPK3B|STRADB",4,0.976,0.784,1.216,0.83,0.479,0.412,0.546
"GSE50081",FALSE,"protein_coding","random",376,"RUVBL1|TPSD1|HUS1|MAGEA2",4,1.016,0.816,1.264,0.89,0.507,0.439,0.575
"GSE50081",FALSE,"protein_coding","random",377,"TMEM192|CCL7|SPINK13|LEP",4,1.052,0.846,1.309,0.646,0.495,0.425,0.566
"GSE50081",FALSE,"protein_coding","random",378,"NPY|CHD5|MRAP2|LZTS1",4,1.042,0.835,1.3,0.713,0.52,0.451,0.589
"GSE50081",FALSE,"protein_coding","random",379,"CTSD|AGFG1|MXD3|ZFYVE19",4,1.168,0.916,1.49,0.211,0.52,0.445,0.595
"GSE50081",FALSE,"protein_coding","random",380,"SEC24C|RASGRP1|CDC123|TWF2",4,0.938,0.743,1.184,0.59,0.514,0.448,0.579
"GSE50081",FALSE,"protein_coding","random",381,"ZNF148|MYEF2|PSEN2|MX2",4,1.086,0.869,1.357,0.468,0.52,0.453,0.587
"GSE50081",FALSE,"protein_coding","random",382,"TCF24|SPATA4|ZNF780B|TBC1D13",4,0.847,0.671,1.069,0.163,0.521,0.445,0.597
"GSE50081",FALSE,"protein_coding","random",383,"TVP23B|CYP51A1|SMN1|DHCR7",4,0.921,0.739,1.148,0.464,0.522,0.449,0.595
"GSE50081",FALSE,"protein_coding","random",384,"LRIG3|ALKBH7|KCNK9|DCP2",4,0.859,0.666,1.109,0.244,0.569,0.502,0.637
"GSE50081",FALSE,"protein_coding","random",385,"SRY|TP53I13|RGS5|FZR1",4,1.124,0.904,1.397,0.292,0.526,0.456,0.595
"GSE50081",FALSE,"protein_coding","random",386,"SSBP1|SLC46A3|ASPA|SS18L2",4,0.851,0.67,1.081,0.185,0.522,0.448,0.595
"GSE50081",FALSE,"protein_coding","random",387,"TOR3A|PKHD1|TUBA4A|MGAT4C",4,1.065,0.846,1.34,0.594,0.504,0.433,0.575
"GSE50081",FALSE,"protein_coding","random",388,"MMP17|GOLGA6A|CABLES2|ZXDB",4,1.213,0.954,1.542,0.116,0.564,0.494,0.633
"GSE50081",FALSE,"protein_coding","random",389,"AURKB|PCLO|GPAM|EIF2D",4,1.018,0.813,1.273,0.878,0.519,0.456,0.583
"GSE50081",FALSE,"protein_coding","random",390,"MOK|PAX4|MPEG1|BRI3BP",4,1.084,0.866,1.356,0.48,0.52,0.451,0.59
"GSE50081",FALSE,"protein_coding","random",391,"LSM14A|C12orf42|SLC4A1|DIAPH2",4,0.823,0.641,1.056,0.126,0.564,0.49,0.638
"GSE50081",FALSE,"protein_coding","random",392,"TNNT1|GABRA3|TTC31|EMID1",4,1.164,0.927,1.462,0.191,0.553,0.479,0.627
"GSE50081",FALSE,"protein_coding","random",393,"DBF4|DAO|ANKRD1|WDR13",4,1.157,0.941,1.421,0.166,0.56,0.49,0.631
"GSE50081",FALSE,"protein_coding","random",394,"LNP1|ABHD4|KIAA1614|KIN",4,1.029,0.824,1.285,0.804,0.517,0.442,0.591
"GSE50081",FALSE,"protein_coding","random",395,"ALLC|SENP8|WDR74|GTF2A2",4,0.922,0.723,1.177,0.515,0.488,0.415,0.561
"GSE50081",FALSE,"protein_coding","random",396,"PNLDC1|FABP7|SH2D5|PLA2G4C",4,1.103,0.883,1.377,0.387,0.514,0.445,0.583
"GSE50081",FALSE,"protein_coding","random",397,"ADCK5|EBF2|RBP4|MAT2A",4,0.873,0.691,1.102,0.252,0.521,0.453,0.588
"GSE50081",FALSE,"protein_coding","random",398,"PPP1R3D|AKAP17A|ZFAND5|DBH",4,0.982,0.785,1.229,0.873,0.524,0.453,0.594
"GSE50081",FALSE,"protein_coding","random",399,"SFTA2|PRAMEF1|NIPAL4|KRT83",4,1.108,0.867,1.418,0.413,0.54,0.466,0.614
"GSE50081",FALSE,"protein_coding","random",400,"RAE1|COX15|SYCE1|PDIA2",4,1.193,0.965,1.475,0.102,0.585,0.52,0.649
"GSE50081",FALSE,"protein_coding","random",401,"DCUN1D5|ST3GAL5|FGFBP1|EXTL3",4,1.053,0.846,1.312,0.641,0.512,0.446,0.577
"GSE50081",FALSE,"protein_coding","random",402,"DOK7|C19orf44|LRRC32|PLSCR3",4,0.948,0.749,1.198,0.653,0.518,0.447,0.59
"GSE50081",FALSE,"protein_coding","random",403,"NEMF|MAB21L2|ETV5|MUCL1",4,1.029,0.824,1.285,0.799,0.485,0.42,0.549
"GSE50081",FALSE,"protein_coding","random",404,"MIA-RAB4B|SSX2IP|UBFD1|TFIP11",4,1.057,0.846,1.321,0.624,0.514,0.439,0.588
"GSE50081",FALSE,"protein_coding","random",405,"ARTN|HOXB8|FOXE1|UTF1",4,1.077,0.86,1.348,0.519,0.55,0.484,0.615
"GSE50081",FALSE,"protein_coding","random",406,"WDR91|PHACTR3|SRRM4|TRPM1",4,1.137,0.902,1.433,0.278,0.55,0.486,0.615
"GSE50081",FALSE,"protein_coding","random",407,"SPATA2L|OSTM1|MYD88|DAPK1",4,1.022,0.81,1.29,0.852,0.506,0.441,0.572
"GSE50081",FALSE,"protein_coding","random",408,"PLOD3|MMP21|CDH20|ATRN",4,1.042,0.825,1.317,0.73,0.546,0.473,0.618
"GSE50081",FALSE,"protein_coding","random",409,"IL1RL1|ATG14|DTNBP1|ZNF322",4,0.959,0.758,1.212,0.724,0.49,0.424,0.555
"GSE50081",FALSE,"protein_coding","random",410,"SULT2B1|RAMP3|JAGN1|GGCX",4,0.874,0.697,1.096,0.244,0.509,0.441,0.578
"GSE50081",FALSE,"protein_coding","random",411,"TCF4|DEFB105A|TMEM176A|APOA1",4,1.043,0.838,1.297,0.708,0.515,0.445,0.586
"GSE50081",FALSE,"protein_coding","random",412,"RBFOX3|DUOX1|IL12A|CDH19",4,1.02,0.82,1.27,0.857,0.535,0.465,0.605
"GSE50081",FALSE,"protein_coding","random",413,"YOD1|PRMT7|ARHGDIA|CHRNE",4,1.219,0.981,1.516,0.0745,0.565,0.496,0.633
"GSE50081",FALSE,"protein_coding","random",414,"HAX1|GREB1|CLDN2|C1S",4,0.803,0.628,1.027,0.0812,0.54,0.469,0.61
"GSE50081",FALSE,"protein_coding","random",415,"PCGF1|ACTN1|GAB2|TMEM102",4,1.119,0.909,1.378,0.289,0.556,0.489,0.624
"GSE50081",FALSE,"protein_coding","random",416,"PADI4|TJP2|ATP6V0A4|USO1",4,1.043,0.837,1.3,0.709,0.536,0.468,0.604
"GSE50081",FALSE,"protein_coding","random",417,"TUBGCP5|SACS|ANKRD29|WNT9A",4,0.945,0.754,1.183,0.621,0.545,0.473,0.616
"GSE50081",FALSE,"protein_coding","random",418,"ADAD1|SUN3|OR2W1|SMR3B",4,1.191,0.946,1.499,0.136,0.53,0.46,0.601
"GSE50081",FALSE,"protein_coding","random",419,"SPATS1|TFAP2A|PTPRG|LYSMD3",4,0.685,0.529,0.887,0.00407,0.604,0.531,0.677
"GSE50081",FALSE,"protein_coding","random",420,"OR3A1|CLEC4F|HIPK3|PAAF1",4,0.931,0.73,1.188,0.566,0.542,0.471,0.613
"GSE50081",FALSE,"protein_coding","random",421,"TSPAN2|LDHAL6A|PRDM6|GPATCH11",4,1.008,0.811,1.252,0.945,0.507,0.434,0.579
"GSE50081",FALSE,"protein_coding","random",422,"TRPM5|TRIM73|AICDA|BRAP",4,1.042,0.834,1.303,0.715,0.533,0.461,0.604
"GSE50081",FALSE,"protein_coding","random",423,"ITIH2|LSR|DENR|CACNA2D2",4,0.831,0.657,1.052,0.124,0.548,0.478,0.619
"GSE50081",FALSE,"protein_coding","random",424,"ACTL7B|SYT9|MSL1|ZIC1",4,1.387,1.121,1.717,0.00264,0.616,0.551,0.682
"GSE50081",FALSE,"protein_coding","random",425,"KRTDAP|C1QTNF5|DYDC2|ELSPBP1",4,0.878,0.689,1.118,0.291,0.52,0.449,0.591
"GSE50081",FALSE,"protein_coding","random",426,"C15orf39|WSB1|FBXO30|GALP",4,1.243,0.992,1.556,0.0586,0.566,0.501,0.631
"GSE50081",FALSE,"protein_coding","random",427,"SERPINB8|PIGA|GPR137C|GDPD1",4,1.105,0.87,1.403,0.414,0.506,0.43,0.583
"GSE50081",FALSE,"protein_coding","random",428,"ADH7|CFHR3|ZMYND8|VPS26A",4,1.035,0.824,1.299,0.769,0.499,0.429,0.569
"GSE50081",FALSE,"protein_coding","random",429,"PSD3|AP1B1|RAD1|DUSP13",4,1.012,0.799,1.282,0.923,0.49,0.419,0.56
"GSE50081",FALSE,"protein_coding","random",430,"EVPLL|SULT1C2|HMMR|MOB3C",4,0.799,0.63,1.013,0.0637,0.564,0.497,0.631
"GSE50081",FALSE,"protein_coding","random",431,"CCT3|CDKN1A|LRRC8A|C16orf91",4,1.017,0.806,1.283,0.889,0.515,0.443,0.588
"GSE50081",FALSE,"protein_coding","random",432,"SMPD1|AMN|RPS25|RPS11",4,1.006,0.797,1.268,0.961,0.494,0.423,0.566
"GSE50081",FALSE,"protein_coding","random",433,"HOXD8|PCP2|SEBOX|CLEC18A",4,0.868,0.68,1.108,0.255,0.515,0.446,0.584
"GSE50081",FALSE,"protein_coding","random",434,"RP9|COL9A2|SCGB3A2|PUS10",4,0.679,0.531,0.867,0.00194,0.609,0.538,0.681
"GSE50081",FALSE,"protein_coding","random",435,"RNF20|FGF23|DUSP16|SLC26A9",4,0.811,0.642,1.024,0.0779,0.557,0.488,0.625
"GSE50081",FALSE,"protein_coding","random",436,"MOCOS|CCL25|SLC8B1|HOXC4",4,1.057,0.844,1.325,0.627,0.547,0.479,0.615
"GSE50081",FALSE,"protein_coding","random",437,"RACGAP1|BCKDHB|UBE2S|KBTBD4",4,1.036,0.825,1.302,0.762,0.529,0.463,0.594
"GSE50081",FALSE,"protein_coding","random",438,"CDC25C|OST4|PYROXD2|NTAN1",4,1.042,0.805,1.348,0.756,0.526,0.455,0.598
"GSE50081",FALSE,"protein_coding","random",439,"PTGFRN|ITGAX|MBD3|ZNF793",4,1.193,0.974,1.462,0.0886,0.558,0.49,0.626
"GSE50081",FALSE,"protein_coding","random",440,"PDCD10|TPMT|ZNF844|PRR23D1",4,0.889,0.702,1.127,0.332,0.535,0.457,0.612
"GSE50081",FALSE,"protein_coding","random",441,"KCNC1|EIF5B|UBE2T|UQCC1",4,1.193,0.959,1.483,0.113,0.556,0.486,0.626
"GSE50081",FALSE,"protein_coding","random",442,"TBCB|HM13|ZNF44|ANXA13",4,0.911,0.706,1.177,0.477,0.519,0.445,0.592
"GSE50081",FALSE,"protein_coding","random",443,"LRRC38|PARL|PLEKHB2|SOGA1",4,1.012,0.812,1.26,0.917,0.523,0.452,0.593
"GSE50081",FALSE,"protein_coding","random",444,"PRMT8|COL8A1|TRIM4|HID1",4,0.921,0.737,1.151,0.469,0.522,0.453,0.59
"GSE50081",FALSE,"protein_coding","random",445,"SUCLA2|JAKMIP2|SRGAP2C|C10orf82",4,1.1,0.873,1.386,0.42,0.518,0.445,0.592
"GSE50081",FALSE,"protein_coding","random",446,"ZNF843|DCTN4|DCAF6|PDCD6",4,0.805,0.641,1.011,0.0626,0.57,0.501,0.638
"GSE50081",FALSE,"protein_coding","random",447,"C2orf16|YTHDC1|TMPRSS5|NPAS2",4,1.153,0.905,1.469,0.25,0.527,0.453,0.601
"GSE50081",FALSE,"protein_coding","random",448,"MRPS18A|HNRNPAB|SLC22A14|VRK3",4,1.04,0.818,1.321,0.75,0.529,0.459,0.6
"GSE50081",FALSE,"protein_coding","random",449,"SAMD3|TSPYL6|PCDHB13|ZBTB48",4,1.169,0.945,1.445,0.149,0.551,0.483,0.618
"GSE50081",FALSE,"protein_coding","random",450,"C22orf15|MT1HL1|SEC24A|NTRK3",4,0.972,0.772,1.225,0.811,0.504,0.433,0.575
"GSE50081",FALSE,"protein_coding","random",451,"RXRG|ASCC1|EFHD1|FAM163A",4,0.848,0.669,1.074,0.171,0.545,0.475,0.615
"GSE50081",FALSE,"protein_coding","random",452,"SRSF5|FBLN2|AIM2|MRAS",4,1.111,0.863,1.43,0.414,0.529,0.456,0.602
"GSE50081",FALSE,"protein_coding","random",453,"TRAF3IP3|SLC35A4|SLC22A15|TRIO",4,1.138,0.9,1.44,0.28,0.531,0.462,0.599
"GSE50081",FALSE,"protein_coding","random",454,"MEOX2|NPAS4|C11orf86|ELP5",4,1.204,0.956,1.517,0.115,0.565,0.497,0.633
"GSE50081",FALSE,"protein_coding","random",455,"MPL|POT1|IL6|RNF2",4,0.83,0.658,1.047,0.115,0.537,0.469,0.605
"GSE50081",FALSE,"protein_coding","random",456,"TSFM|RAB5B|CLSTN1|HSD11B1L",4,0.935,0.738,1.186,0.58,0.523,0.448,0.597
"GSE50081",FALSE,"protein_coding","random",457,"FAU|CCDC138|STUB1|EFNA2",4,1.107,0.872,1.406,0.404,0.534,0.463,0.606
"GSE50081",FALSE,"protein_coding","random",458,"SRSF10|FAM229A|R3HDM1|ACP2",4,1.173,0.934,1.473,0.171,0.539,0.469,0.61
"GSE50081",FALSE,"protein_coding","random",459,"HBS1L|DHRSX|SRA1|DAO",4,1.109,0.884,1.393,0.371,0.535,0.469,0.602
"GSE50081",FALSE,"protein_coding","random",460,"KCTD9|VPS33B|EBP|FCGBP",4,0.87,0.691,1.095,0.236,0.545,0.476,0.613
"GSE50081",FALSE,"protein_coding","random",461,"ELOVL2|SH3D19|RBL1|RGS20",4,0.933,0.743,1.171,0.549,0.545,0.473,0.617
"GSE50081",FALSE,"protein_coding","random",462,"SCN2B|DBNDD1|ZBTB7B|DCX",4,1.216,0.991,1.493,0.061,0.568,0.499,0.636
"GSE50081",FALSE,"protein_coding","random",463,"TFF3|FAT2|DOLK|HHIP",4,0.894,0.719,1.112,0.313,0.517,0.451,0.584
"GSE50081",FALSE,"protein_coding","random",464,"PFKP|F2RL3|STMN3|SV2A",4,1.217,0.964,1.537,0.0994,0.55,0.476,0.624
"GSE50081",FALSE,"protein_coding","random",465,"CTSV|TC2N|C1orf131|POU4F1",4,1.093,0.86,1.391,0.466,0.517,0.442,0.593
"GSE50081",FALSE,"protein_coding","random",466,"WFDC1|BST2|IL2|VWA7",4,1.107,0.88,1.392,0.387,0.551,0.484,0.619
"GSE50081",FALSE,"protein_coding","random",467,"RAB40C|SCARF2|CCDC78|ZPR1",4,0.87,0.683,1.106,0.256,0.538,0.469,0.608
"GSE50081",FALSE,"protein_coding","random",468,"STX16|LMAN2L|NABP2|ZNF547",4,1.104,0.877,1.389,0.399,0.523,0.452,0.594
"GSE50081",FALSE,"protein_coding","random",469,"ATL1|RPL17|RDH12|PARP15",4,0.896,0.69,1.163,0.409,0.535,0.458,0.611
"GSE50081",FALSE,"protein_coding","random",470,"FOXK2|BEX5|NDUFB3|RCN3",4,1.028,0.82,1.288,0.813,0.51,0.442,0.577
"GSE50081",FALSE,"protein_coding","random",471,"SERINC3|PDCL3|PRRC2B|JAGN1",4,0.903,0.706,1.153,0.412,0.503,0.434,0.571
"GSE50081",FALSE,"protein_coding","random",472,"MRPS2|SMYD3|SLC4A3|EHBP1L1",4,1.018,0.818,1.267,0.872,0.516,0.449,0.583
"GSE50081",FALSE,"protein_coding","random",473,"HNRNPA3|KIR2DL3|AKR1D1|GPR37L1",4,1.382,1.124,1.7,0.00219,0.59,0.524,0.655
"GSE50081",FALSE,"protein_coding","random",474,"APOBEC3A|SLC16A11|USP2|TSR3",4,1.024,0.814,1.289,0.839,0.508,0.437,0.58
"GSE50081",FALSE,"protein_coding","random",475,"TNR|HAP1|TRIML1|TTC19",4,0.709,0.545,0.922,0.0103,0.589,0.523,0.655
"GSE50081",FALSE,"protein_coding","random",476,"ANO8|CELA3A|TMEM88|LAT",4,0.975,0.778,1.223,0.829,0.494,0.424,0.563
"GSE50081",FALSE,"protein_coding","random",477,"DAG1|NRBP1|ARHGEF10|COPS3",4,1.112,0.857,1.443,0.424,0.554,0.481,0.626
"GSE50081",FALSE,"protein_coding","random",478,"ZCCHC4|RORC|WIF1|S1PR4",4,0.924,0.734,1.163,0.501,0.524,0.453,0.595
"GSE50081",FALSE,"protein_coding","random",479,"FUT8|PPP2CB|SSU72|ICA1L",4,0.961,0.763,1.212,0.738,0.546,0.477,0.615
"GSE50081",FALSE,"protein_coding","random",480,"ESPL1|GLYATL2|HRK|DDC",4,0.96,0.767,1.202,0.721,0.488,0.42,0.556
"GSE50081",FALSE,"protein_coding","random",481,"PRKCD|ORC3|AQP1|SMR3B",4,0.809,0.639,1.026,0.08,0.548,0.478,0.619
"GSE50081",FALSE,"protein_coding","random",482,"SUSD4|IL21|EGR2|SMOC2",4,0.964,0.765,1.215,0.758,0.503,0.432,0.573
"GSE50081",FALSE,"protein_coding","random",483,"CD207|QDPR|AGT|UNC5CL",4,0.812,0.636,1.036,0.0933,0.565,0.497,0.633
"GSE50081",FALSE,"protein_coding","random",484,"C22orf42|C1orf216|ALDH18A1|UQCC1",4,1.067,0.84,1.354,0.596,0.519,0.445,0.593
"GSE50081",FALSE,"protein_coding","random",485,"LMCD1|TMEM132B|UBP1|GPR37L1",4,0.955,0.744,1.227,0.721,0.523,0.452,0.595
"GSE50081",FALSE,"protein_coding","random",486,"SUGP1|DYNC1LI1|COG7|PPA2",4,0.809,0.651,1.006,0.057,0.574,0.503,0.644
"GSE50081",FALSE,"protein_coding","random",487,"GDPD1|RSAD2|RNF32|GATA6",4,0.877,0.696,1.106,0.267,0.536,0.469,0.603
"GSE50081",FALSE,"protein_coding","random",488,"PPP4R2|COA1|RYR1|URGCP",4,0.878,0.695,1.111,0.278,0.531,0.46,0.603
"GSE50081",FALSE,"protein_coding","random",489,"PRR23D1|CDK11A|OR10D3|RGS18",4,1.226,0.968,1.553,0.0905,0.559,0.484,0.633
"GSE50081",FALSE,"protein_coding","random",490,"NANS|CCDC182|JUN|KRAS",4,0.946,0.745,1.2,0.646,0.509,0.441,0.578
"GSE50081",FALSE,"protein_coding","random",491,"FAM90A1|FASTK|SLC1A4|ZMYM5",4,1.06,0.843,1.333,0.617,0.51,0.442,0.577
"GSE50081",FALSE,"protein_coding","random",492,"CFB|SH3TC1|DTL|ZNF624",4,1.194,0.956,1.492,0.118,0.57,0.497,0.643
"GSE50081",FALSE,"protein_coding","random",493,"TMC2|RBM5|CHI3L1|PTGER1",4,1.115,0.89,1.397,0.344,0.545,0.474,0.616
"GSE50081",FALSE,"protein_coding","random",494,"CYP11A1|PREPL|ADD2|AHI1",4,0.755,0.6,0.952,0.0173,0.579,0.513,0.645
"GSE50081",FALSE,"protein_coding","random",495,"CLGN|ORAI1|KMT2C|UBLCP1",4,0.9,0.702,1.155,0.409,0.537,0.462,0.613
"GSE50081",FALSE,"protein_coding","random",496,"NYAP1|BUB1B|ACAD9|ESPNL",4,1.219,0.971,1.53,0.0886,0.564,0.498,0.63
"GSE50081",FALSE,"protein_coding","random",497,"CCDC88B|SUPT6H|LRRC45|ASXL2",4,1.079,0.859,1.356,0.512,0.533,0.465,0.6
"GSE50081",FALSE,"protein_coding","random",498,"CENPW|CLK4|CEP19|POU3F2",4,1.039,0.829,1.304,0.738,0.487,0.415,0.559
"GSE50081",FALSE,"protein_coding","random",499,"CISH|MACF1|NIM1K|TSC2",4,0.838,0.662,1.06,0.14,0.541,0.472,0.611
"GSE50081",FALSE,"protein_coding","random",500,"OR51B5|CDHR2|AGTPBP1|SNPH",4,0.988,0.79,1.235,0.914,0.492,0.428,0.556
"GSE50081",FALSE,"protein_coding","random",501,"ESPNL|BAD|DUT|CRYBB2",4,0.958,0.766,1.198,0.707,0.507,0.437,0.577
"GSE50081",FALSE,"protein_coding","random",502,"SDR9C7|SLC39A3|NUFIP2|C19orf18",4,1.036,0.83,1.294,0.752,0.539,0.471,0.607
"GSE50081",FALSE,"protein_coding","random",503,"ZNF75A|KRT86|PTAR1|PRSS54",4,1.04,0.827,1.307,0.74,0.525,0.455,0.594
"GSE50081",FALSE,"protein_coding","random",504,"ARPC1A|EMP2|HLA-DQB1|BTC",4,0.834,0.666,1.043,0.112,0.567,0.498,0.636
"GSE50081",FALSE,"protein_coding","random",505,"ZNF41|KCNC4|ITIH4|AKIP1",4,1.173,0.953,1.444,0.132,0.569,0.501,0.636
"GSE50081",FALSE,"protein_coding","random",506,"OXSR1|NAPG|CPA1|RANBP3L",4,1.236,0.98,1.559,0.0734,0.547,0.474,0.62
"GSE50081",FALSE,"protein_coding","random",507,"TLCD2|DERA|ZNF544|TBX19",4,0.859,0.688,1.074,0.183,0.528,0.458,0.598
"GSE50081",FALSE,"protein_coding","random",508,"PUS7L|ITGB4|CHRM5|CEMIP",4,0.923,0.731,1.165,0.499,0.503,0.436,0.57
"GSE50081",FALSE,"protein_coding","random",509,"ZNF704|DNHD1|ZNF831|IL5RA",4,0.734,0.581,0.926,0.00924,0.596,0.531,0.66
"GSE50081",FALSE,"protein_coding","random",510,"ERVH48-1|TMCO5A|UVSSA|RGS3",4,1.219,0.966,1.538,0.0951,0.573,0.502,0.644
"GSE50081",FALSE,"protein_coding","random",511,"CDK7|TDRD5|FNDC7|KRTAP3-2",4,1.021,0.818,1.274,0.854,0.535,0.468,0.603
"GSE50081",FALSE,"protein_coding","random",512,"ZBTB16|C11orf45|SLN|ITK",4,0.909,0.717,1.153,0.433,0.55,0.477,0.623
"GSE50081",FALSE,"protein_coding","random",513,"PLCE1|YBEY|SH3BP5L|MORF4L2",4,1.127,0.891,1.425,0.318,0.507,0.431,0.583
"GSE50081",FALSE,"protein_coding","random",514,"RPS21|MRPS15|CMKLR1|OBSCN",4,1.158,0.91,1.474,0.233,0.546,0.476,0.615
"GSE50081",FALSE,"protein_coding","random",515,"ATL1|KDM5B|C3orf80|RBPMS2",4,0.938,0.747,1.177,0.581,0.518,0.448,0.587
"GSE50081",FALSE,"protein_coding","random",516,"TMEM50B|FH|OVOL3|SREK1",4,0.862,0.678,1.095,0.224,0.532,0.459,0.606
"GSE50081",FALSE,"protein_coding","random",517,"BCL2L12|ZNF532|CPEB1|BMF",4,1.186,0.945,1.489,0.141,0.557,0.484,0.63
"GSE50081",FALSE,"protein_coding","random",518,"SHB|DUSP1|HOXA5|SMC4",4,0.829,0.663,1.037,0.1,0.553,0.485,0.62
"GSE50081",FALSE,"protein_coding","random",519,"DHRSX|COL12A1|GC|SLC6A3",4,1.312,1.042,1.65,0.0206,0.571,0.498,0.643
"GSE50081",FALSE,"protein_coding","random",520,"TMEM74|PIFO|FBXO22|ZNF215",4,0.896,0.697,1.151,0.389,0.554,0.483,0.625
"GSE50081",FALSE,"protein_coding","random",521,"TUBB1|MAPK13|LRIG2|ODAM",4,1.086,0.87,1.356,0.465,0.508,0.438,0.577
"GSE50081",FALSE,"protein_coding","random",522,"KCNAB3|FADS1|PUF60|CUEDC2",4,1.344,1.065,1.696,0.0127,0.57,0.496,0.644
"GSE50081",FALSE,"protein_coding","random",523,"GTF2IRD2B|NRBP1|ASAP3|ANKRD46",4,0.974,0.773,1.228,0.825,0.504,0.432,0.576
"GSE50081",FALSE,"protein_coding","random",524,"C10orf99|MPZL3|PRR30|LCNL1",4,1.005,0.809,1.25,0.962,0.522,0.453,0.592
"GSE50081",FALSE,"protein_coding","random",525,"DNAJB6|VASH2|GSTM3|SRRM3",4,1.167,0.922,1.477,0.198,0.554,0.485,0.624
"GSE50081",FALSE,"protein_coding","random",526,"DAP3|MTERF3|FOXJ2|PPIL3",4,0.998,0.795,1.253,0.989,0.508,0.437,0.579
"GSE50081",FALSE,"protein_coding","random",527,"DDX31|PSMG2|IL2|FMN2",4,1.074,0.849,1.358,0.553,0.513,0.444,0.583
"GSE50081",FALSE,"protein_coding","random",528,"ANAPC2|PTOV1|TFR2|GPR15",4,1.101,0.879,1.38,0.402,0.553,0.484,0.623
"GSE50081",FALSE,"protein_coding","random",529,"FPR1|C2orf81|AGAP9|COL2A1",4,0.938,0.742,1.186,0.593,0.51,0.437,0.583
"GSE50081",FALSE,"protein_coding","random",530,"VIPR2|VPS9D1|TNFAIP1|ZNF251",4,1.12,0.897,1.399,0.316,0.548,0.479,0.618
"GSE50081",FALSE,"protein_coding","random",531,"BRAT1|GALNT7|SLC6A2|MAN1A1",4,1.034,0.804,1.332,0.793,0.477,0.404,0.549
"GSE50081",FALSE,"protein_coding","random",532,"GALNT18|JAK1|RERE|FAM81B",4,0.716,0.565,0.907,0.00559,0.609,0.544,0.674
"GSE50081",FALSE,"protein_coding","random",533,"NHS|ITK|PDAP1|TST",4,0.821,0.655,1.028,0.0862,0.558,0.489,0.627
"GSE50081",FALSE,"protein_coding","random",534,"NCAPD2|STIM2|HOXD1|UNC50",4,0.819,0.65,1.03,0.0879,0.54,0.472,0.609
"GSE50081",FALSE,"protein_coding","random",535,"MALRD1|SLC25A42|PDZD11|RTP4",4,1.033,0.819,1.305,0.783,0.526,0.454,0.598
"GSE50081",FALSE,"protein_coding","random",536,"AP3B2|ZNF556|THBS1|CIC",4,1.106,0.878,1.394,0.391,0.534,0.462,0.606
"GSE50081",FALSE,"protein_coding","random",537,"FAM71F1|GNG11|JMY|SLAMF1",4,0.901,0.716,1.133,0.371,0.502,0.43,0.574
"GSE50081",FALSE,"protein_coding","random",538,"TMEM184C|BCL2A1|GHR|MORF4L1",4,0.845,0.668,1.068,0.159,0.555,0.486,0.625
"GSE50081",FALSE,"protein_coding","random",539,"POLR2E|SLAMF1|MYH9|PDGFRL",4,0.974,0.762,1.244,0.831,0.473,0.399,0.547
"GSE50081",FALSE,"protein_coding","random",540,"ENDOG|HSPE1-MOB4|SLC31A1|BRIX1",4,1.02,0.816,1.276,0.861,0.514,0.448,0.579
"GSE50081",FALSE,"protein_coding","random",541,"CNNM1|PTPN1|SALL2|ZNF221",4,0.984,0.785,1.234,0.889,0.488,0.416,0.559
"GSE50081",FALSE,"protein_coding","random",542,"GDPD2|MED23|CSNK2B|ANO2",4,0.975,0.773,1.231,0.834,0.526,0.453,0.598
"GSE50081",FALSE,"protein_coding","random",543,"HMOX2|LPAR6|HABP2|NRXN2",4,0.7,0.552,0.888,0.0033,0.588,0.522,0.655
"GSE50081",FALSE,"protein_coding","random",544,"NFATC4|SNAPC3|RAB38|PRG2",4,0.81,0.633,1.037,0.0942,0.575,0.503,0.647
"GSE50081",FALSE,"protein_coding","random",545,"TM9SF1|INA|NSFL1C|EIF1",4,0.888,0.704,1.12,0.314,0.526,0.455,0.598
"GSE50081",FALSE,"protein_coding","random",546,"GJA8|L3MBTL1|CLDN20|PSMD13",4,1.04,0.829,1.305,0.735,0.532,0.459,0.604
"GSE50081",FALSE,"protein_coding","random",547,"ADPRHL1|SMIM6|NCAPH2|LPAR1",4,0.738,0.576,0.947,0.0167,0.573,0.503,0.643
"GSE50081",FALSE,"protein_coding","random",548,"ELF4|TSACC|SPATS2|IL1R1",4,1.084,0.851,1.38,0.514,0.543,0.467,0.618
"GSE50081",FALSE,"protein_coding","random",549,"TMED6|TRAPPC5|NMB|PKNOX1",4,0.845,0.67,1.065,0.154,0.54,0.473,0.608
"GSE50081",FALSE,"protein_coding","random",550,"CHMP2A|SLCO4C1|KRTAP2-1|ESPL1",4,1.132,0.91,1.41,0.266,0.546,0.479,0.613
"GSE50081",FALSE,"protein_coding","random",551,"SNX29|GLB1L|MBD2|KRT18",4,1.119,0.881,1.421,0.358,0.533,0.461,0.605
"GSE50081",FALSE,"protein_coding","random",552,"GPX8|PIK3AP1|WNT6|ZNF613",4,1.141,0.918,1.419,0.234,0.532,0.463,0.601
"GSE50081",FALSE,"protein_coding","random",553,"RNF26|OR10A4|DGAT2|PITPNC1",4,1.012,0.804,1.273,0.922,0.514,0.44,0.589
"GSE50081",FALSE,"protein_coding","random",554,"RAB18|DKK1|YIPF6|UBA3",4,0.897,0.715,1.125,0.347,0.54,0.463,0.617
"GSE50081",FALSE,"protein_coding","random",555,"CAPN9|STK32A|WDTC1|LAMA4",4,0.954,0.762,1.196,0.686,0.525,0.452,0.598
"GSE50081",FALSE,"protein_coding","random",556,"EPHA3|NDUFB11|CCNK|ARL9",4,1.091,0.868,1.37,0.456,0.547,0.474,0.621
"GSE50081",FALSE,"protein_coding","random",557,"CDC34|IRF3|PLG|HOXA3",4,1.102,0.887,1.37,0.381,0.552,0.486,0.618
"GSE50081",FALSE,"protein_coding","random",558,"ENOSF1|RAPGEF3|CORIN|VASN",4,0.757,0.59,0.971,0.0287,0.567,0.498,0.636
"GSE50081",FALSE,"protein_coding","random",559,"SNN|GPR6|TTF2|NXPH4",4,1.08,0.864,1.351,0.497,0.535,0.464,0.606
"GSE50081",FALSE,"protein_coding","random",560,"LACTB|SLC25A27|GNAO1|TLE2",4,0.895,0.714,1.122,0.337,0.54,0.467,0.613
"GSE50081",FALSE,"protein_coding","random",561,"ADA|RXRA|SHISA6|ENPP3",4,0.913,0.726,1.149,0.438,0.51,0.439,0.582
"GSE50081",FALSE,"protein_coding","random",562,"MID1|SLC25A25|NUP214|NUP160",4,0.919,0.727,1.163,0.483,0.528,0.459,0.597
"GSE50081",FALSE,"protein_coding","random",563,"GABRE|MYLK4|RHD|NT5C2",4,0.8,0.627,1.019,0.0709,0.538,0.47,0.605
"GSE50081",FALSE,"protein_coding","random",564,"DEFB129|PYGM|NXF2|SFR1",4,1.134,0.909,1.414,0.265,0.552,0.482,0.622
"GSE50081",FALSE,"protein_coding","random",565,"DAB1|CYP27B1|GANAB|LMO4",4,0.99,0.79,1.242,0.933,0.505,0.436,0.574
"GSE50081",FALSE,"protein_coding","random",566,"RILPL2|C1orf122|RNF151|UPRT",4,0.863,0.688,1.083,0.205,0.534,0.464,0.604
"GSE50081",FALSE,"protein_coding","random",567,"CCDC169|INTS10|AGTPBP1|KLHL2",4,0.878,0.7,1.101,0.26,0.529,0.456,0.601
"GSE50081",FALSE,"protein_coding","random",568,"ZBTB24|FAM133B|COL9A1|SLC27A1",4,1.009,0.8,1.272,0.939,0.469,0.401,0.537
"GSE50081",FALSE,"protein_coding","random",569,"BUD13|ADAM20|BRINP1|CHI3L1",4,1.106,0.874,1.4,0.402,0.523,0.448,0.598
"GSE50081",FALSE,"protein_coding","random",570,"KCNJ14|PTPN4|RHBG|MS4A15",4,0.862,0.677,1.097,0.226,0.546,0.478,0.613
"GSE50081",FALSE,"protein_coding","random",571,"IFI35|USP6NL|EXOC7|CCT6A",4,1.133,0.903,1.423,0.281,0.54,0.473,0.606
"GSE50081",FALSE,"protein_coding","random",572,"B4GALT1|CCDC70|PANK1|ITLN1",4,0.97,0.781,1.204,0.779,0.478,0.408,0.548
"GSE50081",FALSE,"protein_coding","random",573,"OR1Q1|NFKBID|DNTTIP2|PPP6R1",4,1.397,1.155,1.69,0.000581,0.626,0.561,0.692
"GSE50081",FALSE,"protein_coding","random",574,"TSKS|GRK5|HAUS6|KLK1",4,1.202,0.947,1.526,0.131,0.543,0.469,0.617
"GSE50081",FALSE,"protein_coding","random",575,"DIAPH1|FAM136A|CCL14|RBBP9",4,0.884,0.71,1.1,0.269,0.537,0.468,0.606
"GSE50081",FALSE,"protein_coding","random",576,"TTC26|LEPROT|VKORC1|PCDHB10",4,0.814,0.647,1.024,0.0786,0.573,0.503,0.643
"GSE50081",FALSE,"protein_coding","random",577,"CHMP4C|TLR8|BET1L|ZMYND8",4,1.117,0.889,1.403,0.342,0.55,0.478,0.622
"GSE50081",FALSE,"protein_coding","random",578,"CACNA1H|PQBP1|CCL2|KLK13",4,1.1,0.875,1.383,0.415,0.542,0.469,0.616
"GSE50081",FALSE,"protein_coding","random",579,"WNT16|GPR21|CEND1|SERHL2",4,1.166,0.931,1.461,0.182,0.54,0.464,0.616
"GSE50081",FALSE,"protein_coding","random",580,"RNF212|C11orf16|PRSS58|CTSF",4,0.967,0.771,1.212,0.771,0.511,0.438,0.583
"GSE50081",FALSE,"protein_coding","random",581,"ATAD2B|PRM3|NRAS|PTGR2",4,1.167,0.93,1.463,0.183,0.533,0.46,0.606
"GSE50081",FALSE,"protein_coding","random",582,"PLA2G4C|PRR13|TJP2|DPM3",4,0.891,0.716,1.107,0.297,0.526,0.458,0.594
"GSE50081",FALSE,"protein_coding","random",583,"C1R|AIFM1|ODC1|BSDC1",4,0.687,0.55,0.858,0.000931,0.614,0.549,0.679
"GSE50081",FALSE,"protein_coding","random",584,"DIRAS3|APTX|ANGPTL4|SLC9C2",4,1.141,0.902,1.443,0.271,0.509,0.433,0.585
"GSE50081",FALSE,"protein_coding","random",585,"P2RX1|CEMP1|SPON1|PITPNM3",4,0.862,0.679,1.094,0.222,0.532,0.459,0.604
"GSE50081",FALSE,"protein_coding","random",586,"LMX1B|KCNA2|LATS1|CDKL3",4,1.028,0.82,1.289,0.81,0.508,0.437,0.578
"GSE50081",FALSE,"protein_coding","random",587,"ADORA1|PYGO1|DLX3|TBX3",4,1,0.782,1.28,0.999,0.489,0.414,0.564
"GSE50081",FALSE,"protein_coding","random",588,"GPANK1|EIF3G|CEACAM6|ZNF16",4,0.959,0.764,1.204,0.719,0.495,0.426,0.565
"GSE50081",FALSE,"protein_coding","random",589,"PLEK|SLX4IP|CRTAC1|ADH7",4,0.876,0.703,1.092,0.239,0.545,0.476,0.614
"GSE50081",FALSE,"protein_coding","random",590,"GGCX|KIAA1841|NTPCR|C3orf80",4,0.813,0.65,1.017,0.0704,0.556,0.489,0.623
"GSE50081",FALSE,"protein_coding","random",591,"SEC16A|STK3|FBN1|MRPL49",4,0.878,0.697,1.107,0.271,0.547,0.475,0.619
"GSE50081",FALSE,"protein_coding","random",592,"NME9|PDSS1|CCL23|MED20",4,1.074,0.844,1.366,0.564,0.526,0.455,0.597
"GSE50081",FALSE,"protein_coding","random",593,"VEGFC|MKKS|C16orf71|PTN",4,0.862,0.68,1.092,0.218,0.542,0.473,0.612
"GSE50081",FALSE,"protein_coding","random",594,"PTAR1|TPRG1L|PRR35|POLM",4,0.76,0.6,0.963,0.0233,0.585,0.511,0.659
"GSE50081",FALSE,"protein_coding","random",595,"NACC1|MOB1B|FAM124A|CFD",4,1.039,0.82,1.317,0.75,0.506,0.435,0.576
"GSE50081",FALSE,"protein_coding","random",596,"KCNB1|NAP1L3|ARL8B|TMEM69",4,0.894,0.699,1.144,0.374,0.545,0.474,0.615
"GSE50081",FALSE,"protein_coding","random",597,"MIER3|WNT4|RAB23|CIT",4,0.767,0.602,0.976,0.0307,0.59,0.519,0.66
"GSE50081",FALSE,"protein_coding","random",598,"CRYM|TEC|HS3ST1|COX6B1",4,0.916,0.723,1.16,0.466,0.524,0.453,0.596
"GSE50081",FALSE,"protein_coding","random",599,"CCDC181|NBR1|WFDC12|ENTPD7",4,1.34,1.11,1.618,0.00235,0.591,0.521,0.661
"GSE50081",FALSE,"protein_coding","random",600,"PCGF5|ZFP1|FETUB|WBP2NL",4,0.902,0.725,1.122,0.353,0.524,0.454,0.595
"GSE50081",FALSE,"protein_coding","random",601,"SUGCT|PIK3C2B|TUBD1|TBX22",4,0.97,0.771,1.22,0.792,0.49,0.422,0.558
"GSE50081",FALSE,"protein_coding","random",602,"PMM1|ZBTB6|SENP8|SLC5A5",4,0.732,0.573,0.936,0.0129,0.577,0.509,0.645
"GSE50081",FALSE,"protein_coding","random",603,"VTA1|CYP2D6|LZIC|KHDRBS1",4,0.895,0.711,1.127,0.345,0.549,0.476,0.622
"GSE50081",FALSE,"protein_coding","random",604,"CHRNA2|TMEM205|COLEC10|KLHDC10",4,1.212,0.954,1.538,0.115,0.548,0.473,0.622
"GSE50081",FALSE,"protein_coding","random",605,"ATL1|AHR|C17orf97|MOSPD3",4,0.81,0.647,1.014,0.0654,0.574,0.511,0.638
"GSE50081",FALSE,"protein_coding","random",606,"PDE11A|ZNF439|SMCR8|FCRL1",4,0.749,0.576,0.975,0.0318,0.535,0.461,0.61
"GSE50081",FALSE,"protein_coding","random",607,"FAM102A|CDHR2|ZNF268|KLHL5",4,1.001,0.794,1.26,0.996,0.496,0.418,0.574
"GSE50081",FALSE,"protein_coding","random",608,"CEBPG|AJAP1|ZNF274|HSD17B14",4,0.894,0.699,1.143,0.37,0.524,0.454,0.593
"GSE50081",FALSE,"protein_coding","random",609,"SPC24|UROD|EPHB3|HDAC9",4,0.954,0.762,1.196,0.684,0.502,0.43,0.574
"GSE50081",FALSE,"protein_coding","random",610,"S100PBP|FRMPD1|ZNF484|CTDP1",4,1.25,0.996,1.569,0.0537,0.577,0.507,0.647
"GSE50081",FALSE,"protein_coding","random",611,"DCHS2|LDLRAD3|DENND6A|TDRD6",4,0.885,0.704,1.112,0.294,0.536,0.47,0.602
"GSE50081",FALSE,"protein_coding","random",612,"ERMAP|SIT1|CCDC22|TUSC3",4,0.838,0.663,1.06,0.141,0.537,0.467,0.606
"GSE50081",FALSE,"protein_coding","random",613,"FAM83A|ADI1|SPTLC3|HNRNPAB",4,0.928,0.734,1.174,0.535,0.52,0.448,0.593
"GSE50081",FALSE,"protein_coding","random",614,"ANGEL2|DUS2|METTL18|TTR",4,0.762,0.601,0.965,0.0242,0.582,0.516,0.648
"GSE50081",FALSE,"protein_coding","random",615,"SLITRK4|SVOPL|ORMDL1|SYCP1",4,1.019,0.821,1.266,0.862,0.495,0.425,0.566
"GSE50081",FALSE,"protein_coding","random",616,"ZNF45|FUNDC1|LGI3|ARMC8",4,0.816,0.651,1.023,0.0786,0.552,0.48,0.623
"GSE50081",FALSE,"protein_coding","random",617,"TMEM255B|KHDRBS3|PTGS2|KRTAP3-1",4,1.125,0.889,1.424,0.327,0.514,0.445,0.584
"GSE50081",FALSE,"protein_coding","random",618,"TWF1|C16orf86|TTC9B|GDI1",4,1.126,0.888,1.427,0.329,0.52,0.445,0.595
"GSE50081",FALSE,"protein_coding","random",619,"RXRG|EXOSC9|MMP13|OLFM4",4,0.938,0.754,1.167,0.565,0.527,0.461,0.593
"GSE50081",FALSE,"protein_coding","random",620,"INS|MRPL42|PPP1R15A|PNMA6A",4,1.15,0.908,1.457,0.247,0.538,0.464,0.612
"GSE50081",FALSE,"protein_coding","random",621,"HNRNPLL|TFPT|ZFYVE16|SDHA",4,0.869,0.689,1.097,0.238,0.51,0.437,0.582
"GSE50081",FALSE,"protein_coding","random",622,"CBY1|ACBD4|VCAN|ATP6V0A2",4,0.819,0.648,1.036,0.0962,0.567,0.496,0.639
"GSE50081",FALSE,"protein_coding","random",623,"C2orf74|ESR2|CLCN6|PSMB9",4,1.027,0.815,1.294,0.824,0.494,0.424,0.563
"GSE50081",FALSE,"protein_coding","random",624,"CREB3L1|CRNN|HLTF|PPCS",4,0.945,0.749,1.191,0.631,0.522,0.449,0.596
"GSE50081",FALSE,"protein_coding","random",625,"KNDC1|NNT|TNFSF18|FCGR1B",4,1.025,0.814,1.292,0.833,0.503,0.435,0.57
"GSE50081",FALSE,"protein_coding","random",626,"TIMM17B|TSPO|LRFN5|TMTC1",4,0.878,0.692,1.114,0.284,0.544,0.477,0.612
"GSE50081",FALSE,"protein_coding","random",627,"NUP98|VPS33B|MMAA|MCAT",4,0.901,0.708,1.146,0.396,0.533,0.46,0.606
"GSE50081",FALSE,"protein_coding","random",628,"MORN5|PCDH19|AQR|AIMP1",4,0.701,0.555,0.885,0.00279,0.629,0.564,0.694
"GSE50081",FALSE,"protein_coding","random",629,"VKORC1L1|ABCE1|SERPINA5|ABCA7",4,0.855,0.674,1.085,0.197,0.551,0.484,0.617
"GSE50081",FALSE,"protein_coding","random",630,"HPGD|BAIAP3|NOG|PCNT",4,0.871,0.695,1.092,0.231,0.528,0.461,0.596
"GSE50081",FALSE,"protein_coding","random",631,"OR2L2|FIBP|SEL1L2|MAP7D1",4,1.062,0.841,1.341,0.613,0.524,0.449,0.598
"GSE50081",FALSE,"protein_coding","random",632,"HOXD9|TRAPPC13|PSMC6|ZNF211",4,0.885,0.696,1.126,0.321,0.542,0.468,0.616
"GSE50081",FALSE,"protein_coding","random",633,"TOMM20|APOBEC3A|MROH7-TTC4|PTPN3",4,0.911,0.73,1.138,0.412,0.54,0.472,0.608
"GSE50081",FALSE,"protein_coding","random",634,"EMG1|ATXN3|TNP1|CCR2",4,1.02,0.79,1.316,0.879,0.511,0.437,0.585
"GSE50081",FALSE,"protein_coding","random",635,"SLC13A2|INHBB|BPI|PAM16",4,0.83,0.657,1.047,0.116,0.543,0.472,0.614
"GSE50081",FALSE,"protein_coding","random",636,"TCERG1L|IGF1R|CSTA|OSGEPL1",4,0.934,0.741,1.177,0.563,0.518,0.447,0.588
"GSE50081",FALSE,"protein_coding","random",637,"C12orf54|HEATR1|POMT1|CBL",4,1.083,0.863,1.359,0.491,0.534,0.462,0.606
"GSE50081",FALSE,"protein_coding","random",638,"DCTN3|DLGAP4|GSTM3|DNAJC4",4,0.947,0.751,1.195,0.649,0.503,0.425,0.581
"GSE50081",FALSE,"protein_coding","random",639,"CAPN8|CRLS1|DBNDD1|RNFT2",4,1.085,0.868,1.357,0.473,0.544,0.474,0.614
"GSE50081",FALSE,"protein_coding","random",640,"HDDC2|ZNF44|TMEM192|TAF1",4,0.812,0.641,1.029,0.0848,0.558,0.488,0.628
"GSE50081",FALSE,"protein_coding","random",641,"CX3CL1|AMPH|SETD3|RAB39A",4,1.113,0.888,1.395,0.353,0.525,0.448,0.602
"GSE50081",FALSE,"protein_coding","random",642,"PMM2|SYTL2|RPL34|HCFC2",4,0.859,0.693,1.066,0.167,0.56,0.493,0.628
"GSE50081",FALSE,"protein_coding","random",643,"DCHS1|EPB41L1|TECTA|TNFRSF9",4,1.214,0.941,1.566,0.136,0.557,0.485,0.63
"GSE50081",FALSE,"protein_coding","random",644,"SPC24|CALHM1|BIRC7|LRRC36",4,1.127,0.902,1.407,0.294,0.542,0.475,0.609
"GSE50081",FALSE,"protein_coding","random",645,"TTF2|MEGF6|SLC25A5|PSMD5",4,0.855,0.684,1.07,0.172,0.548,0.476,0.621
"GSE50081",FALSE,"protein_coding","random",646,"WDR83|POM121C|ZBTB14|FOXJ1",4,0.933,0.734,1.186,0.571,0.513,0.44,0.586
"GSE50081",FALSE,"protein_coding","random",647,"SH2D4B|TAT|PHKB|POLR3E",4,1.002,0.796,1.263,0.984,0.5,0.428,0.571
"GSE50081",FALSE,"protein_coding","random",648,"OTOF|RBBP4|OR2J2|SH2D3C",4,0.901,0.715,1.135,0.376,0.52,0.445,0.595
"GSE50081",FALSE,"protein_coding","random",649,"VCAM1|ANGPTL3|KIF2A|PRR19",4,1.141,0.909,1.433,0.256,0.535,0.467,0.603
"GSE50081",FALSE,"protein_coding","random",650,"TMCO1|ZNF566|ESRP2|SYT5",4,0.897,0.707,1.137,0.369,0.524,0.447,0.602
"GSE50081",FALSE,"protein_coding","random",651,"PSMA3|NCKAP1L|SNX27|EFNB2",4,1.205,0.936,1.551,0.148,0.531,0.458,0.603
"GSE50081",FALSE,"protein_coding","random",652,"COL6A1|ORMDL3|RNF128|RWDD2A",4,0.853,0.674,1.079,0.184,0.536,0.466,0.605
"GSE50081",FALSE,"protein_coding","random",653,"HSPA12A|ADAMTS12|ZSWIM8|HPS5",4,0.976,0.767,1.242,0.844,0.508,0.436,0.58
"GSE50081",FALSE,"protein_coding","random",654,"BEST2|CANT1|PTPN23|OLFM4",4,1.042,0.84,1.291,0.71,0.523,0.453,0.593
"GSE50081",FALSE,"protein_coding","random",655,"LRRC4B|UQCRC2|INPP5F|ZMYND8",4,1.02,0.811,1.283,0.865,0.501,0.431,0.571
"GSE50081",FALSE,"protein_coding","random",656,"NYAP1|RAB7B|MORN1|SYS1",4,0.883,0.698,1.118,0.302,0.54,0.47,0.61
"GSE50081",FALSE,"protein_coding","random",657,"TUSC1|C15orf40|UBE4B|GOLGA6L2",4,0.811,0.638,1.031,0.087,0.557,0.487,0.626
"GSE50081",FALSE,"protein_coding","random",658,"DHRS3|ENSA|LHX8|LRRC4B",4,0.757,0.592,0.968,0.0265,0.583,0.514,0.651
"GSE50081",FALSE,"protein_coding","random",659,"ADAM23|IPO7|RGS11|KDM8",4,0.799,0.628,1.016,0.0676,0.56,0.49,0.629
"GSE50081",FALSE,"protein_coding","random",660,"NUDT4|CREBL2|TDRD5|CLDN17",4,0.899,0.711,1.136,0.372,0.509,0.437,0.58
"GSE50081",FALSE,"protein_coding","random",661,"GPR180|TSPAN32|TSHR|LYVE1",4,1.15,0.915,1.446,0.232,0.549,0.475,0.623
"GSE50081",FALSE,"protein_coding","random",662,"HADHB|MLLT3|FUT11|DENND4B",4,0.853,0.681,1.069,0.167,0.522,0.454,0.59
"GSE50081",FALSE,"protein_coding","random",663,"DLX4|ZNF280B|TPI1|ETV1",4,1.062,0.855,1.319,0.587,0.512,0.444,0.58
"GSE50081",FALSE,"protein_coding","random",664,"TAS2R16|UBQLN1|SLC39A1|PRPF39",4,1.157,0.927,1.443,0.197,0.555,0.488,0.623
"GSE50081",FALSE,"protein_coding","random",665,"SALL1|MATK|TTBK1|CSTA",4,1.029,0.83,1.275,0.797,0.524,0.461,0.587
"GSE50081",FALSE,"protein_coding","random",666,"ANPEP|CREB1|PRCP|TIMM9",4,0.936,0.74,1.184,0.582,0.528,0.456,0.6
"GSE50081",FALSE,"protein_coding","random",667,"ADAM18|VWC2|AANAT|TMEM120A",4,0.978,0.776,1.234,0.854,0.484,0.412,0.556
"GSE50081",FALSE,"protein_coding","random",668,"ZNF329|HAMP|PSMD11|NDUFB5",4,0.958,0.755,1.214,0.722,0.499,0.425,0.573
"GSE50081",FALSE,"protein_coding","random",669,"C12orf75|CLVS2|KCNMB2|ZFAND4",4,1.053,0.834,1.328,0.666,0.533,0.457,0.61
"GSE50081",FALSE,"protein_coding","random",670,"SUPT20H|DLL4|CLDN3|PRSS16",4,0.959,0.775,1.187,0.701,0.505,0.438,0.572
"GSE50081",FALSE,"protein_coding","random",671,"ADAMTS16|TNFRSF1B|RBM41|FPGT-TNNI3K",4,1.059,0.846,1.324,0.618,0.523,0.454,0.592
"GSE50081",FALSE,"protein_coding","random",672,"LIPA|MEST|PRDM5|HK3",4,1.182,0.946,1.477,0.141,0.584,0.512,0.656
"GSE50081",FALSE,"protein_coding","random",673,"CHRNA4|ATXN7L1|OR1C1|DLGAP5",4,1.211,0.963,1.523,0.101,0.558,0.489,0.628
"GSE50081",FALSE,"protein_coding","random",674,"APBA1|ITLN1|CTRL|KRT16",4,0.882,0.693,1.122,0.305,0.549,0.478,0.619
"GSE50081",FALSE,"protein_coding","random",675,"PTK7|RPAP1|RAPGEF2|PPP1R35",4,0.986,0.787,1.234,0.901,0.515,0.445,0.586
"GSE50081",FALSE,"protein_coding","random",676,"ENDOG|RFC5|RTTN|RBM38",4,1.038,0.827,1.303,0.746,0.52,0.453,0.587
"GSE50081",FALSE,"protein_coding","random",677,"CENPH|USP32|PLEK|PRKD3",4,1.102,0.864,1.405,0.435,0.523,0.448,0.597
"GSE50081",FALSE,"protein_coding","random",678,"MCOLN1|DAZAP2|RAB3GAP1|IFITM2",4,1.051,0.826,1.337,0.684,0.531,0.459,0.602
"GSE50081",FALSE,"protein_coding","random",679,"PEX16|EVC2|PGLYRP2|RAB8B",4,0.794,0.633,0.995,0.0447,0.58,0.513,0.647
"GSE50081",FALSE,"protein_coding","random",680,"UROS|SLC2A13|GUCY2C|CLTA",4,1.018,0.804,1.289,0.88,0.494,0.424,0.564
"GSE50081",FALSE,"protein_coding","random",681,"NAGA|DNPH1|MGAT5|ELMOD1",4,0.976,0.768,1.241,0.844,0.51,0.439,0.58
"GSE50081",FALSE,"protein_coding","random",682,"RHOBTB3|N4BP3|GRWD1|ANXA3",4,1.089,0.841,1.412,0.518,0.527,0.457,0.598
"GSE50081",FALSE,"protein_coding","random",683,"SNAPC5|ZMYND11|NOP2|CYBRD1",4,0.809,0.649,1.009,0.0599,0.565,0.493,0.637
"GSE50081",FALSE,"protein_coding","random",684,"SLC12A6|CCNO|PDE6G|RAB3B",4,1.109,0.894,1.376,0.347,0.568,0.496,0.639
"GSE50081",FALSE,"protein_coding","random",685,"THRSP|VWA3A|TAF4B|AKR1C3",4,0.882,0.698,1.114,0.292,0.521,0.45,0.592
"GSE50081",FALSE,"protein_coding","random",686,"PIGH|ATAD3C|TMEM135|OR5K1",4,0.888,0.703,1.122,0.32,0.527,0.458,0.596
"GSE50081",FALSE,"protein_coding","random",687,"IFT74|FGF11|RNF2|RAB3A",4,1.127,0.889,1.428,0.324,0.529,0.455,0.602
"GSE50081",FALSE,"protein_coding","random",688,"ING5|ATP6V1G2-DDX39B|F13A1|TIGD7",4,0.795,0.628,1.006,0.0564,0.572,0.502,0.643
"GSE50081",FALSE,"protein_coding","random",689,"PBX3|TBX15|IFT57|NPIPA1",4,0.94,0.748,1.182,0.597,0.532,0.458,0.605
"GSE50081",FALSE,"protein_coding","random",690,"PIRT|U2AF1L4|C4orf47|TP53AIP1",4,0.82,0.647,1.04,0.102,0.567,0.5,0.634
"GSE50081",FALSE,"protein_coding","random",691,"TMEM150B|KCNG4|L3MBTL2|TREM2",4,1.18,0.956,1.458,0.124,0.57,0.497,0.643
"GSE50081",FALSE,"protein_coding","random",692,"GNA14|OR11A1|FRAT1|ADORA1",4,0.866,0.694,1.079,0.2,0.538,0.466,0.609
"GSE50081",FALSE,"protein_coding","random",693,"ULK1|MBNL3|ENAM|RRH",4,0.891,0.7,1.133,0.345,0.525,0.451,0.6
"GSE50081",FALSE,"protein_coding","random",694,"CDHR2|SDC3|AKAP17A|POU4F2",4,1.035,0.821,1.304,0.771,0.489,0.42,0.558
"GSE50081",FALSE,"protein_coding","random",695,"SERPIND1|PEX11B|ABCG5|GIPC1",4,0.84,0.667,1.058,0.139,0.534,0.467,0.6
"GSE50081",FALSE,"protein_coding","random",696,"CENPW|SLC26A2|EPHB6|NTRK2",4,0.892,0.708,1.124,0.331,0.521,0.454,0.587
"GSE50081",FALSE,"protein_coding","random",697,"RIIAD1|GPR37L1|PHLDB2|RIN2",4,0.983,0.783,1.234,0.882,0.497,0.428,0.567
"GSE50081",FALSE,"protein_coding","random",698,"L3MBTL1|CD5|SFTA2|VPS13D",4,0.923,0.748,1.138,0.453,0.531,0.463,0.598
"GSE50081",FALSE,"protein_coding","random",699,"PMAIP1|PDCD1LG2|RPS4Y1|ZNF235",4,1.339,1.084,1.655,0.00682,0.596,0.531,0.662
"GSE50081",FALSE,"protein_coding","random",700,"C10orf82|KCTD17|SMARCD1|ELOVL6",4,1.245,0.993,1.562,0.0577,0.562,0.489,0.635
"GSE50081",FALSE,"protein_coding","random",701,"RING1|SEMA6A|AIPL1|PCP2",4,0.912,0.713,1.167,0.464,0.516,0.443,0.589
"GSE50081",FALSE,"protein_coding","random",702,"ICAM4|WSB1|ELMO3|CDO1",4,0.874,0.7,1.091,0.234,0.541,0.474,0.608
"GSE50081",FALSE,"protein_coding","random",703,"SLC17A9|AFM|SEBOX|DCP2",4,1.278,1.044,1.565,0.0175,0.588,0.52,0.655
"GSE50081",FALSE,"protein_coding","random",704,"ALDH18A1|SP2|DCUN1D5|NEURL1",4,1.106,0.874,1.4,0.402,0.541,0.468,0.613
"GSE50081",FALSE,"protein_coding","random",705,"MRPS25|SELE|GPBAR1|KRTAP7-1",4,0.893,0.705,1.13,0.345,0.528,0.458,0.599
"GSE50081",FALSE,"protein_coding","random",706,"FANCD2OS|PPP1R18|CBLN1|ZFYVE16",4,1.056,0.864,1.29,0.595,0.544,0.472,0.616
"GSE50081",FALSE,"protein_coding","random",707,"RELB|PGRMC2|FAM89B|ZNF154",4,0.989,0.787,1.242,0.921,0.5,0.431,0.569
"GSE50081",FALSE,"protein_coding","random",708,"SLC2A12|ACIN1|RSL1D1|EEF1E1",4,0.841,0.665,1.062,0.146,0.552,0.48,0.625
"GSE50081",FALSE,"protein_coding","random",709,"SMNDC1|ZC3H7B|ZDHHC21|DHDDS",4,1.103,0.87,1.399,0.417,0.515,0.446,0.585
"GSE50081",FALSE,"protein_coding","random",710,"AASS|HIVEP1|BCL3|GPR31",4,1.153,0.906,1.466,0.247,0.546,0.476,0.616
"GSE50081",FALSE,"protein_coding","random",711,"QRICH2|PODNL1|ALG6|STK25",4,0.924,0.731,1.168,0.51,0.527,0.457,0.598
"GSE50081",FALSE,"protein_coding","random",712,"MDGA2|TPR|SIRPG|ST13",4,1.15,0.92,1.439,0.22,0.537,0.466,0.609
"GSE50081",FALSE,"protein_coding","random",713,"ZNF618|MEGF8|RPS7|OR10H2",4,0.977,0.773,1.235,0.847,0.495,0.422,0.567
"GSE50081",FALSE,"protein_coding","random",714,"RNASE2|TRPV2|SNRNP70|DNAH3",4,1.039,0.821,1.314,0.749,0.515,0.446,0.583
"GSE50081",FALSE,"protein_coding","random",715,"PCBP3|SDS|FBXO28|GEMIN2",4,1.096,0.862,1.394,0.456,0.53,0.454,0.606
"GSE50081",FALSE,"protein_coding","random",716,"HOXC11|LGALS4|TBCK|TUBB6",4,0.739,0.573,0.953,0.0197,0.572,0.504,0.639
"GSE50081",FALSE,"protein_coding","random",717,"ACSF3|TSPAN11|EDF1|KLRF1",4,0.882,0.694,1.122,0.306,0.544,0.477,0.611
"GSE50081",FALSE,"protein_coding","random",718,"BMPR1B|SEC14L3|C4A|NEDD4",4,0.842,0.673,1.053,0.132,0.567,0.505,0.629
"GSE50081",FALSE,"protein_coding","random",719,"TMEM182|C9orf135|PLEKHH3|ASCC1",4,0.683,0.538,0.867,0.00172,0.599,0.532,0.666
"GSE50081",FALSE,"protein_coding","random",720,"PRPSAP2|ZNF655|AFF4|EIF1AY",4,0.95,0.757,1.193,0.66,0.536,0.467,0.606
"GSE50081",FALSE,"protein_coding","random",721,"BTLA|ICA1L|ADCK1|FSIP1",4,1.139,0.91,1.426,0.256,0.55,0.479,0.62
"GSE50081",FALSE,"protein_coding","random",722,"DSC1|PTPN3|COMMD4|KIT",4,0.97,0.744,1.263,0.82,0.513,0.444,0.583
"GSE50081",FALSE,"protein_coding","random",723,"NOD1|PLEKHS1|SLC30A5|GRM6",4,0.863,0.685,1.088,0.212,0.556,0.487,0.624
"GSE50081",FALSE,"protein_coding","random",724,"TMEM151B|CASKIN2|DUOXA1|SUFU",4,0.902,0.712,1.141,0.389,0.52,0.451,0.588
"GSE50081",FALSE,"protein_coding","random",725,"PI4K2B|HSPB2|THUMPD2|TGS1",4,0.838,0.668,1.051,0.126,0.556,0.486,0.627
"GSE50081",FALSE,"protein_coding","random",726,"TSHZ1|CHCHD10|PITRM1|TTC8",4,0.88,0.697,1.111,0.283,0.511,0.441,0.581
"GSE50081",FALSE,"protein_coding","random",727,"PROCA1|WDR1|LYSMD1|GNG12",4,0.992,0.791,1.244,0.946,0.523,0.452,0.593
"GSE50081",FALSE,"protein_coding","random",728,"THAP11|INTS2|NRP2|CABIN1",4,0.78,0.621,0.981,0.0335,0.564,0.494,0.634
"GSE50081",FALSE,"protein_coding","random",729,"MYO9B|NT5C1B-RDH14|FOXJ3|UBE2U",4,1.039,0.83,1.301,0.739,0.528,0.457,0.598
"GSE50081",FALSE,"protein_coding","random",730,"S100A16|PPARD|ADAMTS10|SRPX2",4,1.174,0.918,1.503,0.201,0.557,0.488,0.626
"GSE50081",FALSE,"protein_coding","random",731,"MAST1|PRKAG3|WFDC6|CEPT1",4,1.162,0.934,1.446,0.179,0.531,0.461,0.601
"GSE50081",FALSE,"protein_coding","random",732,"GABRP|PAPSS1|ARID5A|LRRC7",4,1.071,0.851,1.347,0.559,0.496,0.432,0.56
"GSE50081",FALSE,"protein_coding","random",733,"ZNF425|DCAKD|TGFBR1|FLT3",4,0.962,0.759,1.221,0.752,0.509,0.434,0.584
"GSE50081",FALSE,"protein_coding","random",734,"LZTS3|S100A4|ASB12|CXCL13",4,1.067,0.847,1.345,0.58,0.508,0.438,0.577
"GSE50081",FALSE,"protein_coding","random",735,"FPR3|ADAMTS20|USP18|ERBB3",4,1.023,0.823,1.272,0.836,0.533,0.468,0.597
"GSE50081",FALSE,"protein_coding","random",736,"ZNF681|DNAJA2|RTBDN|RFTN2",4,0.916,0.731,1.147,0.443,0.534,0.467,0.602
"GSE50081",FALSE,"protein_coding","random",737,"ADAMTSL4|MED10|ETV1|CYB5R1",4,0.883,0.688,1.133,0.327,0.537,0.461,0.612
"GSE50081",FALSE,"protein_coding","random",738,"HIPK1|HOXC13|ZBTB39|LRRC66",4,1.028,0.815,1.298,0.814,0.522,0.448,0.596
"GSE50081",FALSE,"protein_coding","random",739,"PDZK1IP1|NUP155|NCLN|RIN3",4,1.034,0.813,1.315,0.787,0.524,0.449,0.599
"GSE50081",FALSE,"protein_coding","random",740,"ZRANB2|SLC22A11|RIMBP2|BEST1",4,1.085,0.861,1.369,0.489,0.522,0.452,0.593
"GSE50081",FALSE,"protein_coding","random",741,"WDR72|DTNBP1|ZNF383|MATN1",4,0.918,0.724,1.165,0.482,0.527,0.459,0.594
"GSE50081",FALSE,"protein_coding","random",742,"HOXB4|UNC5A|PGRMC1|SLC12A3",4,1.09,0.86,1.382,0.475,0.535,0.464,0.607
"GSE50081",FALSE,"protein_coding","random",743,"OR5V1|TMEM14B|OTUD6B|RDX",4,0.997,0.795,1.251,0.98,0.507,0.436,0.578
"GSE50081",FALSE,"protein_coding","random",744,"CETN3|HEBP2|HCFC1|TRIM61",4,0.896,0.708,1.135,0.363,0.525,0.456,0.594
"GSE50081",FALSE,"protein_coding","random",745,"RPL10|MKI67|MS4A2|PLCB4",4,0.791,0.614,1.019,0.0694,0.564,0.49,0.638
"GSE50081",FALSE,"protein_coding","random",746,"CCDC34|MTHFD1|FAM205A|LRPAP1",4,1.268,1.009,1.593,0.0419,0.563,0.492,0.634
"GSE50081",FALSE,"protein_coding","random",747,"CHKB-CPT1B|BBS9|SOX2|CBX6",4,0.836,0.659,1.061,0.141,0.561,0.487,0.634
"GSE50081",FALSE,"protein_coding","random",748,"TIMM23B|NT5DC1|ATF6B|ZBTB46",4,0.77,0.606,0.98,0.0336,0.57,0.501,0.638
"GSE50081",FALSE,"protein_coding","random",749,"ABL2|MYOD1|CREB3L3|DENND1B",4,1.136,0.907,1.423,0.267,0.544,0.472,0.616
"GSE50081",FALSE,"protein_coding","random",750,"NME4|ARL17A|CALCA|GPRASP1",4,0.836,0.663,1.054,0.129,0.537,0.464,0.61
"GSE50081",FALSE,"protein_coding","random",751,"TAP2|RHOXF2|SEZ6L|PMM2",4,1.124,0.899,1.404,0.306,0.538,0.467,0.609
"GSE50081",FALSE,"protein_coding","random",752,"ZCCHC4|FSBP|R3HDML|SLC30A9",4,1.047,0.839,1.306,0.684,0.519,0.447,0.592
"GSE50081",FALSE,"protein_coding","random",753,"RIN3|STPG1|GCNT1|SLC13A2",4,0.951,0.756,1.195,0.664,0.517,0.449,0.585
"GSE50081",FALSE,"protein_coding","random",754,"DST|DPP6|KNTC1|TEX2",4,0.967,0.769,1.216,0.773,0.506,0.432,0.579
"GSE50081",FALSE,"protein_coding","random",755,"UGGT2|FAM189A2|ZFYVE19|HYKK",4,0.903,0.714,1.142,0.394,0.549,0.476,0.622
"GSE50081",FALSE,"protein_coding","random",756,"SDF4|PLBD1|GRAMD4|SPATA9",4,0.787,0.625,0.992,0.0424,0.589,0.52,0.659
"GSE50081",FALSE,"protein_coding","random",757,"GABRB1|EIF1AY|THAP5|PCDHB5",4,1.137,0.918,1.407,0.24,0.525,0.455,0.595
"GSE50081",FALSE,"protein_coding","random",758,"LY6G6C|RHBDL2|ARHGAP29|SPINT1",4,0.917,0.723,1.162,0.472,0.519,0.445,0.593
"GSE50081",FALSE,"protein_coding","random",759,"CNKSR3|CEND1|GPR61|C4orf17",4,1.154,0.916,1.453,0.225,0.544,0.472,0.616
"GSE50081",FALSE,"protein_coding","random",760,"HM13|PTPRO|LACRT|TAS2R16",4,1.194,0.957,1.49,0.116,0.552,0.484,0.62
"GSE50081",FALSE,"protein_coding","random",761,"C6orf141|KBTBD7|IPO8|NCDN",4,0.69,0.554,0.86,0.000934,0.649,0.58,0.719
"GSE50081",FALSE,"protein_coding","random",762,"PGS1|DDOST|KIFC1|RSBN1",4,0.877,0.678,1.135,0.318,0.526,0.45,0.603
"GSE50081",FALSE,"protein_coding","random",763,"IL17RD|AKR1D1|PLCB2|VPS45",4,1.295,1.025,1.637,0.0302,0.565,0.49,0.639
"GSE50081",FALSE,"protein_coding","random",764,"ID4|FOXO1|CLEC11A|STARD10",4,0.82,0.654,1.027,0.0845,0.543,0.474,0.612
"GSE50081",FALSE,"protein_coding","random",765,"HELZ|YOD1|PDCL3|TRPV2",4,1.026,0.811,1.297,0.833,0.496,0.423,0.569
"GSE50081",FALSE,"protein_coding","random",766,"ABCA4|LONRF1|LIPE|AMER1",4,0.888,0.702,1.123,0.321,0.525,0.452,0.599
"GSE50081",FALSE,"protein_coding","random",767,"MRPL37|RCVRN|DOK4|DHRS2",4,0.971,0.767,1.229,0.807,0.498,0.426,0.569
"GSE50081",FALSE,"protein_coding","random",768,"TMEM212|ALX3|SARS2|LRRK1",4,1.229,0.98,1.542,0.0747,0.559,0.486,0.632
"GSE50081",FALSE,"protein_coding","random",769,"PIEZO1|RUVBL1|NR2F1|ZNF627",4,0.833,0.656,1.057,0.132,0.544,0.472,0.616
"GSE50081",FALSE,"protein_coding","random",770,"LRRN2|SS18L2|ADAMTS2|TRAF3IP3",4,0.969,0.767,1.225,0.794,0.489,0.418,0.561
"GSE50081",FALSE,"protein_coding","random",771,"PCDHAC1|ZNF10|RPL22L1|AURKA",4,1.109,0.884,1.391,0.373,0.539,0.468,0.61
"GSE50081",FALSE,"protein_coding","random",772,"DLAT|SF3A2|XRCC2|LPXN",4,1.585,1.245,2.02,0.00019,0.626,0.559,0.694
"GSE50081",FALSE,"protein_coding","random",773,"CALHM3|DYNC1LI1|GATA5|BPTF",4,0.934,0.74,1.179,0.566,0.528,0.46,0.596
"GSE50081",FALSE,"protein_coding","random",774,"CTTNBP2|TOMM40L|CHRFAM7A|ADRA2A",4,0.779,0.62,0.979,0.0324,0.564,0.5,0.628
"GSE50081",FALSE,"protein_coding","random",775,"GATA3|IFITM2|POMGNT2|COX5A",4,0.879,0.693,1.115,0.289,0.533,0.462,0.604
"GSE50081",FALSE,"protein_coding","random",776,"SPATA5|PPARD|DNMBP|DYNLRB2",4,0.928,0.74,1.164,0.52,0.527,0.459,0.595
"GSE50081",FALSE,"protein_coding","random",777,"AGPS|FCGBP|TAS2R19|SPG11",4,0.804,0.642,1.008,0.0589,0.593,0.524,0.661
"GSE50081",FALSE,"protein_coding","random",778,"SLCO1B1|ZFAND3|HRK|KIRREL3",4,1.046,0.836,1.309,0.692,0.527,0.461,0.593
"GSE50081",FALSE,"protein_coding","random",779,"KIT|DUT|NT5DC2|BCL2L12",4,0.993,0.782,1.262,0.957,0.486,0.416,0.557
"GSE50081",FALSE,"protein_coding","random",780,"GUCA1C|COA7|LRRC29|VTI1B",4,1.118,0.886,1.412,0.347,0.522,0.449,0.595
"GSE50081",FALSE,"protein_coding","random",781,"GUCA1C|IL1RAPL2|MYH8|AKR1B10",4,1.175,0.936,1.474,0.164,0.559,0.49,0.628
"GSE50081",FALSE,"protein_coding","random",782,"GSDMC|CASP6|GCNT7|CPZ",4,1.124,0.896,1.409,0.313,0.56,0.49,0.63
"GSE50081",FALSE,"protein_coding","random",783,"HOGA1|UBXN2B|ZC2HC1A|TAL2",4,0.885,0.706,1.109,0.289,0.57,0.5,0.64
"GSE50081",FALSE,"protein_coding","random",784,"CAMK2G|EYA4|PHKA2|IGSF5",4,1.04,0.823,1.314,0.744,0.511,0.442,0.579
"GSE50081",FALSE,"protein_coding","random",785,"GATM|NACC1|ALG1|ANKS4B",4,0.949,0.75,1.2,0.66,0.539,0.467,0.612
"GSE50081",FALSE,"protein_coding","random",786,"PPWD1|CTNNA2|EPHX2|TIMM8A",4,0.847,0.662,1.084,0.188,0.555,0.488,0.623
"GSE50081",FALSE,"protein_coding","random",787,"ECSIT|ZMYND19|COL20A1|SDE2",4,1.17,0.926,1.477,0.188,0.553,0.488,0.618
"GSE50081",FALSE,"protein_coding","random",788,"MYL12A|S100Z|SLC14A1|PPP1R3A",4,1.141,0.906,1.436,0.263,0.557,0.489,0.626
"GSE50081",FALSE,"protein_coding","random",789,"FUT2|C19orf18|MAP7D2|CD79A",4,0.932,0.739,1.175,0.552,0.514,0.441,0.586
"GSE50081",FALSE,"protein_coding","random",790,"PHOX2A|TAF13|DHRS9|MYL4",4,1.058,0.846,1.323,0.622,0.527,0.459,0.595
"GSE50081",FALSE,"protein_coding","random",791,"MPPED2|PSMA7|DPP9|OR2J2",4,1.117,0.89,1.402,0.339,0.521,0.455,0.588
"GSE50081",FALSE,"protein_coding","random",792,"DOK6|MTMR3|PITX3|APOBR",4,1.176,0.936,1.477,0.165,0.523,0.452,0.594
"GSE50081",FALSE,"protein_coding","random",793,"ZFP1|AIG1|SRM|WASF1",4,1.062,0.846,1.333,0.602,0.503,0.43,0.576
"GSE50081",FALSE,"protein_coding","random",794,"DPYSL2|HIVEP2|SH2D1A|SLC35C1",4,0.882,0.697,1.116,0.297,0.554,0.482,0.625
"GSE50081",FALSE,"protein_coding","random",795,"JUND|SPACA3|CCDC17|SCO2",4,1.027,0.825,1.279,0.809,0.501,0.429,0.573
"GSE50081",FALSE,"protein_coding","random",796,"ZC3H7B|SPIN2A|CFHR3|VANGL2",4,1.16,0.921,1.46,0.208,0.524,0.453,0.595
"GSE50081",FALSE,"protein_coding","random",797,"OLFML1|DCD|LMOD1|SLC39A11",4,0.872,0.686,1.108,0.263,0.522,0.45,0.595
"GSE50081",FALSE,"protein_coding","random",798,"PFKL|MPP6|C1orf109|TRPV6",4,0.971,0.776,1.214,0.794,0.506,0.438,0.574
"GSE50081",FALSE,"protein_coding","random",799,"MS4A5|PIP5K1C|TMEM40|SPATA18",4,0.959,0.759,1.212,0.725,0.511,0.44,0.581
"GSE50081",FALSE,"protein_coding","random",800,"TH|DPH5|TMEM92|GSPT1",4,0.843,0.67,1.06,0.144,0.55,0.481,0.619
"GSE50081",FALSE,"protein_coding","random",801,"ZSCAN1|B9D1|CNFN|FAM86B1",4,0.847,0.673,1.067,0.158,0.548,0.477,0.618
"GSE50081",FALSE,"protein_coding","random",802,"MYD88|PRKD3|ZNF703|FASTKD1",4,0.967,0.77,1.214,0.774,0.499,0.427,0.572
"GSE50081",FALSE,"protein_coding","random",803,"MFSD6L|TUBB2B|CPSF2|POLE4",4,0.994,0.787,1.255,0.958,0.484,0.408,0.56
"GSE50081",FALSE,"protein_coding","random",804,"DNAH11|LSM10|RBM19|PITX2",4,0.932,0.733,1.184,0.562,0.529,0.456,0.601
"GSE50081",FALSE,"protein_coding","random",805,"XBP1|IL31RA|TECTA|POLR2J",4,1.041,0.833,1.3,0.724,0.533,0.464,0.602
"GSE50081",FALSE,"protein_coding","random",806,"NTHL1|IWS1|SLCO5A1|KRTAP3-1",4,0.927,0.737,1.167,0.52,0.518,0.454,0.582
"GSE50081",FALSE,"protein_coding","random",807,"CR1L|LCORL|SAMD1|BAD",4,0.983,0.771,1.254,0.89,0.494,0.427,0.562
"GSE50081",FALSE,"protein_coding","random",808,"KIAA0753|CDKN1A|ZNF397|MORC1",4,1.073,0.85,1.355,0.554,0.498,0.425,0.571
"GSE50081",FALSE,"protein_coding","random",809,"GSR|TIGD3|LILRB1|SLC9A5",4,1.258,0.993,1.594,0.0571,0.567,0.499,0.634
"GSE50081",FALSE,"protein_coding","random",810,"DNAJC3|EIF5A|SEMA4F|RAP1GAP2",4,0.742,0.585,0.941,0.0139,0.561,0.492,0.63
"GSE50081",FALSE,"protein_coding","random",811,"MRPL9|PXDNL|HLA-DPA1|BLOC1S1",4,1.058,0.835,1.34,0.642,0.532,0.461,0.602
"GSE50081",FALSE,"protein_coding","random",812,"MSMO1|XPR1|ANK2|OPTN",4,0.838,0.674,1.042,0.111,0.554,0.487,0.622
"GSE50081",FALSE,"protein_coding","random",813,"NGRN|HINT3|DDN|DLAT",4,0.964,0.772,1.203,0.745,0.493,0.422,0.564
"GSE50081",FALSE,"protein_coding","random",814,"MBTPS2|IFNL1|MRPS36|HNRNPU",4,0.854,0.676,1.078,0.184,0.539,0.472,0.605
"GSE50081",FALSE,"protein_coding","random",815,"OR1J4|MBNL2|GJA4|CEP162",4,1.011,0.8,1.278,0.924,0.502,0.43,0.574
"GSE50081",FALSE,"protein_coding","random",816,"TUB|COG3|STAT4|MTMR14",4,0.792,0.631,0.994,0.0446,0.569,0.5,0.638
"GSE50081",FALSE,"protein_coding","random",817,"KIAA0319|CSPG4|NPY2R|SLC37A3",4,1.09,0.873,1.361,0.447,0.551,0.481,0.621
"GSE50081",FALSE,"protein_coding","random",818,"USP28|DCTN4|DHX35|MFAP4",4,0.745,0.597,0.93,0.00932,0.591,0.522,0.659
"GSE50081",FALSE,"protein_coding","random",819,"IVNS1ABP|CGNL1|PANX1|ZNF75D",4,0.887,0.702,1.121,0.316,0.536,0.462,0.61
"GSE50081",FALSE,"protein_coding","random",820,"WDR86|DDI1|OR12D2|C19orf12",4,1.257,0.991,1.595,0.0594,0.572,0.501,0.643
"GSE50081",FALSE,"protein_coding","random",821,"SERPINE1|CAMSAP1|FANCI|KCNK4",4,1.179,0.944,1.472,0.146,0.558,0.489,0.627
"GSE50081",FALSE,"protein_coding","random",822,"PSPC1|CDCA5|CANT1|KIF22",4,0.894,0.707,1.131,0.35,0.538,0.469,0.607
"GSE50081",FALSE,"protein_coding","random",823,"KRT79|SHMT2|TIMMDC1|ITGA2B",4,1.078,0.873,1.331,0.487,0.547,0.479,0.616
"GSE50081",FALSE,"protein_coding","random",824,"JAG2|SLC7A5|ADRB3|CDH15",4,1.117,0.893,1.397,0.332,0.533,0.462,0.604
"GSE50081",FALSE,"protein_coding","random",825,"CABIN1|IMPACT|RCN3|SLFN12",4,0.891,0.699,1.136,0.351,0.559,0.486,0.632
"GSE50081",FALSE,"protein_coding","random",826,"DMBT1|ZNF10|IL18RAP|MIA2",4,0.963,0.761,1.218,0.753,0.517,0.442,0.591
"GSE50081",FALSE,"protein_coding","random",827,"SUCLG1|SDHAF1|POU1F1|RBM20",4,1.027,0.804,1.311,0.833,0.499,0.424,0.574
"GSE50081",FALSE,"protein_coding","random",828,"TNFAIP8|B4GALT5|SF3A1|SMIM1",4,1.078,0.843,1.377,0.551,0.519,0.449,0.588
"GSE50081",FALSE,"protein_coding","random",829,"DAPK3|STARD4|TMPRSS2|RAP2C",4,0.876,0.688,1.116,0.285,0.543,0.467,0.618
"GSE50081",FALSE,"protein_coding","random",830,"PIGQ|LILRB4|DEFA6|ZNF432",4,1.234,0.983,1.549,0.0704,0.545,0.475,0.615
"GSE50081",FALSE,"protein_coding","random",831,"CCNB1IP1|CDK5RAP3|ALKBH2|ZSCAN9",4,1.018,0.801,1.294,0.884,0.539,0.469,0.608
"GSE50081",FALSE,"protein_coding","random",832,"PGM2|PRRX1|GUCY2D|SIRT5",4,0.689,0.538,0.882,0.00315,0.602,0.533,0.671
"GSE50081",FALSE,"protein_coding","random",833,"LITAF|CARD9|CES5A|ZNF606",4,1.213,0.956,1.54,0.112,0.56,0.49,0.629
"GSE50081",FALSE,"protein_coding","random",834,"TSPAN18|MTF1|ACAD8|HSF5",4,0.682,0.534,0.87,0.00211,0.585,0.511,0.658
"GSE50081",FALSE,"protein_coding","random",835,"JPH1|AP2A2|GRB10|CLASRP",4,0.84,0.672,1.049,0.124,0.578,0.51,0.646
"GSE50081",FALSE,"protein_coding","random",836,"ANKRD20A1|SH3PXD2A|PARG|CCNL1",4,1.157,0.907,1.475,0.241,0.521,0.444,0.598
"GSE50081",FALSE,"protein_coding","random",837,"ENTPD3|RELL1|MAP1LC3A|CYTH2",4,0.701,0.552,0.89,0.00355,0.605,0.542,0.669
"GSE50081",FALSE,"protein_coding","random",838,"ALOX15|CLNK|CCBE1|CAPN10",4,0.975,0.779,1.221,0.825,0.513,0.443,0.582
"GSE50081",FALSE,"protein_coding","random",839,"C15orf62|IGF2BP3|CHTOP|CEP162",4,1.022,0.813,1.285,0.849,0.532,0.462,0.602
"GSE50081",FALSE,"protein_coding","random",840,"KDELR1|ZNF786|ZNF687|HMCES",4,1.134,0.898,1.431,0.29,0.535,0.467,0.602
"GSE50081",FALSE,"protein_coding","random",841,"TDRD5|ZNF385A|ISOC1|CRYAB",4,1.029,0.824,1.284,0.802,0.52,0.452,0.589
"GSE50081",FALSE,"protein_coding","random",842,"ATG13|RBM34|ACTR1B|SLC2A4",4,1.165,0.927,1.466,0.19,0.555,0.484,0.627
"GSE50081",FALSE,"protein_coding","random",843,"TAS1R1|PER2|IL2RB|TADA2A",4,1.113,0.884,1.403,0.363,0.52,0.45,0.59
"GSE50081",FALSE,"protein_coding","random",844,"KIAA1586|FYCO1|DEF6|ARHGAP10",4,0.89,0.705,1.125,0.329,0.535,0.468,0.602
"GSE50081",FALSE,"protein_coding","random",845,"GLB1|SOCS2|PBDC1|IPO4",4,0.901,0.714,1.136,0.377,0.494,0.424,0.563
"GSE50081",FALSE,"protein_coding","random",846,"SEZ6|PCBD1|ZNF669|S100Z",4,1.011,0.791,1.292,0.93,0.505,0.435,0.574
"GSE50081",FALSE,"protein_coding","random",847,"PLSCR2|IKBIP|APOA4|ATG16L2",4,1.345,1.07,1.691,0.0112,0.586,0.517,0.654
"GSE50081",FALSE,"protein_coding","random",848,"HPCA|MAOA|REV1|NT5DC3",4,0.855,0.67,1.092,0.211,0.553,0.483,0.623
"GSE50081",FALSE,"protein_coding","random",849,"TMCO2|TEX36|TTL|ZCCHC8",4,1.264,1.007,1.586,0.0434,0.548,0.48,0.616
"GSE50081",FALSE,"protein_coding","random",850,"SLC30A7|CHCHD3|TMEM169|SRGAP2B",4,1.105,0.879,1.389,0.391,0.512,0.443,0.581
"GSE50081",FALSE,"protein_coding","random",851,"NOL4|PSTPIP1|AQP5|EIF3I",4,0.979,0.774,1.239,0.861,0.516,0.442,0.591
"GSE50081",FALSE,"protein_coding","random",852,"GSTM1|CTIF|ATP11C|REXO2",4,0.765,0.606,0.966,0.0244,0.557,0.49,0.624
"GSE50081",FALSE,"protein_coding","random",853,"PRDM7|INPP5E|SPIN4|XYLB",4,0.983,0.782,1.236,0.883,0.488,0.421,0.555
"GSE50081",FALSE,"protein_coding","random",854,"PEX12|ZNF362|PANK2|LIPE",4,0.71,0.558,0.904,0.00544,0.589,0.52,0.658
"GSE50081",FALSE,"protein_coding","random",855,"NUF2|DAPK1|GPR26|CHD9",4,1.282,1.013,1.622,0.0384,0.576,0.506,0.647
"GSE50081",FALSE,"protein_coding","random",856,"DPCD|INTS4|GK|ABCB11",4,0.941,0.755,1.174,0.591,0.514,0.449,0.579
"GSE50081",FALSE,"protein_coding","random",857,"CCRL2|ZNF226|BOLA3|DLG2",4,0.903,0.713,1.144,0.398,0.51,0.433,0.586
"GSE50081",FALSE,"protein_coding","random",858,"CEP41|PSME1|GATM|ZNF117",4,1.05,0.827,1.334,0.687,0.497,0.423,0.57
"GSE50081",FALSE,"protein_coding","random",859,"CACUL1|LEPROT|MBIP|C16orf70",4,1.087,0.864,1.368,0.475,0.521,0.457,0.585
"GSE50081",FALSE,"protein_coding","random",860,"SPATA1|CDK5RAP1|CALCR|STARD7",4,1.083,0.86,1.364,0.496,0.497,0.428,0.567
"GSE50081",FALSE,"protein_coding","random",861,"ANKRD36|BEST2|EME1|TRAF3IP2",4,1.118,0.9,1.388,0.314,0.551,0.482,0.619
"GSE50081",FALSE,"protein_coding","random",862,"SLMAP|IKBIP|C11orf53|OR3A3",4,0.956,0.762,1.2,0.7,0.498,0.429,0.567
"GSE50081",FALSE,"protein_coding","random",863,"TYRO3|NARF|CTPS1|EDN1",4,0.934,0.745,1.173,0.558,0.515,0.448,0.582
"GSE50081",FALSE,"protein_coding","random",864,"LIMS2|PNMA6A|CHMP5|CPT2",4,0.991,0.788,1.248,0.942,0.491,0.42,0.562
"GSE50081",FALSE,"protein_coding","random",865,"ABCF2|CD8A|UHRF1BP1L|VEGFC",4,1.213,0.965,1.526,0.0986,0.579,0.509,0.649
"GSE50081",FALSE,"protein_coding","random",866,"MET|HIPK1|SDHC|LRRC7",4,0.884,0.711,1.098,0.265,0.58,0.51,0.65
"GSE50081",FALSE,"protein_coding","random",867,"BEND2|MEGF9|WDR7|SS18L2",4,0.901,0.723,1.125,0.358,0.515,0.445,0.586
"GSE50081",FALSE,"protein_coding","random",868,"TMEM229B|DLG3|ETS1|NQO2",4,1.015,0.803,1.283,0.901,0.504,0.43,0.578
"GSE50081",FALSE,"protein_coding","random",869,"CCDC83|NSD1|POLG2|SLC30A7",4,1.125,0.904,1.401,0.291,0.536,0.469,0.602
"GSE50081",FALSE,"protein_coding","random",870,"OR8D2|MED10|PCGF6|NUCKS1",4,1.019,0.822,1.263,0.865,0.5,0.432,0.568
"GSE50081",FALSE,"protein_coding","random",871,"MFHAS1|SHISA4|AFF4|PEX13",4,1.004,0.799,1.263,0.972,0.521,0.449,0.593
"GSE50081",FALSE,"protein_coding","random",872,"C17orf78|ZNF57|CSHL1|TSPAN4",4,0.827,0.644,1.063,0.138,0.532,0.46,0.605
"GSE50081",FALSE,"protein_coding","random",873,"DEFA4|COL13A1|NLRP3|SLC23A1",4,0.986,0.775,1.255,0.912,0.493,0.42,0.566
"GSE50081",FALSE,"protein_coding","random",874,"WDR38|NOL10|GAST|TRIM66",4,0.981,0.772,1.246,0.874,0.502,0.427,0.577
"GSE50081",FALSE,"protein_coding","random",875,"RYR1|TIMMDC1|MOSPD3|IGFBP6",4,1.182,0.932,1.499,0.167,0.531,0.458,0.604
"GSE50081",FALSE,"protein_coding","random",876,"CPA1|SBK1|B3GNT9|EPDR1",4,0.891,0.698,1.136,0.35,0.543,0.475,0.611
"GSE50081",FALSE,"protein_coding","random",877,"CXXC4|SPATA1|CXXC1|SAMD3",4,1.061,0.849,1.326,0.603,0.529,0.463,0.594
"GSE50081",FALSE,"protein_coding","random",878,"PAN3|COMMD1|LAMB4|CYHR1",4,0.95,0.75,1.202,0.669,0.481,0.412,0.55
"GSE50081",FALSE,"protein_coding","random",879,"MESP2|TMEM218|SLC38A7|HAUS8",4,1.041,0.832,1.304,0.723,0.542,0.467,0.616
"GSE50081",FALSE,"protein_coding","random",880,"DENND1A|MTIF3|CDHR5|SLC13A3",4,0.993,0.794,1.243,0.953,0.469,0.404,0.534
"GSE50081",FALSE,"protein_coding","random",881,"STOM|IL18|TMEM175|NR3C2",4,0.852,0.68,1.067,0.163,0.537,0.467,0.608
"GSE50081",FALSE,"protein_coding","random",882,"ESCO2|HYLS1|GRB10|IBA57",4,0.998,0.788,1.264,0.986,0.47,0.401,0.539
"GSE50081",FALSE,"protein_coding","random",883,"LPAR1|NCAPH2|WBP11|PRTG",4,0.807,0.642,1.015,0.0667,0.551,0.478,0.624
"GSE50081",FALSE,"protein_coding","random",884,"FAM114A2|ALPP|LSM3|CCDC12",4,0.929,0.726,1.188,0.556,0.53,0.459,0.602
"GSE50081",FALSE,"protein_coding","random",885,"ZNF423|ERCC3|NUDCD1|CHEK1",4,0.878,0.695,1.111,0.279,0.52,0.448,0.592
"GSE50081",FALSE,"protein_coding","random",886,"FAU|CARD6|EYA1|ORM1",4,0.846,0.673,1.064,0.153,0.553,0.483,0.622
"GSE50081",FALSE,"protein_coding","random",887,"C1orf194|WIPI2|TMEM196|PDIA4",4,1,0.793,1.261,0.997,0.492,0.421,0.563
"GSE50081",FALSE,"protein_coding","random",888,"ZNF165|KCNA4|PSMG2|GRK6",4,1.143,0.906,1.442,0.26,0.536,0.467,0.606
"GSE50081",FALSE,"protein_coding","random",889,"AIF1|PDE4DIP|ZNF91|PID1",4,0.846,0.678,1.056,0.14,0.559,0.488,0.629
"GSE50081",FALSE,"protein_coding","random",890,"GDI1|DNAI1|GP1BA|ERGIC1",4,0.915,0.721,1.162,0.467,0.52,0.449,0.59
"GSE50081",FALSE,"protein_coding","random",891,"WFDC6|FMR1|PNPLA6|RRAGB",4,0.925,0.741,1.155,0.49,0.54,0.472,0.608
"GSE50081",FALSE,"protein_coding","random",892,"ZNF674|ARHGEF2|DIO1|RAPGEF6",4,0.837,0.666,1.051,0.125,0.547,0.479,0.615
"GSE50081",FALSE,"protein_coding","random",893,"TPD52L1|APBA3|CARD8|SLC15A4",4,0.881,0.692,1.122,0.304,0.499,0.424,0.574
"GSE50081",FALSE,"protein_coding","random",894,"NOC2L|POLR2D|ADAM15|NUDCD2",4,0.935,0.735,1.19,0.586,0.513,0.437,0.588
"GSE50081",FALSE,"protein_coding","random",895,"GRAP2|ABLIM1|SSTR2|GPATCH2",4,1.121,0.901,1.395,0.306,0.542,0.473,0.611
"GSE50081",FALSE,"protein_coding","random",896,"DAGLB|PPID|ZNF3|CDH12",4,0.903,0.712,1.145,0.4,0.532,0.46,0.603
"GSE50081",FALSE,"protein_coding","random",897,"DYDC2|CNOT11|TPPP|ATP6V1E1",4,0.755,0.598,0.954,0.0185,0.571,0.501,0.64
"GSE50081",FALSE,"protein_coding","random",898,"SFSWAP|CNTN4|ISG20L2|PDZD2",4,1.05,0.831,1.326,0.682,0.52,0.449,0.591
"GSE50081",FALSE,"protein_coding","random",899,"ARL15|POLR2F|ERI1|MCM10",4,1.086,0.863,1.366,0.482,0.525,0.454,0.595
"GSE50081",FALSE,"protein_coding","random",900,"ISY1|SYNGR2|ERG|KLF14",4,0.914,0.722,1.156,0.453,0.509,0.439,0.58
"GSE50081",FALSE,"protein_coding","random",901,"MIOS|OLFM3|PTPN7|MXRA5",4,1.24,0.97,1.585,0.0859,0.564,0.496,0.631
"GSE50081",FALSE,"protein_coding","random",902,"CD6|RNF13|ENPP5|MAS1L",4,1.007,0.808,1.254,0.951,0.498,0.43,0.567
"GSE50081",FALSE,"protein_coding","random",903,"SLC6A16|OR51B6|TDRD10|MAGEA12",4,0.999,0.79,1.264,0.993,0.516,0.444,0.588
"GSE50081",FALSE,"protein_coding","random",904,"DUT|SPATA6|SERTAD4|MRS2",4,0.826,0.657,1.038,0.101,0.572,0.505,0.64
"GSE50081",FALSE,"protein_coding","random",905,"MCM8|LIMA1|CRISPLD2|OR1D2",4,1.104,0.886,1.375,0.378,0.523,0.455,0.592
"GSE50081",FALSE,"protein_coding","random",906,"MT1E|SMIM20|ADRA2A|CLEC4F",4,0.704,0.553,0.896,0.00433,0.603,0.533,0.673
"GSE50081",FALSE,"protein_coding","random",907,"PCDH11X|ARR3|NKIRAS1|PCBP2",4,0.934,0.735,1.186,0.576,0.514,0.441,0.587
"GSE50081",FALSE,"protein_coding","random",908,"PIH1D2|SLFNL1|CCL7|BLOC1S5",4,0.991,0.791,1.242,0.938,0.5,0.436,0.564
"GSE50081",FALSE,"protein_coding","random",909,"ALG9|BAZ2B|TERF1|FAM210B",4,0.89,0.698,1.134,0.345,0.522,0.443,0.602
"GSE50081",FALSE,"protein_coding","random",910,"DEFB123|C1orf87|UGDH|MMS19",4,0.849,0.662,1.09,0.199,0.528,0.453,0.602
"GSE50081",FALSE,"protein_coding","random",911,"PIK3C3|CBLN3|RPA3|SLC52A3",4,0.841,0.66,1.072,0.162,0.521,0.45,0.592
"GSE50081",FALSE,"protein_coding","random",912,"CNOT4|FAM189B|BPIFB2|GABRB2",4,1.07,0.854,1.34,0.559,0.521,0.448,0.593
"GSE50081",FALSE,"protein_coding","random",913,"FBXO8|CHODL|HES5|UPF3A",4,0.86,0.676,1.094,0.22,0.549,0.476,0.622
"GSE50081",FALSE,"protein_coding","random",914,"VCAN|PAPSS1|C11orf21|C8A",4,1.02,0.813,1.281,0.862,0.539,0.47,0.607
"GSE50081",FALSE,"protein_coding","random",915,"MEF2C|SCNN1A|MRPL38|SNX15",4,0.909,0.724,1.142,0.413,0.501,0.43,0.572
"GSE50081",FALSE,"protein_coding","random",916,"LAP3|ENDOU|TMEM39A|RPL22L1",4,1.028,0.817,1.294,0.812,0.521,0.443,0.598
"GSE50081",FALSE,"protein_coding","random",917,"KLK2|AQP12A|WFDC2|SYF2",4,0.817,0.648,1.031,0.0882,0.565,0.493,0.637
"GSE50081",FALSE,"protein_coding","random",918,"POPDC2|TMTC4|TMEM91|GAS2L1",4,0.898,0.716,1.126,0.351,0.534,0.464,0.604
"GSE50081",FALSE,"protein_coding","random",919,"KIAA1143|PIGN|UBTF|SSH3",4,0.922,0.729,1.165,0.494,0.531,0.463,0.6
"GSE50081",FALSE,"protein_coding","random",920,"OGFR|IFI44L|CLN3|RPL23A",4,0.876,0.699,1.099,0.252,0.523,0.456,0.591
"GSE50081",FALSE,"protein_coding","random",921,"CHD8|ATP8B3|DHRS7B|MRTO4",4,1.188,0.955,1.478,0.122,0.556,0.483,0.629
"GSE50081",FALSE,"protein_coding","random",922,"RUVBL1|ANKUB1|M1AP|COMMD7",4,1.215,0.957,1.542,0.11,0.561,0.493,0.629
"GSE50081",FALSE,"protein_coding","random",923,"C7orf31|PRKCI|TUBA8|VGLL1",4,0.982,0.768,1.254,0.882,0.515,0.44,0.589
"GSE50081",FALSE,"protein_coding","random",924,"MACC1|CCDC159|HTATSF1|CCDC121",4,0.881,0.691,1.123,0.307,0.54,0.472,0.608
"GSE50081",FALSE,"protein_coding","random",925,"SUFU|TRMT2A|SLC30A5|PITX1",4,1.002,0.807,1.243,0.989,0.492,0.426,0.557
"GSE50081",FALSE,"protein_coding","random",926,"KRTAP17-1|SAMM50|TRMT10C|B4GALT2",4,1.051,0.832,1.327,0.678,0.507,0.434,0.58
"GSE50081",FALSE,"protein_coding","random",927,"ZNF597|BCAT1|KRTAP4-8|ZNF791",4,1.07,0.849,1.349,0.568,0.521,0.45,0.591
"GSE50081",FALSE,"protein_coding","random",928,"KCNB2|KTI12|ANAPC16|DISC1",4,0.914,0.709,1.177,0.485,0.525,0.453,0.598
"GSE50081",FALSE,"protein_coding","random",929,"ZNF611|USP21|KREMEN2|RWDD3",4,1.111,0.9,1.372,0.328,0.545,0.477,0.613
"GSE50081",FALSE,"protein_coding","random",930,"PARVG|MPRIP|ESRP2|RNF212B",4,1.025,0.81,1.297,0.835,0.503,0.431,0.574
"GSE50081",FALSE,"protein_coding","random",931,"ABCB1|GRM8|RIC8B|TCERG1",4,1.042,0.829,1.308,0.726,0.529,0.457,0.601
"GSE50081",FALSE,"protein_coding","random",932,"COL8A1|ARHGAP11A|MLLT11|NPB",4,1.068,0.866,1.317,0.538,0.543,0.476,0.61
"GSE50081",FALSE,"protein_coding","random",933,"SIGMAR1|ZFHX3|FOXM1|ATP6V1C2",4,1.167,0.932,1.461,0.18,0.563,0.493,0.633
"GSE50081",FALSE,"protein_coding","random",934,"PTPRD|CLDN12|PIGP|ANXA3",4,0.86,0.686,1.078,0.19,0.556,0.484,0.627
"GSE50081",FALSE,"protein_coding","random",935,"KCNG4|ERICH5|MYO3B|FHL5",4,0.97,0.766,1.228,0.798,0.502,0.432,0.571
"GSE50081",FALSE,"protein_coding","random",936,"CCL15|MAGED1|PLAC8L1|NFAT5",4,0.88,0.683,1.135,0.325,0.519,0.445,0.592
"GSE50081",FALSE,"protein_coding","random",937,"NIPAL4|AEBP1|C1orf162|DPM3",4,1.021,0.794,1.314,0.869,0.515,0.439,0.591
"GSE50081",FALSE,"protein_coding","random",938,"TM2D1|MYLK2|ADCY2|ENTPD6",4,0.92,0.729,1.161,0.483,0.514,0.444,0.585
"GSE50081",FALSE,"protein_coding","random",939,"MAGI2|MRPL47|CSF1|TTC38",4,1,0.797,1.253,0.997,0.511,0.444,0.577
"GSE50081",FALSE,"protein_coding","random",940,"SORD|NSMF|UTS2|TLCD2",4,1.04,0.824,1.312,0.743,0.518,0.45,0.587
"GSE50081",FALSE,"protein_coding","random",941,"DNAAF2|CPSF6|SHOX|CDK5RAP3",4,0.892,0.699,1.137,0.355,0.544,0.47,0.618
"GSE50081",FALSE,"protein_coding","random",942,"CARHSP1|MCOLN2|ZNF766|ABCB5",4,1.249,0.988,1.579,0.0633,0.576,0.506,0.646
"GSE50081",FALSE,"protein_coding","random",943,"VPS4B|USP25|PRR5L|FDXACB1",4,0.824,0.656,1.036,0.0971,0.557,0.485,0.629
"GSE50081",FALSE,"protein_coding","random",944,"BRMS1L|CENPK|C3orf52|DLX4",4,1.099,0.875,1.379,0.417,0.511,0.437,0.584
"GSE50081",FALSE,"protein_coding","random",945,"GFI1B|C9orf152|CYYR1|CYTIP",4,0.729,0.577,0.92,0.00774,0.594,0.525,0.663
"GSE50081",FALSE,"protein_coding","random",946,"ATPAF1|C22orf31|SLC35A5|DUSP8",4,0.776,0.613,0.983,0.0353,0.562,0.491,0.633
"GSE50081",FALSE,"protein_coding","random",947,"LYZL4|KLK10|MKI67|VSIG10",4,1.234,0.988,1.541,0.0638,0.587,0.518,0.656
"GSE50081",FALSE,"protein_coding","random",948,"GRIN1|FBL|BTG1|RPP25",4,1.034,0.823,1.299,0.773,0.512,0.443,0.581
"GSE50081",FALSE,"protein_coding","random",949,"GGT7|ITFG1|PTPRCAP|CD33",4,0.969,0.775,1.211,0.781,0.519,0.445,0.592
"GSE50081",FALSE,"protein_coding","random",950,"IFNA2|ARHGEF17|HNRNPM|TRIM52",4,0.841,0.672,1.054,0.132,0.584,0.512,0.657
"GSE50081",FALSE,"protein_coding","random",951,"KIF1C|WAS|ENTPD2|DENND4B",4,1.088,0.878,1.35,0.441,0.549,0.48,0.619
"GSE50081",FALSE,"protein_coding","random",952,"C17orf50|PFKFB4|RNF139|S100A4",4,1.08,0.861,1.354,0.506,0.502,0.43,0.573
"GSE50081",FALSE,"protein_coding","random",953,"NTRK2|MIOS|C1orf35|TAT",4,0.834,0.66,1.056,0.131,0.542,0.471,0.612
"GSE50081",FALSE,"protein_coding","random",954,"DNA2|KIAA0586|LIPJ|LGALSL",4,0.939,0.747,1.181,0.592,0.508,0.439,0.577
"GSE50081",FALSE,"protein_coding","random",955,"RIN1|PADI4|COL26A1|LDLR",4,1.078,0.867,1.341,0.5,0.527,0.455,0.599
"GSE50081",FALSE,"protein_coding","random",956,"CBL|SETX|PDZD9|PTGIR",4,1.129,0.889,1.432,0.32,0.521,0.453,0.59
"GSE50081",FALSE,"protein_coding","random",957,"S100A10|MRPL16|CYP7B1|GPR31",4,1.03,0.811,1.307,0.811,0.502,0.428,0.577
"GSE50081",FALSE,"protein_coding","random",958,"GALM|ABCA9|PRKG2|LAYN",4,0.881,0.699,1.112,0.286,0.533,0.464,0.603
"GSE50081",FALSE,"protein_coding","random",959,"ZNF383|MRPL34|SLC6A5|HDAC2",4,0.997,0.794,1.252,0.979,0.496,0.427,0.565
"GSE50081",FALSE,"protein_coding","random",960,"TULP1|SLC35G1|WDR62|TNIP3",4,1.159,0.928,1.449,0.193,0.543,0.475,0.61
"GSE50081",FALSE,"protein_coding","random",961,"NEDD9|FIP1L1|ZBED4|APOA4",4,0.915,0.735,1.139,0.428,0.517,0.449,0.584
"GSE50081",FALSE,"protein_coding","random",962,"MED6|INSL6|RPL8|SRGAP1",4,1.315,1.045,1.656,0.0196,0.547,0.474,0.619
"GSE50081",FALSE,"protein_coding","random",963,"SLC27A4|ADAMTS12|NTAN1|HAT1",4,1.179,0.93,1.494,0.173,0.555,0.489,0.62
"GSE50081",FALSE,"protein_coding","random",964,"VAC14|NUCKS1|PROX1|KCNJ8",4,1.178,0.949,1.463,0.137,0.551,0.479,0.622
"GSE50081",FALSE,"protein_coding","random",965,"NFKBIL1|LPIN1|NELL2|CREBL2",4,0.796,0.625,1.012,0.0629,0.583,0.513,0.653
"GSE50081",FALSE,"protein_coding","random",966,"PRKAR2A|CSRNP3|CCDC93|LRRC6",4,0.748,0.597,0.938,0.0118,0.61,0.54,0.679
"GSE50081",FALSE,"protein_coding","random",967,"UBE2Q1|VPS8|METAP1D|VWF",4,0.715,0.558,0.915,0.00762,0.558,0.48,0.637
"GSE50081",FALSE,"protein_coding","random",968,"GNA14|RNF19B|JPH3|KAT7",4,0.89,0.7,1.131,0.34,0.536,0.47,0.602
"GSE50081",FALSE,"protein_coding","random",969,"SH3GLB2|OCIAD1|NEURL4|TMEM59",4,0.749,0.593,0.945,0.0147,0.559,0.492,0.626
"GSE50081",FALSE,"protein_coding","random",970,"DHX32|CD22|KCTD15|ZNF500",4,0.793,0.633,0.994,0.0439,0.532,0.462,0.603
"GSE50081",FALSE,"protein_coding","random",971,"POMT2|SIRPB2|CCDC57|CD247",4,0.979,0.781,1.226,0.852,0.511,0.44,0.583
"GSE50081",FALSE,"protein_coding","random",972,"OXSM|BRINP2|TXLNA|ARRB2",4,0.918,0.724,1.164,0.478,0.521,0.449,0.593
"GSE50081",FALSE,"protein_coding","random",973,"KCMF1|NLK|LALBA|GCNT2",4,0.765,0.613,0.954,0.0176,0.591,0.524,0.657
"GSE50081",FALSE,"protein_coding","random",974,"LTB|SLC25A2|BLNK|DNMT3L",4,0.875,0.701,1.093,0.239,0.54,0.471,0.61
"GSE50081",FALSE,"protein_coding","random",975,"ASTE1|RLN1|TBCC|RPTN",4,0.981,0.779,1.234,0.869,0.496,0.425,0.568
"GSE50081",FALSE,"protein_coding","random",976,"CELSR3|ELAVL4|CAMK2B|ELP4",4,1.303,1.108,1.531,0.00136,0.615,0.55,0.679
"GSE50081",FALSE,"protein_coding","random",977,"FAM81A|ADNP2|UBE2I|SPAG5",4,1.038,0.822,1.312,0.753,0.502,0.431,0.572
"GSE50081",FALSE,"protein_coding","random",978,"LAMA1|SSB|ARFGEF2|ABHD14B",4,0.86,0.683,1.082,0.198,0.555,0.485,0.626
"GSE50081",FALSE,"protein_coding","random",979,"MFN2|PPIL6|NDUFA10|ZCRB1",4,0.809,0.637,1.028,0.0829,0.55,0.479,0.622
"GSE50081",FALSE,"protein_coding","random",980,"MYOD1|HSBP1|COPRS|CCDC103",4,0.995,0.786,1.259,0.967,0.505,0.43,0.579
"GSE50081",FALSE,"protein_coding","random",981,"ZNF671|ITPKA|FOSL2|SLC17A4",4,1.222,0.959,1.557,0.105,0.54,0.467,0.612
"GSE50081",FALSE,"protein_coding","random",982,"ZNF555|ZDHHC5|PPIL1|SMARCA2",4,0.934,0.733,1.191,0.583,0.491,0.42,0.561
"GSE50081",FALSE,"protein_coding","random",983,"OR12D2|WDFY2|SAMD8|ULK1",4,0.985,0.786,1.234,0.895,0.479,0.41,0.547
"GSE50081",FALSE,"protein_coding","random",984,"INHBE|DDO|S100PBP|CASP1",4,0.988,0.77,1.268,0.927,0.52,0.447,0.592
"GSE50081",FALSE,"protein_coding","random",985,"SPARC|SLC22A16|SFRP5|VPREB3",4,0.931,0.733,1.181,0.556,0.5,0.428,0.572
"GSE50081",FALSE,"protein_coding","random",986,"SERGEF|AMER1|ZNF780A|BTNL8",4,0.95,0.748,1.206,0.673,0.511,0.442,0.581
"GSE50081",FALSE,"protein_coding","random",987,"MSI1|PPIB|UBE2D4|STK17A",4,0.868,0.687,1.097,0.235,0.526,0.459,0.593
"GSE50081",FALSE,"protein_coding","random",988,"VEPH1|ME1|TMEM106C|HSFY1",4,0.83,0.641,1.073,0.155,0.544,0.473,0.615
"GSE50081",FALSE,"protein_coding","random",989,"FSTL5|CTC1|C17orf98|RANBP17",4,0.806,0.635,1.022,0.0752,0.566,0.499,0.633
"GSE50081",FALSE,"protein_coding","random",990,"RPL38|XPC|VN1R1|CFHR2",4,1.035,0.819,1.306,0.775,0.498,0.429,0.566
"GSE50081",FALSE,"protein_coding","random",991,"ADAM17|HMGA2|HCFC1R1|TLN2",4,1.065,0.842,1.345,0.6,0.524,0.453,0.596
"GSE50081",FALSE,"protein_coding","random",992,"REST|SMIM5|PLSCR2|MYO6",4,1.106,0.871,1.403,0.409,0.499,0.432,0.566
"GSE50081",FALSE,"protein_coding","random",993,"ITIH5|SAG|IL17F|PDCL2",4,0.865,0.682,1.097,0.232,0.547,0.476,0.618
"GSE50081",FALSE,"protein_coding","random",994,"LRRC47|LANCL2|BRD4|LONRF1",4,0.827,0.65,1.052,0.123,0.564,0.494,0.634
"GSE50081",FALSE,"protein_coding","random",995,"SNTG1|SMOX|SLC1A2|AKIRIN2",4,1.06,0.84,1.336,0.626,0.519,0.45,0.588
"GSE50081",FALSE,"protein_coding","random",996,"SLAMF1|SPATA21|ATL3|ADAM20",4,0.871,0.697,1.089,0.226,0.548,0.481,0.616
"GSE50081",FALSE,"protein_coding","random",997,"GATA5|JUNB|CAMK2D|PTCH1",4,0.696,0.538,0.9,0.00571,0.603,0.537,0.669
"GSE50081",FALSE,"protein_coding","random",998,"CCNB1IP1|FAM114A1|GDI2|DOHH",4,0.969,0.769,1.222,0.792,0.495,0.43,0.56
"GSE50081",FALSE,"protein_coding","random",999,"RNLS|ITGB6|N4BP1|ANKRD40",4,0.808,0.644,1.013,0.065,0.577,0.509,0.645
"GSE50081",FALSE,"protein_coding","random",1000,"YIPF3|RASSF8|MRPL35|PDGFRL",4,0.818,0.654,1.023,0.0781,0.574,0.504,0.644
"GSE50081",FALSE,"proliferation_matched","random",1,"MRPL11|PPP1R12B|SCD|SHE",4,1.117,0.887,1.406,0.349,0.567,0.496,0.637
"GSE50081",FALSE,"proliferation_matched","random",2,"HMCN1|MELK|CYCS|RAI2",4,0.856,0.684,1.071,0.173,0.558,0.487,0.628
"GSE50081",FALSE,"proliferation_matched","random",3,"UGGT1|MALRD1|MAD2L1|RALA",4,1.257,0.998,1.583,0.0521,0.564,0.496,0.633
"GSE50081",FALSE,"proliferation_matched","random",4,"LSM1|EEF2K|ANLN|PFDN2",4,1.072,0.85,1.352,0.558,0.512,0.441,0.583
"GSE50081",FALSE,"proliferation_matched","random",5,"CYP2B6|ARNTL2|TYMS|LYRM9",4,0.746,0.594,0.936,0.0115,0.58,0.512,0.647
"GSE50081",FALSE,"proliferation_matched","random",6,"ZNF362|SSRP1|RERG|CDCA8",4,1.026,0.813,1.295,0.827,0.508,0.435,0.58
"GSE50081",FALSE,"proliferation_matched","random",7,"BRIX1|LYRM9|CYB5R1|NCAPD2",4,0.849,0.673,1.07,0.166,0.542,0.473,0.611
"GSE50081",FALSE,"proliferation_matched","random",8,"COQ4|MR1|SMC6|DKC1",4,1.13,0.906,1.408,0.279,0.527,0.453,0.601
"GSE50081",FALSE,"proliferation_matched","random",9,"PKNOX2|CKAP2L|SMC4|TUBA1C",4,1.154,0.93,1.433,0.194,0.549,0.475,0.622
"GSE50081",FALSE,"proliferation_matched","random",10,"PEAK1|RERE|CTNNBL1|HOPX",4,0.932,0.739,1.175,0.551,0.534,0.462,0.605
"GSE50081",FALSE,"proliferation_matched","random",11,"DEPDC1|SNRPF|MELK|FARP2",4,1.115,0.897,1.385,0.326,0.534,0.465,0.603
"GSE50081",FALSE,"proliferation_matched","random",12,"SLC16A4|DGKZ|FKBP1A|GMNN",4,1.083,0.863,1.358,0.49,0.519,0.451,0.587
"GSE50081",FALSE,"proliferation_matched","random",13,"TCF21|PCDHB4|PLK4|DEPTOR",4,0.781,0.617,0.987,0.0385,0.57,0.498,0.641
"GSE50081",FALSE,"proliferation_matched","random",14,"PLAC9|RFC3|UBQLN1|SKA3",4,1.01,0.808,1.262,0.932,0.531,0.46,0.603
"GSE50081",FALSE,"proliferation_matched","random",15,"ZBED3|NFYC|ARHGAP11A|SLC6A8",4,0.972,0.778,1.214,0.804,0.509,0.443,0.575
"GSE50081",FALSE,"proliferation_matched","random",16,"FANCG|CALCOCO2|ATP1A2|SETBP1",4,0.748,0.587,0.952,0.0184,0.572,0.505,0.639
"GSE50081",FALSE,"proliferation_matched","random",17,"GPLD1|NEIL3|CCNA2|TOP2A",4,1.182,0.957,1.461,0.121,0.576,0.51,0.643
"GSE50081",FALSE,"proliferation_matched","random",18,"FANCB|PLAC9|LDB2|EIF5B",4,0.943,0.753,1.181,0.61,0.518,0.449,0.587
"GSE50081",FALSE,"proliferation_matched","random",19,"CHCHD3|GBP1|TSPAN4|FMO3",4,0.998,0.776,1.284,0.987,0.472,0.4,0.544
"GSE50081",FALSE,"proliferation_matched","random",20,"TNFSF12|TDO2|CCDC58|SUV39H2",4,1.042,0.831,1.306,0.723,0.507,0.437,0.577
"GSE50081",FALSE,"proliferation_matched","random",21,"UBE2T|CITED2|GATA5|ATP11B",4,0.811,0.636,1.035,0.0919,0.552,0.48,0.623
"GSE50081",FALSE,"proliferation_matched","random",22,"ESAM|SSRP1|ARTN|C7",4,0.882,0.707,1.101,0.268,0.509,0.438,0.58
"GSE50081",FALSE,"proliferation_matched","random",23,"CORO2B|RNASE1|PDE1A|SLC44A3",4,0.786,0.633,0.977,0.0297,0.577,0.514,0.64
"GSE50081",FALSE,"proliferation_matched","random",24,"CDC6|ZBED3|KCTD10|SCGB3A1",4,0.843,0.669,1.062,0.146,0.548,0.479,0.617
"GSE50081",FALSE,"proliferation_matched","random",25,"PSMC3IP|MPHOSPH10|AK4|SCN2B",4,1.096,0.886,1.356,0.398,0.518,0.447,0.589
"GSE50081",FALSE,"proliferation_matched","random",26,"SMOC2|NAPSA|ALDH6A1|FBL",4,0.712,0.58,0.873,0.0011,0.61,0.543,0.677
"GSE50081",FALSE,"proliferation_matched","random",27,"PAK1IP1|TUBB|EXO1|CORO2B",4,1.203,0.95,1.522,0.125,0.545,0.474,0.616
"GSE50081",FALSE,"proliferation_matched","random",28,"MAGI1|PTTG1|STARD9|EIF4EBP1",4,1.258,1.002,1.579,0.0478,0.561,0.494,0.627
"GSE50081",FALSE,"proliferation_matched","random",29,"ESPL1|UNC13B|TLE2|CCNA2",4,1.134,0.907,1.418,0.271,0.553,0.485,0.621
"GSE50081",FALSE,"proliferation_matched","random",30,"ALDH2|SLC16A4|MTFR2|HSPB7",4,0.788,0.632,0.983,0.0348,0.556,0.491,0.621
"GSE50081",FALSE,"proliferation_matched","random",31,"HMGB2|ASNS|CCNE2|KANK3",4,1.131,0.885,1.446,0.324,0.516,0.442,0.589
"GSE50081",FALSE,"proliferation_matched","random",32,"KLF2|UBE2I|FBLN5|CCNB2",4,0.704,0.563,0.88,0.0021,0.583,0.515,0.651
"GSE50081",FALSE,"proliferation_matched","random",33,"FXYD1|DISP1|STARD9|ZNF267",4,0.736,0.581,0.931,0.0106,0.582,0.516,0.648
"GSE50081",FALSE,"proliferation_matched","random",34,"SNRPG|CAPN3|HSD17B6|TLE2",4,0.745,0.581,0.955,0.0199,0.553,0.483,0.623
"GSE50081",FALSE,"proliferation_matched","random",35,"PBK|RAN|AUNIP|UBA6",4,1.175,0.943,1.463,0.151,0.576,0.508,0.643
"GSE50081",FALSE,"proliferation_matched","random",36,"EFTUD2|UBQLN1|MEF2C|ZNF763",4,0.928,0.739,1.166,0.523,0.528,0.463,0.594
"GSE50081",FALSE,"proliferation_matched","random",37,"PBK|CENPA|TP53BP1|SLC18A2",4,0.974,0.773,1.227,0.824,0.506,0.434,0.578
"GSE50081",FALSE,"proliferation_matched","random",38,"E2F2|RNASE4|FAM149A|R3HDM1",4,1.124,0.884,1.43,0.339,0.522,0.448,0.595
"GSE50081",FALSE,"proliferation_matched","random",39,"OIP5|PDSS1|GGH|FIP1L1",4,1.094,0.882,1.357,0.416,0.537,0.47,0.604
"GSE50081",FALSE,"proliferation_matched","random",40,"RERE|RFC4|CCND3|SCNN1B",4,0.876,0.697,1.101,0.257,0.551,0.486,0.617
"GSE50081",FALSE,"proliferation_matched","random",41,"SNRPN|UBE2C|MYBL2|FOSL1",4,1.386,1.102,1.743,0.00525,0.599,0.533,0.665
"GSE50081",FALSE,"proliferation_matched","random",42,"SLC44A4|LMOD1|PARVA|UBE2I",4,0.749,0.602,0.932,0.00963,0.593,0.53,0.657
"GSE50081",FALSE,"proliferation_matched","random",43,"PARL|DCUN1D3|POLQ|OIP5",4,1.097,0.891,1.352,0.384,0.559,0.488,0.63
"GSE50081",FALSE,"proliferation_matched","random",44,"AK4|SLFNL1|DGKZ|SPC24",4,1.182,0.947,1.474,0.139,0.536,0.467,0.605
"GSE50081",FALSE,"proliferation_matched","random",45,"SEC61G|AXIN2|RAD51|SORBS2",4,0.786,0.61,1.013,0.0632,0.54,0.466,0.613
"GSE50081",FALSE,"proliferation_matched","random",46,"ANG|NR3C2|AR|POLD1",4,0.762,0.609,0.952,0.0169,0.594,0.527,0.661
"GSE50081",FALSE,"proliferation_matched","random",47,"TMEM119|CPSF3|RGS20|SPC24",4,1.157,0.928,1.443,0.196,0.563,0.494,0.632
"GSE50081",FALSE,"proliferation_matched","random",48,"PEX11B|ZHX1-C8orf76|UBE2V2|MEOX2",4,0.845,0.672,1.063,0.15,0.538,0.466,0.61
"GSE50081",FALSE,"proliferation_matched","random",49,"MOB1A|PTGDS|TRIM8|CAPN8",4,0.785,0.63,0.978,0.0308,0.548,0.477,0.62
"GSE50081",FALSE,"proliferation_matched","random",50,"PIGR|CKS1B|SETBP1|LMNB1",4,0.825,0.651,1.046,0.113,0.534,0.462,0.606
"GSE50081",FALSE,"proliferation_matched","random",51,"UNG|CDC25C|SPC25|ARHGEF39",4,1.268,1.025,1.569,0.0285,0.593,0.527,0.659
"GSE50081",FALSE,"proliferation_matched","random",52,"RPAP3|DBF4B|MUC1|PMAIP1",4,1.176,0.943,1.465,0.15,0.55,0.48,0.62
"GSE50081",FALSE,"proliferation_matched","random",53,"UBQLN1|TRIM8|EIF5B|POLE",4,1.203,0.964,1.501,0.102,0.56,0.49,0.63
"GSE50081",FALSE,"proliferation_matched","random",54,"DAAM2|APLP2|NCAPG|CDCA4",4,1.003,0.793,1.269,0.979,0.499,0.43,0.567
"GSE50081",FALSE,"proliferation_matched","random",55,"LRR1|BIRC5|SRRT|HMCN1",4,1.136,0.913,1.415,0.253,0.542,0.468,0.616
"GSE50081",FALSE,"proliferation_matched","random",56,"SLC44A4|C21orf58|RRM1|FRY",4,0.937,0.744,1.181,0.582,0.512,0.444,0.58
"GSE50081",FALSE,"proliferation_matched","random",57,"MAML3|CASS4|TMEM130|UNG",4,0.843,0.66,1.075,0.168,0.526,0.46,0.592
"GSE50081",FALSE,"proliferation_matched","random",58,"POLD1|CPM|ALDH2|R3HDM1",4,0.989,0.778,1.256,0.926,0.491,0.419,0.563
"GSE50081",FALSE,"proliferation_matched","random",59,"PGC|TACC1|DCUN1D3|ARHGAP6",4,0.753,0.592,0.957,0.0205,0.591,0.526,0.656
"GSE50081",FALSE,"proliferation_matched","random",60,"UBXN7|DUS4L|RFC3|CYBRD1",4,1.021,0.817,1.276,0.856,0.508,0.434,0.582
"GSE50081",FALSE,"proliferation_matched","random",61,"DISP1|PIGR|CDO1|BOK",4,0.669,0.53,0.846,8e-04,0.613,0.55,0.677
"GSE50081",FALSE,"proliferation_matched","random",62,"EXOSC3|APOO|CARF|ALYREF",4,1.056,0.833,1.339,0.653,0.534,0.464,0.604
"GSE50081",FALSE,"proliferation_matched","random",63,"TCOF1|ALDH2|PUS1|CHAF1A",4,1.243,0.984,1.572,0.0684,0.579,0.511,0.646
"GSE50081",FALSE,"proliferation_matched","random",64,"CENPI|ATP1B2|ADAMTS8|COL4A4",4,0.825,0.659,1.034,0.0949,0.544,0.474,0.614
"GSE50081",FALSE,"proliferation_matched","random",65,"LDLRAD4|TRAIP|TNRC6C|PLK1",4,0.889,0.692,1.144,0.361,0.539,0.468,0.61
"GSE50081",FALSE,"proliferation_matched","random",66,"LTBP2|LZIC|TICRR|HELLS",4,1.118,0.891,1.402,0.335,0.531,0.46,0.603
"GSE50081",FALSE,"proliferation_matched","random",67,"CASS4|TMEM59|UBXN7|RUVBL2",4,1.061,0.849,1.325,0.603,0.515,0.442,0.588
"GSE50081",FALSE,"proliferation_matched","random",68,"DHX37|OSR1|OGN|ASF1B",4,0.878,0.697,1.107,0.27,0.526,0.454,0.599
"GSE50081",FALSE,"proliferation_matched","random",69,"NUDT1|KIF20A|CCL14|KPNA2",4,1.346,1.059,1.712,0.0153,0.598,0.527,0.669
"GSE50081",FALSE,"proliferation_matched","random",70,"SUMO4|CUL4A|ASPA|SCTR",4,0.887,0.697,1.13,0.332,0.543,0.471,0.614
"GSE50081",FALSE,"proliferation_matched","random",71,"CD207|CENPA|SCD|NFIX",4,1.029,0.824,1.284,0.803,0.512,0.442,0.581
"GSE50081",FALSE,"proliferation_matched","random",72,"CDCA5|SGCD|EVA1C|SLC41A1",4,0.757,0.603,0.95,0.0164,0.584,0.516,0.651
"GSE50081",FALSE,"proliferation_matched","random",73,"CCNA2|APOO|CDC25C|TEX30",4,1.244,1.008,1.535,0.0423,0.579,0.513,0.646
"GSE50081",FALSE,"proliferation_matched","random",74,"PMAIP1|PARD3B|UBE2C|HSPE1",4,1.177,0.94,1.474,0.155,0.572,0.507,0.636
"GSE50081",FALSE,"proliferation_matched","random",75,"AFF3|AIM2|GSPT1|TNS1",4,0.784,0.628,0.979,0.0318,0.577,0.513,0.641
"GSE50081",FALSE,"proliferation_matched","random",76,"THRA|RBMS3|PGAM5|CENPI",4,0.964,0.768,1.21,0.752,0.491,0.424,0.559
"GSE50081",FALSE,"proliferation_matched","random",77,"VRK2|CBX5|MGME1|ARMC8",4,1.084,0.871,1.35,0.47,0.539,0.466,0.612
"GSE50081",FALSE,"proliferation_matched","random",78,"SLC34A2|CAPN5|CAPN3|JDP2",4,0.831,0.671,1.03,0.0908,0.558,0.496,0.621
"GSE50081",FALSE,"proliferation_matched","random",79,"NR2F2|MUC1|C4orf46|KIF20B",4,1.057,0.829,1.348,0.656,0.529,0.45,0.607
"GSE50081",FALSE,"proliferation_matched","random",80,"ABCC6|MRGBP|TIMELESS|RCCD1",4,1.186,0.945,1.487,0.141,0.556,0.49,0.622
"GSE50081",FALSE,"proliferation_matched","random",81,"MALL|EIF4EBP2|NCAPH|CYTH3",4,0.785,0.624,0.989,0.0399,0.577,0.508,0.647
"GSE50081",FALSE,"proliferation_matched","random",82,"C6orf89|GBP1|CX3CR1|VRK2",4,0.994,0.782,1.263,0.958,0.51,0.439,0.581
"GSE50081",FALSE,"proliferation_matched","random",83,"ADCY1|CENPF|DGKZ|TMEM248",4,1.079,0.865,1.346,0.501,0.504,0.437,0.571
"GSE50081",FALSE,"proliferation_matched","random",84,"MAD2L1|DNMT1|SPRY4|ZNF367",4,1.146,0.913,1.438,0.239,0.532,0.462,0.601
"GSE50081",FALSE,"proliferation_matched","random",85,"RIPK2|NDN|FIGNL1|CENPJ",4,1.104,0.877,1.39,0.398,0.516,0.447,0.586
"GSE50081",FALSE,"proliferation_matched","random",86,"MGME1|CENPH|RAB10|TMOD1",4,1.045,0.83,1.314,0.71,0.53,0.457,0.603
"GSE50081",FALSE,"proliferation_matched","random",87,"PUS1|FANCG|MAGI2|SRRT",4,1.114,0.883,1.405,0.363,0.546,0.477,0.616
"GSE50081",FALSE,"proliferation_matched","random",88,"PBK|GPR19|LIX1L|CPQ",4,0.875,0.69,1.109,0.269,0.526,0.457,0.595
"GSE50081",FALSE,"proliferation_matched","random",89,"RAN|FBXO5|PHYHD1|NEDD1",4,1.015,0.807,1.277,0.901,0.519,0.45,0.588
"GSE50081",FALSE,"proliferation_matched","random",90,"EME1|RAD51|FRY|FAM120A",4,1.178,0.952,1.459,0.132,0.561,0.49,0.632
"GSE50081",FALSE,"proliferation_matched","random",91,"ZWILCH|HMMR|PGM5|ADAMTSL3",4,0.883,0.7,1.113,0.292,0.528,0.456,0.599
"GSE50081",FALSE,"proliferation_matched","random",92,"ZNF362|POC1A|PEAK1|ITGA9",4,0.823,0.651,1.041,0.104,0.559,0.49,0.628
"GSE50081",FALSE,"proliferation_matched","random",93,"PEAK1|OSR1|CLU|PDSS1",4,0.631,0.489,0.815,0.00041,0.613,0.547,0.68
"GSE50081",FALSE,"proliferation_matched","random",94,"RFC2|ESAM|ACOXL|MIS18A",4,0.812,0.637,1.036,0.0943,0.541,0.469,0.613
"GSE50081",FALSE,"proliferation_matched","random",95,"STEAP4|MPV17L|CDC7|DTL",4,1.054,0.84,1.322,0.65,0.5,0.424,0.575
"GSE50081",FALSE,"proliferation_matched","random",96,"CCL26|MAD2L1|SORBS2|TIMM8A",4,1.03,0.821,1.291,0.8,0.521,0.451,0.59
"GSE50081",FALSE,"proliferation_matched","random",97,"CEBPZ|MEOX2|POLR3G|THOP1",4,1.121,0.89,1.411,0.333,0.516,0.448,0.584
"GSE50081",FALSE,"proliferation_matched","random",98,"TCOF1|APOO|TUBB|MRGBP",4,1.275,1.035,1.572,0.0226,0.58,0.513,0.647
"GSE50081",FALSE,"proliferation_matched","random",99,"XPO5|CDC20|JDP2|TYMS",4,1.213,0.973,1.512,0.0859,0.572,0.504,0.64
"GSE50081",FALSE,"proliferation_matched","random",100,"C1orf198|TMEM98|C12orf73|TMPRSS2",4,0.756,0.605,0.944,0.0134,0.568,0.5,0.636
"GSE50081",FALSE,"proliferation_matched","random",101,"LY6G5C|ALDH6A1|HEYL|PTTG1",4,0.773,0.608,0.983,0.0354,0.556,0.482,0.629
"GSE50081",FALSE,"proliferation_matched","random",102,"PID1|HYI|KIFC1|STMN1",4,0.872,0.685,1.111,0.267,0.545,0.474,0.617
"GSE50081",FALSE,"proliferation_matched","random",103,"RANGAP1|RAD51AP1|STXBP1|LAMB2",4,0.922,0.734,1.158,0.484,0.513,0.445,0.581
"GSE50081",FALSE,"proliferation_matched","random",104,"OGN|NUDT3|RPL15|S1PR1",4,0.715,0.572,0.894,0.00323,0.618,0.552,0.684
"GSE50081",FALSE,"proliferation_matched","random",105,"FYCO1|EVA1C|TBX2|PGPEP1",4,0.767,0.618,0.951,0.0156,0.588,0.523,0.652
"GSE50081",FALSE,"proliferation_matched","random",106,"SOD2|TCOF1|DDX19B|BRCA1",4,1.3,1.047,1.616,0.0177,0.561,0.493,0.629
"GSE50081",FALSE,"proliferation_matched","random",107,"PFKFB4|PLSCR4|HMMR|CEP63",4,1.102,0.877,1.386,0.403,0.492,0.421,0.563
"GSE50081",FALSE,"proliferation_matched","random",108,"MCM7|RMI2|SYNPO|SKP1",4,1.069,0.842,1.357,0.583,0.513,0.442,0.583
"GSE50081",FALSE,"proliferation_matched","random",109,"DARS2|TCF21|RHNO1|ID4",4,0.81,0.641,1.023,0.0773,0.538,0.468,0.609
"GSE50081",FALSE,"proliferation_matched","random",110,"MSRA|ADH1B|HMCN1|TDRD10",4,0.74,0.592,0.925,0.0081,0.593,0.529,0.656
"GSE50081",FALSE,"proliferation_matched","random",111,"ORC6|TEX30|TMEM59|RHOBTB2",4,0.858,0.682,1.078,0.188,0.554,0.48,0.628
"GSE50081",FALSE,"proliferation_matched","random",112,"RPL11|CDCA3|DSCC1|CHCHD3",4,1.066,0.853,1.332,0.576,0.533,0.465,0.601
"GSE50081",FALSE,"proliferation_matched","random",113,"PTPRU|TOMM40|TOPBP1|RGCC",4,0.996,0.786,1.261,0.972,0.52,0.449,0.592
"GSE50081",FALSE,"proliferation_matched","random",114,"CD34|SCML2|MUSTN1|ELOVL6",4,0.85,0.673,1.073,0.173,0.552,0.482,0.622
"GSE50081",FALSE,"proliferation_matched","random",115,"HJURP|RFTN1|SMOC2|DAPK1",4,0.991,0.781,1.258,0.944,0.487,0.413,0.562
"GSE50081",FALSE,"proliferation_matched","random",116,"DDX39A|PUS1|DUSP22|PPM1G",4,1.149,0.912,1.446,0.239,0.561,0.494,0.628
"GSE50081",FALSE,"proliferation_matched","random",117,"PAK1IP1|PTH1R|KNTC1|GTF2IRD2",4,0.992,0.773,1.272,0.949,0.499,0.425,0.573
"GSE50081",FALSE,"proliferation_matched","random",118,"MAN1C1|GOLGA4|RRM2|PRPF19",4,1.073,0.856,1.346,0.539,0.541,0.471,0.611
"GSE50081",FALSE,"proliferation_matched","random",119,"SFTPB|LSG1|RBM28|UNC5C",4,1.036,0.828,1.297,0.756,0.529,0.463,0.595
"GSE50081",FALSE,"proliferation_matched","random",120,"GSPT1|C1orf116|ESCO2|CENPH",4,1.043,0.822,1.323,0.73,0.491,0.42,0.562
"GSE50081",FALSE,"proliferation_matched","random",121,"PDE1A|RMI2|LSM6|PRDM16",4,0.831,0.662,1.044,0.112,0.54,0.469,0.611
"GSE50081",FALSE,"proliferation_matched","random",122,"CENPM|CTNNBL1|POC1A|PIF1",4,1.301,1.047,1.617,0.0175,0.587,0.521,0.653
"GSE50081",FALSE,"proliferation_matched","random",123,"NOC4L|CAB39L|CYP4B1|SCN4B",4,0.68,0.531,0.871,0.00222,0.591,0.525,0.656
"GSE50081",FALSE,"proliferation_matched","random",124,"PDE5A|SCML2|HMGB2|NEDD9",4,0.852,0.68,1.068,0.165,0.538,0.464,0.612
"GSE50081",FALSE,"proliferation_matched","random",125,"TDRD10|STC1|GPD1L|KIF14",4,1.052,0.838,1.319,0.664,0.514,0.44,0.588
"GSE50081",FALSE,"proliferation_matched","random",126,"MTA2|ARMCX5-GPRASP2|ARHGEF39|MAD2L1",4,1.106,0.891,1.372,0.36,0.552,0.484,0.62
"GSE50081",FALSE,"proliferation_matched","random",127,"CHAF1A|EEF1A1|SHE|SVEP1",4,0.689,0.546,0.869,0.00163,0.598,0.534,0.662
"GSE50081",FALSE,"proliferation_matched","random",128,"TUBB|ITIH5|CDC7|CD207",4,1.06,0.845,1.329,0.615,0.504,0.432,0.576
"GSE50081",FALSE,"proliferation_matched","random",129,"SHMT2|XPO5|UBR2|FBLN5",4,0.981,0.776,1.24,0.873,0.478,0.401,0.556
"GSE50081",FALSE,"proliferation_matched","random",130,"CTSH|EXOSC8|RALA|MYOCD",4,0.804,0.648,0.997,0.0473,0.575,0.505,0.645
"GSE50081",FALSE,"proliferation_matched","random",131,"DOK4|TTK|PEAK1|METTL7A",4,0.775,0.616,0.976,0.0301,0.571,0.5,0.642
"GSE50081",FALSE,"proliferation_matched","random",132,"LSM5|TSC22D3|CALCOCO1|FAM72A",4,0.953,0.734,1.237,0.718,0.49,0.415,0.565
"GSE50081",FALSE,"proliferation_matched","random",133,"TACC1|RBMS2|NFASC|ATR",4,0.76,0.602,0.959,0.0208,0.582,0.516,0.649
"GSE50081",FALSE,"proliferation_matched","random",134,"DHX37|PENK|CENPJ|RAD54B",4,1.116,0.889,1.4,0.346,0.521,0.453,0.589
"GSE50081",FALSE,"proliferation_matched","random",135,"PGAM5|TMEM163|ZWINT|E2F8",4,1.155,0.924,1.444,0.207,0.564,0.499,0.629
"GSE50081",FALSE,"proliferation_matched","random",136,"TNNC1|TUBA1B|TMEM63A|HMGA1",4,1.197,0.953,1.503,0.122,0.569,0.496,0.643
"GSE50081",FALSE,"proliferation_matched","random",137,"MCMBP|PSRC1|UNC5C|PDE1A",4,0.935,0.729,1.2,0.599,0.507,0.433,0.58
"GSE50081",FALSE,"proliferation_matched","random",138,"RBMS3|MGP|TK2|HSPB7",4,0.796,0.637,0.995,0.0455,0.581,0.515,0.646
"GSE50081",FALSE,"proliferation_matched","random",139,"MAN1C1|CLU|PLAC9|NPR1",4,0.669,0.534,0.837,0.000461,0.602,0.534,0.67
"GSE50081",FALSE,"proliferation_matched","random",140,"C5orf34|ACP1|CENPO|PDE5A",4,1.055,0.849,1.31,0.629,0.536,0.464,0.608
"GSE50081",FALSE,"proliferation_matched","random",141,"RAB10|CYB5R1|COL4A4|KIF20B",4,1.009,0.786,1.294,0.947,0.493,0.421,0.565
"GSE50081",FALSE,"proliferation_matched","random",142,"ADCY9|FAM189A2|ACOT7|CKMT2",4,0.791,0.623,1.003,0.0533,0.564,0.497,0.63
"GSE50081",FALSE,"proliferation_matched","random",143,"CDT1|ACOXL|ATP1A2|PRR11",4,1.041,0.816,1.327,0.747,0.523,0.452,0.593
"GSE50081",FALSE,"proliferation_matched","random",144,"CKS2|CCDC34|MYOZ3|LYRM9",4,0.994,0.785,1.258,0.96,0.521,0.451,0.59
"GSE50081",FALSE,"proliferation_matched","random",145,"MCM6|EXOSC3|CRYM|TMEM63A",4,1.038,0.825,1.307,0.748,0.525,0.459,0.591
"GSE50081",FALSE,"proliferation_matched","random",146,"ITGA10|NFIX|ZHX1-C8orf76|SELENBP1",4,0.664,0.517,0.854,0.0014,0.605,0.541,0.669
"GSE50081",FALSE,"proliferation_matched","random",147,"NUSAP1|SCTR|PCYT1A|RPS6KA2",4,0.92,0.723,1.171,0.498,0.513,0.443,0.582
"GSE50081",FALSE,"proliferation_matched","random",148,"RCAN2|CCNF|FAT4|GOLGA4",4,0.789,0.625,0.995,0.0457,0.592,0.522,0.662
"GSE50081",FALSE,"proliferation_matched","random",149,"ORC6|FAM136A|PSRC1|FOXF1",4,1.112,0.903,1.37,0.317,0.567,0.5,0.634
"GSE50081",FALSE,"proliferation_matched","random",150,"CACNA1C|CENPF|CD302|AUNIP",4,1.187,0.942,1.496,0.146,0.531,0.461,0.602
"GSE50081",FALSE,"proliferation_matched","random",151,"PIGR|SPRY1|PTPRM|FAM210A",4,0.679,0.538,0.855,0.00103,0.597,0.529,0.666
"GSE50081",FALSE,"proliferation_matched","random",152,"SSRP1|C9orf40|KIF18A|NOC4L",4,1.292,1.042,1.6,0.0193,0.586,0.522,0.649
"GSE50081",FALSE,"proliferation_matched","random",153,"KLHL7|ELOVL6|KLF15|RAF1",4,0.91,0.732,1.131,0.394,0.529,0.461,0.597
"GSE50081",FALSE,"proliferation_matched","random",154,"PARD3B|MFAP4|ADAMTSL3|CELF2",4,0.725,0.579,0.908,0.00515,0.596,0.53,0.662
"GSE50081",FALSE,"proliferation_matched","random",155,"TMEM38B|DBF4B|NOP2|PIGX",4,1.121,0.908,1.384,0.289,0.569,0.502,0.636
"GSE50081",FALSE,"proliferation_matched","random",156,"CDCA8|EIF2B5|CASS4|MRPL11",4,1.153,0.93,1.43,0.195,0.558,0.492,0.625
"GSE50081",FALSE,"proliferation_matched","random",157,"FIP1L1|FAM174B|FAM83D|TBX5",4,0.821,0.652,1.035,0.0954,0.562,0.494,0.63
"GSE50081",FALSE,"proliferation_matched","random",158,"TMEM155|DES|PGAM1|ISY1",4,0.844,0.671,1.062,0.148,0.549,0.478,0.62
"GSE50081",FALSE,"proliferation_matched","random",159,"SYT15|PNPT1|TIMM10B|CST3",4,0.727,0.583,0.907,0.00468,0.588,0.523,0.652
"GSE50081",FALSE,"proliferation_matched","random",160,"TMEM38B|GAS6|WDR53|UBTD1",4,0.827,0.655,1.043,0.109,0.547,0.475,0.62
"GSE50081",FALSE,"proliferation_matched","random",161,"MZT2A|SNRPG|DDX19B|CD302",4,0.833,0.662,1.048,0.119,0.543,0.477,0.61
"GSE50081",FALSE,"proliferation_matched","random",162,"RCCD1|KIF20A|S1PR1|UNC5C",4,1.015,0.8,1.287,0.904,0.505,0.431,0.578
"GSE50081",FALSE,"proliferation_matched","random",163,"C16orf89|PPP1R12B|CACNA2D2|KPNA4",4,0.858,0.69,1.067,0.169,0.556,0.494,0.619
"GSE50081",FALSE,"proliferation_matched","random",164,"SLIT2|NME1|CYB5R1|CDC25A",4,0.909,0.714,1.157,0.44,0.501,0.426,0.577
"GSE50081",FALSE,"proliferation_matched","random",165,"TRIM59|KNTC1|RAB10|SEC61G",4,1.19,0.956,1.482,0.119,0.565,0.495,0.634
"GSE50081",FALSE,"proliferation_matched","random",166,"HMCN1|HPRT1|PSMC3IP|ADARB1",4,0.899,0.717,1.128,0.357,0.539,0.465,0.613
"GSE50081",FALSE,"proliferation_matched","random",167,"IL1RAP|PFDN2|PKNOX2|RAD54L",4,1.104,0.897,1.359,0.349,0.543,0.471,0.614
"GSE50081",FALSE,"proliferation_matched","random",168,"ABRACL|GINS2|HPRT1|INVS",4,1.161,0.931,1.448,0.185,0.565,0.497,0.634
"GSE50081",FALSE,"proliferation_matched","random",169,"SNX5|CENPK|EFCAB3|SLC44A3",4,1.206,0.974,1.492,0.0852,0.56,0.495,0.626
"GSE50081",FALSE,"proliferation_matched","random",170,"TTL|LSM5|MEOX2|CPQ",4,0.827,0.66,1.036,0.0983,0.572,0.5,0.643
"GSE50081",FALSE,"proliferation_matched","random",171,"RPA3|HPRT1|TNS1|HELLS",4,1.14,0.894,1.454,0.292,0.551,0.48,0.622
"GSE50081",FALSE,"proliferation_matched","random",172,"WDR5|NANOG|TOMM5|TUBB",4,1.117,0.896,1.393,0.324,0.563,0.491,0.636
"GSE50081",FALSE,"proliferation_matched","random",173,"ABCC6|SUSD2|UCHL3|SLC6A8",4,0.736,0.593,0.913,0.00539,0.609,0.55,0.669
"GSE50081",FALSE,"proliferation_matched","random",174,"TFRC|EPDR1|CHEK2|JDP2",4,0.922,0.736,1.155,0.478,0.52,0.45,0.591
"GSE50081",FALSE,"proliferation_matched","random",175,"COQ4|GPRC5C|MCM3|VRK2",4,0.987,0.787,1.239,0.913,0.499,0.429,0.57
"GSE50081",FALSE,"proliferation_matched","random",176,"HMCN1|UGGT1|UBE2S|ERG",4,0.933,0.736,1.182,0.564,0.524,0.453,0.596
"GSE50081",FALSE,"proliferation_matched","random",177,"MCM7|XPO5|PRKCE|BOK",4,0.93,0.731,1.182,0.552,0.515,0.442,0.588
"GSE50081",FALSE,"proliferation_matched","random",178,"EZH2|GLOD5|GINS4|TOP2A",4,1.49,1.173,1.893,0.0011,0.605,0.54,0.671
"GSE50081",FALSE,"proliferation_matched","random",179,"RIN2|UNC13B|PARL|COL4A4",4,0.84,0.68,1.038,0.106,0.54,0.469,0.611
"GSE50081",FALSE,"proliferation_matched","random",180,"MICAL2|LTBP4|RBM5|PBXIP1",4,0.963,0.778,1.193,0.732,0.528,0.459,0.598
"GSE50081",FALSE,"proliferation_matched","random",181,"SVEP1|PSMC3IP|DSN1|CENPM",4,1.122,0.895,1.405,0.319,0.523,0.452,0.595
"GSE50081",FALSE,"proliferation_matched","random",182,"PARVA|MRPL12|CD302|CTNNBL1",4,1.091,0.865,1.376,0.461,0.535,0.465,0.605
"GSE50081",FALSE,"proliferation_matched","random",183,"VRK1|PRC1|C1orf198|CASQ2",4,1.021,0.817,1.276,0.854,0.525,0.456,0.594
"GSE50081",FALSE,"proliferation_matched","random",184,"MYH11|IFNG|SPDL1|CDKN3",4,1.261,1.022,1.555,0.0305,0.577,0.503,0.652
"GSE50081",FALSE,"proliferation_matched","random",185,"RBMS2|PATL1|BICD1|PKMYT1",4,1.209,0.965,1.514,0.0985,0.567,0.495,0.638
"GSE50081",FALSE,"proliferation_matched","random",186,"RSRC2|UBE2C|UNG|DSN1",4,1.298,1.048,1.608,0.0168,0.594,0.53,0.658
"GSE50081",FALSE,"proliferation_matched","random",187,"OGN|TMEM63A|SAR1A|DSN1",4,1.041,0.836,1.295,0.722,0.526,0.46,0.593
"GSE50081",FALSE,"proliferation_matched","random",188,"LYAR|TMEM98|NCAPH|FSTL1",4,0.907,0.724,1.137,0.398,0.516,0.445,0.587
"GSE50081",FALSE,"proliferation_matched","random",189,"BRCA2|TEAD4|PEAK1|FYCO1",4,1.068,0.831,1.371,0.608,0.519,0.444,0.594
"GSE50081",FALSE,"proliferation_matched","random",190,"LDHA|UNC13B|CACNA1C|TYMS",4,0.953,0.76,1.196,0.678,0.478,0.409,0.547
"GSE50081",FALSE,"proliferation_matched","random",191,"RSPO2|STEAP4|UCHL3|FIGNL1",4,0.767,0.612,0.962,0.0217,0.605,0.533,0.677
"GSE50081",FALSE,"proliferation_matched","random",192,"BLM|ZHX1-C8orf76|LY6G5C|NDUFA12",4,1.034,0.822,1.302,0.774,0.533,0.465,0.601
"GSE50081",FALSE,"proliferation_matched","random",193,"SNRPA|TEAD4|SKP1|KPNA4",4,1.287,1.026,1.615,0.0291,0.583,0.515,0.651
"GSE50081",FALSE,"proliferation_matched","random",194,"KIF2C|SPATA6L|PSMD2|SAMD11",4,1.023,0.819,1.277,0.844,0.509,0.437,0.582
"GSE50081",FALSE,"proliferation_matched","random",195,"RAI2|NUDT3|GLRX2|CKAP5",4,0.83,0.661,1.041,0.107,0.547,0.473,0.62
"GSE50081",FALSE,"proliferation_matched","random",196,"GPRASP1|TMEM43|SPC24|SPRY1",4,0.852,0.679,1.07,0.168,0.558,0.49,0.627
"GSE50081",FALSE,"proliferation_matched","random",197,"UNG|CCDC34|LIN9|EEF1A1",4,1.04,0.826,1.309,0.738,0.503,0.432,0.574
"GSE50081",FALSE,"proliferation_matched","random",198,"PGAM5|DLGAP5|CCDC88A|KIF20B",4,1.29,1.056,1.575,0.0125,0.594,0.527,0.661
"GSE50081",FALSE,"proliferation_matched","random",199,"C9orf40|NALCN|C21orf58|DCTN5",4,1.117,0.893,1.399,0.332,0.528,0.459,0.598
"GSE50081",FALSE,"proliferation_matched","random",200,"RHOBTB2|CDCA8|FNIP2|MAP6",4,0.904,0.719,1.136,0.385,0.537,0.466,0.609
"GSE50081",FALSE,"proliferation_matched","random",201,"SSRP1|PPP2R1B|MRPL42|GOLGA4",4,1.164,0.926,1.464,0.193,0.556,0.486,0.626
"GSE50081",FALSE,"proliferation_matched","random",202,"FXR1|RNASE1|NMT1|CDCA8",4,1.16,0.922,1.461,0.205,0.544,0.474,0.613
"GSE50081",FALSE,"proliferation_matched","random",203,"TRIM8|LTC4S|DONSON|NDE1",4,0.876,0.692,1.109,0.271,0.499,0.424,0.574
"GSE50081",FALSE,"proliferation_matched","random",204,"RFC2|APOL2|DNAJC9|ESCO2",4,1.249,0.991,1.575,0.0601,0.574,0.505,0.642
"GSE50081",FALSE,"proliferation_matched","random",205,"E2F8|DNAJC9|ADAMTSL2|NDUFA9",4,1.087,0.881,1.34,0.437,0.563,0.498,0.627
"GSE50081",FALSE,"proliferation_matched","random",206,"P4HTM|SKP1|C9orf152|PAWR",4,0.836,0.671,1.042,0.111,0.555,0.489,0.62
"GSE50081",FALSE,"proliferation_matched","random",207,"ZNF326|CTSH|HGF|C18orf54",4,1.027,0.816,1.292,0.821,0.485,0.412,0.558
"GSE50081",FALSE,"proliferation_matched","random",208,"RBM28|TSC22D3|LRR1|GINS3",4,1.07,0.847,1.351,0.571,0.521,0.447,0.595
"GSE50081",FALSE,"proliferation_matched","random",209,"CENPH|SNED1|SLC41A1|PARL",4,0.832,0.651,1.063,0.142,0.534,0.463,0.605
"GSE50081",FALSE,"proliferation_matched","random",210,"FEN1|ASAP3|SSX2IP|RUVBL1",4,1.145,0.912,1.437,0.245,0.537,0.468,0.607
"GSE50081",FALSE,"proliferation_matched","random",211,"LSM6|SCNN1B|UBQLN1|NUP155",4,0.995,0.8,1.237,0.962,0.501,0.434,0.568
"GSE50081",FALSE,"proliferation_matched","random",212,"MTFR2|NPR1|KIF20B|CPOX",4,1.089,0.861,1.378,0.476,0.523,0.453,0.594
"GSE50081",FALSE,"proliferation_matched","random",213,"SORBS2|WDR76|NEDD1|SLC41A1",4,0.814,0.633,1.047,0.11,0.56,0.491,0.629
"GSE50081",FALSE,"proliferation_matched","random",214,"SUMO4|HIP1|ROBO2|MFN1",4,0.795,0.643,0.984,0.0352,0.597,0.526,0.668
"GSE50081",FALSE,"proliferation_matched","random",215,"NUF2|TDP1|SLC41A1|MFN1",4,1.048,0.828,1.325,0.698,0.495,0.424,0.565
"GSE50081",FALSE,"proliferation_matched","random",216,"COL7A1|RGCC|SCNN1B|ARHGAP11B",4,1.022,0.809,1.292,0.855,0.491,0.42,0.562
"GSE50081",FALSE,"proliferation_matched","random",217,"CAPN5|MCM7|TUBA1C|EFCC1",4,1.043,0.823,1.321,0.73,0.506,0.434,0.579
"GSE50081",FALSE,"proliferation_matched","random",218,"COL14A1|KIF14|CXCL10|PENK",4,1.123,0.896,1.408,0.315,0.54,0.472,0.608
"GSE50081",FALSE,"proliferation_matched","random",219,"MAGOHB|CSTF2|PLSCR4|CYS1",4,0.82,0.652,1.033,0.0922,0.531,0.461,0.602
"GSE50081",FALSE,"proliferation_matched","random",220,"DEK|DNM3|C1QTNF7|NDN",4,0.715,0.564,0.907,0.00574,0.606,0.538,0.673
"GSE50081",FALSE,"proliferation_matched","random",221,"SRRT|RSRC1|PLEKHM3|SERP2",4,0.948,0.739,1.217,0.676,0.532,0.462,0.603
"GSE50081",FALSE,"proliferation_matched","random",222,"TFRC|MOB1A|HIGD1B|PCNA",4,0.938,0.742,1.185,0.59,0.49,0.415,0.565
"GSE50081",FALSE,"proliferation_matched","random",223,"PATL1|CEP152|RAD51|EIF5B",4,1.356,1.093,1.682,0.00564,0.59,0.523,0.657
"GSE50081",FALSE,"proliferation_matched","random",224,"LY6G5C|HMGA1|TAL1|SUV39H2",4,0.849,0.667,1.08,0.183,0.54,0.469,0.61
"GSE50081",FALSE,"proliferation_matched","random",225,"EVA1C|PIGX|KIF11|SMC3",4,1.002,0.798,1.258,0.987,0.494,0.42,0.569
"GSE50081",FALSE,"proliferation_matched","random",226,"GINS3|GINS1|DLC1|LIG1",4,1.213,0.967,1.522,0.095,0.562,0.494,0.631
"GSE50081",FALSE,"proliferation_matched","random",227,"KIF13B|RHOBTB2|CDCA5|RBM28",4,1.118,0.891,1.402,0.337,0.562,0.492,0.631
"GSE50081",FALSE,"proliferation_matched","random",228,"RERE|DDIAS|C16orf89|DKK3",4,0.673,0.526,0.861,0.00165,0.613,0.546,0.68
"GSE50081",FALSE,"proliferation_matched","random",229,"PMAIP1|MRPL3|SOD2|SKA1",4,1.278,1.015,1.608,0.0369,0.571,0.507,0.635
"GSE50081",FALSE,"proliferation_matched","random",230,"KLF15|TUBA3C|SPRY1|KIF23",4,0.794,0.617,1.023,0.0747,0.539,0.466,0.613
"GSE50081",FALSE,"proliferation_matched","random",231,"PUS1|PPM1G|SELENBP1|HGF",4,1.052,0.827,1.339,0.678,0.535,0.467,0.604
"GSE50081",FALSE,"proliferation_matched","random",232,"TMED10|SKP2|SAPCD2|TNRC6C",4,1.054,0.84,1.324,0.648,0.533,0.458,0.607
"GSE50081",FALSE,"proliferation_matched","random",233,"C1orf112|NTRK3|DIAPH3|SCN4B",4,0.882,0.692,1.124,0.309,0.538,0.466,0.609
"GSE50081",FALSE,"proliferation_matched","random",234,"NEDD1|PHACTR1|LDLRAD4|HGF",4,0.874,0.696,1.096,0.243,0.545,0.477,0.613
"GSE50081",FALSE,"proliferation_matched","random",235,"GSTM5|C9orf40|FOXA2|FYCO1",4,0.811,0.65,1.012,0.064,0.564,0.496,0.632
"GSE50081",FALSE,"proliferation_matched","random",236,"FBL|CSTF2|R3HDM1|PPAN",4,1.105,0.891,1.369,0.364,0.547,0.481,0.614
"GSE50081",FALSE,"proliferation_matched","random",237,"BUB1|CSDC2|C9orf40|BOP1",4,1.279,1.017,1.609,0.0357,0.579,0.513,0.644
"GSE50081",FALSE,"proliferation_matched","random",238,"LZIC|KLHL7|ADAMTSL3|HGF",4,0.934,0.739,1.181,0.569,0.503,0.429,0.577
"GSE50081",FALSE,"proliferation_matched","random",239,"ISY1|PLSCR4|KLHDC7A|PCYT1A",4,0.889,0.697,1.134,0.344,0.532,0.46,0.604
"GSE50081",FALSE,"proliferation_matched","random",240,"CYP4B1|UBTD1|TGFBR2|ACOT7",4,0.75,0.592,0.95,0.0169,0.577,0.506,0.647
"GSE50081",FALSE,"proliferation_matched","random",241,"MYOCD|ACTL6A|BOK|PIGR",4,0.588,0.46,0.751,2.14e-05,0.657,0.6,0.715
"GSE50081",FALSE,"proliferation_matched","random",242,"LIX1L|GTF2IRD2|CLSPN|CPAMD8",4,0.82,0.654,1.029,0.0862,0.559,0.494,0.624
"GSE50081",FALSE,"proliferation_matched","random",243,"NFYC|LAMB2|ABCC6|PLK1",4,0.883,0.704,1.109,0.284,0.527,0.455,0.6
"GSE50081",FALSE,"proliferation_matched","random",244,"FOXA2|FAM189A2|SSRP1|ARTN",4,0.932,0.74,1.174,0.549,0.522,0.453,0.59
"GSE50081",FALSE,"proliferation_matched","random",245,"SCN7A|TMEM248|PGAM5|TUBB",4,0.83,0.647,1.065,0.143,0.53,0.458,0.602
"GSE50081",FALSE,"proliferation_matched","random",246,"NUP155|SNED1|ACP1|SCN2B",4,0.857,0.681,1.079,0.189,0.54,0.468,0.612
"GSE50081",FALSE,"proliferation_matched","random",247,"PGAM5|KIF2C|DCUN1D3|PLOD2",4,1.213,0.983,1.497,0.0718,0.556,0.489,0.624
"GSE50081",FALSE,"proliferation_matched","random",248,"SETBP1|CDC25C|NCAPD3|KANK3",4,0.851,0.658,1.1,0.218,0.531,0.454,0.608
"GSE50081",FALSE,"proliferation_matched","random",249,"CCDC88A|LIN9|GPR19|MASTL",4,1.209,0.973,1.503,0.0871,0.551,0.482,0.62
"GSE50081",FALSE,"proliferation_matched","random",250,"RMI2|CST3|MTFP1|UNC5C",4,1.038,0.812,1.327,0.767,0.514,0.439,0.589
"GSE50081",FALSE,"proliferation_matched","random",251,"LDHA|PDLIM2|PMAIP1|SLIT2",4,1.005,0.787,1.284,0.967,0.513,0.442,0.584
"GSE50081",FALSE,"proliferation_matched","random",252,"DNAH10|FCER1A|FNIP2|ATP1A2",4,0.75,0.589,0.956,0.02,0.587,0.521,0.653
"GSE50081",FALSE,"proliferation_matched","random",253,"FANCB|ITGBL1|PCNA|DMRTC1",4,0.917,0.722,1.166,0.48,0.532,0.461,0.602
"GSE50081",FALSE,"proliferation_matched","random",254,"ACOXL|MCAM|MYOZ3|C7",4,0.72,0.56,0.925,0.0103,0.59,0.525,0.655
"GSE50081",FALSE,"proliferation_matched","random",255,"UBQLN1|PDLIM2|EIF2B5|CHAF1A",4,1.113,0.905,1.368,0.31,0.568,0.5,0.636
"GSE50081",FALSE,"proliferation_matched","random",256,"LTBP3|MRPL21|PTGDS|ABCC6",4,0.881,0.697,1.112,0.286,0.536,0.466,0.606
"GSE50081",FALSE,"proliferation_matched","random",257,"KIF20A|MRPL3|NBEAL1|NUP37",4,1.183,0.927,1.51,0.176,0.569,0.504,0.634
"GSE50081",FALSE,"proliferation_matched","random",258,"PTGDS|NBEAL1|FANCD2|SPON1",4,0.923,0.733,1.162,0.496,0.517,0.445,0.588
"GSE50081",FALSE,"proliferation_matched","random",259,"HSPB7|UBE2S|UGGT1|MRPL42",4,1.128,0.9,1.415,0.295,0.546,0.477,0.615
"GSE50081",FALSE,"proliferation_matched","random",260,"ALDH6A1|MRPL12|RANBP1|PEAR1",4,0.887,0.701,1.121,0.314,0.518,0.449,0.587
"GSE50081",FALSE,"proliferation_matched","random",261,"FMO2|KANK3|ESCO2|CRYM",4,0.812,0.65,1.015,0.0678,0.556,0.488,0.625
"GSE50081",FALSE,"proliferation_matched","random",262,"SMC3|THOP1|KIF23|C12orf45",4,1.247,1.008,1.541,0.0416,0.581,0.515,0.646
"GSE50081",FALSE,"proliferation_matched","random",263,"CARF|C21orf58|NOC4L|CTSH",4,1.124,0.894,1.412,0.317,0.524,0.451,0.597
"GSE50081",FALSE,"proliferation_matched","random",264,"RHNO1|CYBRD1|GARNL3|RAD51",4,0.845,0.656,1.09,0.195,0.527,0.451,0.602
"GSE50081",FALSE,"proliferation_matched","random",265,"RERE|C1orf112|MTIF2|PLAC9",4,0.783,0.618,0.994,0.0442,0.569,0.498,0.641
"GSE50081",FALSE,"proliferation_matched","random",266,"TROAP|TACC1|PLAC9|KCNQ1",4,0.814,0.651,1.017,0.0704,0.553,0.486,0.62
"GSE50081",FALSE,"proliferation_matched","random",267,"KIF18A|TCF21|SAR1A|ECT2",4,1.121,0.915,1.373,0.271,0.559,0.489,0.63
"GSE50081",FALSE,"proliferation_matched","random",268,"UHRF1|CDC6|VWA5A|DEPDC1",4,1.292,1.039,1.607,0.0212,0.586,0.519,0.652
"GSE50081",FALSE,"proliferation_matched","random",269,"ASF1B|ANXA11|SPON1|TOPBP1",4,1.018,0.798,1.299,0.887,0.495,0.422,0.567
"GSE50081",FALSE,"proliferation_matched","random",270,"DNM3|TBC1D31|RRM1|IL6R",4,0.784,0.623,0.987,0.038,0.586,0.521,0.651
"GSE50081",FALSE,"proliferation_matched","random",271,"TNPO3|LRR1|AUNIP|RMI2",4,1.337,1.074,1.664,0.00939,0.603,0.535,0.67
"GSE50081",FALSE,"proliferation_matched","random",272,"MCMBP|CSDC2|LZIC|LRR1",4,1.041,0.821,1.322,0.738,0.509,0.438,0.58
"GSE50081",FALSE,"proliferation_matched","random",273,"ECE2|CENPO|RSRC1|TMOD1",4,1.119,0.89,1.406,0.337,0.541,0.468,0.614
"GSE50081",FALSE,"proliferation_matched","random",274,"PBXIP1|NAP1L3|NDUFA9|SLC2A1",4,0.838,0.661,1.063,0.146,0.547,0.474,0.62
"GSE50081",FALSE,"proliferation_matched","random",275,"UBE2I|LPL|TEX30|NFIX",4,0.763,0.611,0.952,0.0169,0.607,0.541,0.673
"GSE50081",FALSE,"proliferation_matched","random",276,"MAD2L1|CLSPN|KPNA4|DIXDC1",4,1.176,0.944,1.466,0.149,0.545,0.476,0.614
"GSE50081",FALSE,"proliferation_matched","random",277,"PAK1IP1|CEP55|CDCA8|PARP2",4,1.225,0.98,1.531,0.0744,0.555,0.485,0.625
"GSE50081",FALSE,"proliferation_matched","random",278,"PRDM16|NISCH|ADAMTSL3|PLXNA2",4,0.755,0.599,0.952,0.0175,0.574,0.511,0.638
"GSE50081",FALSE,"proliferation_matched","random",279,"NIFK|ATP13A3|NEDD1|PRKCE",4,0.995,0.794,1.248,0.968,0.511,0.437,0.585
"GSE50081",FALSE,"proliferation_matched","random",280,"CFD|TNFSF12|TPX2|KBTBD11",4,1.066,0.843,1.348,0.593,0.536,0.466,0.606
"GSE50081",FALSE,"proliferation_matched","random",281,"PKMYT1|GARNL3|ASNS|CCNF",4,1.242,0.988,1.56,0.063,0.568,0.497,0.639
"GSE50081",FALSE,"proliferation_matched","random",282,"SLC6A8|AUNIP|TUBG1|DIXDC1",4,1.126,0.902,1.406,0.296,0.545,0.479,0.612
"GSE50081",FALSE,"proliferation_matched","random",283,"CAPN8|PDLIM2|DARS2|PFDN4",4,0.921,0.74,1.147,0.464,0.505,0.435,0.575
"GSE50081",FALSE,"proliferation_matched","random",284,"SLC18A2|DACT3|PIF1|ARL6IP6",4,0.858,0.682,1.08,0.192,0.541,0.471,0.611
"GSE50081",FALSE,"proliferation_matched","random",285,"GPD1L|CACNA2D2|RANBP1|TOP2A",4,0.999,0.791,1.263,0.996,0.498,0.428,0.568
"GSE50081",FALSE,"proliferation_matched","random",286,"ACTL6A|CTNNBL1|PRDM16|SLC16A4",4,0.884,0.699,1.117,0.301,0.554,0.486,0.622
"GSE50081",FALSE,"proliferation_matched","random",287,"TEAD4|SYT15|AR|WDHD1",4,0.99,0.777,1.262,0.936,0.478,0.403,0.552
"GSE50081",FALSE,"proliferation_matched","random",288,"CTDSPL|ST6GALNAC6|LAMA2|SPRY4",4,0.729,0.577,0.921,0.00797,0.6,0.531,0.668
"GSE50081",FALSE,"proliferation_matched","random",289,"UBQLN1|PLOD2|CMC2|PKMYT1",4,1.231,0.988,1.533,0.0637,0.567,0.501,0.633
"GSE50081",FALSE,"proliferation_matched","random",290,"ST6GALNAC6|KCNQ1|MTCH2|WDR53",4,0.853,0.673,1.081,0.188,0.53,0.46,0.6
"GSE50081",FALSE,"proliferation_matched","random",291,"RAD18|XRCC3|CABLES1|PBK",4,1.116,0.896,1.39,0.326,0.546,0.481,0.611
"GSE50081",FALSE,"proliferation_matched","random",292,"RNASEH2A|ABCC6|ACOXL|OIP5",4,0.899,0.709,1.14,0.38,0.523,0.457,0.589
"GSE50081",FALSE,"proliferation_matched","random",293,"SSRP1|RANBP1|CDCA8|NINJ2",4,1.186,0.944,1.49,0.142,0.563,0.496,0.63
"GSE50081",FALSE,"proliferation_matched","random",294,"FAM72A|DHX37|ADCY9|SCARA5",4,0.871,0.697,1.088,0.224,0.541,0.473,0.609
"GSE50081",FALSE,"proliferation_matched","random",295,"MPHOSPH10|CCNB2|NEDD9|MYRIP",4,0.92,0.734,1.153,0.468,0.52,0.446,0.593
"GSE50081",FALSE,"proliferation_matched","random",296,"CCDC88A|IL11RA|NCAPG|DONSON",4,1.146,0.912,1.439,0.241,0.514,0.44,0.588
"GSE50081",FALSE,"proliferation_matched","random",297,"FOXF2|PPP1R3C|CSDC2|DMRTC1",4,0.676,0.529,0.863,0.00171,0.58,0.51,0.65
"GSE50081",FALSE,"proliferation_matched","random",298,"CCNE1|HOPX|DEK|PRIM1",4,1.171,0.94,1.458,0.16,0.534,0.464,0.604
"GSE50081",FALSE,"proliferation_matched","random",299,"EFTUD2|MSRA|MAOB|CKS1B",4,0.855,0.668,1.093,0.211,0.522,0.447,0.596
"GSE50081",FALSE,"proliferation_matched","random",300,"CMSS1|ACAD9|PRKCE|ADCY9",4,0.869,0.693,1.091,0.227,0.557,0.483,0.631
"GSE50081",FALSE,"proliferation_matched","random",301,"PGM5|EXOSC8|STIL|DCTN5",4,0.974,0.774,1.225,0.822,0.503,0.43,0.575
"GSE50081",FALSE,"proliferation_matched","random",302,"ELOVL6|CENPI|CPQ|NFASC",4,0.852,0.667,1.087,0.198,0.554,0.485,0.622
"GSE50081",FALSE,"proliferation_matched","random",303,"CENPJ|MYBL2|CCND3|MCM4",4,1.354,1.084,1.692,0.0076,0.59,0.526,0.654
"GSE50081",FALSE,"proliferation_matched","random",304,"GINS3|PBXIP1|LDB2|PSMC3IP",4,0.868,0.678,1.112,0.262,0.556,0.48,0.631
"GSE50081",FALSE,"proliferation_matched","random",305,"TMEM132A|SLC6A8|TEX10|FBL",4,1.15,0.922,1.434,0.214,0.551,0.488,0.613
"GSE50081",FALSE,"proliferation_matched","random",306,"MAD2L1|COL7A1|STRIP2|RAF1",4,1.195,0.968,1.477,0.098,0.588,0.524,0.651
"GSE50081",FALSE,"proliferation_matched","random",307,"IDNK|RERG|CMC2|CCDC34",4,0.901,0.717,1.133,0.374,0.529,0.458,0.6
"GSE50081",FALSE,"proliferation_matched","random",308,"HPRT1|CSTF2|TICRR|DNMT1",4,1.126,0.904,1.404,0.29,0.552,0.481,0.622
"GSE50081",FALSE,"proliferation_matched","random",309,"TTK|TCF21|DNMT1|SPON1",4,0.959,0.751,1.224,0.737,0.488,0.412,0.564
"GSE50081",FALSE,"proliferation_matched","random",310,"RNASEH2A|TDO2|ALYREF|KIF20A",4,1.269,1.006,1.6,0.0442,0.567,0.499,0.634
"GSE50081",FALSE,"proliferation_matched","random",311,"CORO1C|UNG|FAM83D|TDRD10",4,1.099,0.883,1.367,0.399,0.558,0.491,0.626
"GSE50081",FALSE,"proliferation_matched","random",312,"RPL11|BRAP|DEPTOR|SGCA",4,0.721,0.573,0.908,0.0053,0.588,0.523,0.653
"GSE50081",FALSE,"proliferation_matched","random",313,"MIS18A|CDO1|ATP1A2|FAM117A",4,0.622,0.484,0.798,0.000189,0.621,0.555,0.686
"GSE50081",FALSE,"proliferation_matched","random",314,"ERGIC1|ANXA11|APLP2|ZBTB16",4,0.781,0.619,0.986,0.038,0.573,0.507,0.639
"GSE50081",FALSE,"proliferation_matched","random",315,"TBX2|GPRASP1|MLLT3|TOMM5",4,0.779,0.623,0.976,0.0298,0.575,0.508,0.643
"GSE50081",FALSE,"proliferation_matched","random",316,"ATP1B3|MUSTN1|SNRPG|PKNOX2",4,0.873,0.688,1.108,0.265,0.541,0.471,0.611
"GSE50081",FALSE,"proliferation_matched","random",317,"KLF15|PTH1R|SKP1|MCM8",4,0.737,0.586,0.927,0.00901,0.592,0.53,0.654
"GSE50081",FALSE,"proliferation_matched","random",318,"ABCC6|DARS2|GTF3C6|SLFNL1",4,0.894,0.71,1.126,0.342,0.531,0.467,0.596
"GSE50081",FALSE,"proliferation_matched","random",319,"CDCA5|AOC3|CYCS|CENPF",4,1.24,0.987,1.558,0.0648,0.568,0.5,0.635
"GSE50081",FALSE,"proliferation_matched","random",320,"TK1|GPRASP1|ESAM|NUDT1",4,0.93,0.732,1.182,0.555,0.504,0.433,0.575
"GSE50081",FALSE,"proliferation_matched","random",321,"METTL5|NDNF|RUFY2|CX3CR1",4,0.76,0.603,0.959,0.0209,0.588,0.518,0.658
"GSE50081",FALSE,"proliferation_matched","random",322,"SPRY4|SLC41A1|TBC1D31|ASNS",4,0.829,0.663,1.036,0.0995,0.569,0.5,0.638
"GSE50081",FALSE,"proliferation_matched","random",323,"CCNA2|HMCN1|ARL6IP6|P4HTM",4,0.916,0.728,1.153,0.454,0.508,0.436,0.58
"GSE50081",FALSE,"proliferation_matched","random",324,"MRGBP|SLFNL1|CDCA8|MAP3K3",4,1.193,0.959,1.483,0.113,0.544,0.472,0.615
"GSE50081",FALSE,"proliferation_matched","random",325,"POC1A|STRIP2|ASNS|ZBTB16",4,1.21,0.981,1.492,0.075,0.592,0.522,0.661
"GSE50081",FALSE,"proliferation_matched","random",326,"SAPCD2|FRZB|ASPM|KLF15",4,0.949,0.748,1.204,0.668,0.503,0.43,0.575
"GSE50081",FALSE,"proliferation_matched","random",327,"HPRT1|CCNB1|ANLN|PDE5A",4,1.198,0.951,1.511,0.126,0.564,0.494,0.633
"GSE50081",FALSE,"proliferation_matched","random",328,"PTPRM|HAUS8|IL11RA|ASF1B",4,0.821,0.644,1.046,0.11,0.549,0.478,0.62
"GSE50081",FALSE,"proliferation_matched","random",329,"RASL12|MAGI1|CCNE1|FANCD2",4,1.1,0.884,1.369,0.393,0.542,0.471,0.613
"GSE50081",FALSE,"proliferation_matched","random",330,"IL6R|TUBA3C|KIF15|PSRC1",4,1.249,1.015,1.537,0.0355,0.588,0.522,0.655
"GSE50081",FALSE,"proliferation_matched","random",331,"SSRP1|ITGA8|CDCA7|PTPRM",4,0.939,0.755,1.166,0.568,0.508,0.439,0.577
"GSE50081",FALSE,"proliferation_matched","random",332,"NCAPG|PDE7B|KANK2|MRPL11",4,0.91,0.722,1.147,0.426,0.523,0.452,0.594
"GSE50081",FALSE,"proliferation_matched","random",333,"ACP1|POLE2|RPL11|FAM162A",4,0.98,0.775,1.238,0.862,0.492,0.422,0.562
"GSE50081",FALSE,"proliferation_matched","random",334,"DEPTOR|PODN|HSD17B6|TRMT10C",4,0.745,0.595,0.932,0.01,0.593,0.526,0.659
"GSE50081",FALSE,"proliferation_matched","random",335,"RPL11|UBE2S|POLR2H|LIN9",4,1.035,0.827,1.295,0.766,0.526,0.46,0.591
"GSE50081",FALSE,"proliferation_matched","random",336,"RGN|ATR|UCHL3|TBC1D31",4,0.853,0.673,1.08,0.186,0.559,0.485,0.633
"GSE50081",FALSE,"proliferation_matched","random",337,"LYAR|LSM5|RECQL4|GLOD5",4,1.237,0.979,1.563,0.075,0.557,0.489,0.624
"GSE50081",FALSE,"proliferation_matched","random",338,"MTERF1|PHYHD1|QSOX2|GINS1",4,1.17,0.946,1.447,0.147,0.562,0.494,0.629
"GSE50081",FALSE,"proliferation_matched","random",339,"ANLN|NME1|TTL|MTIF2",4,1.106,0.89,1.374,0.363,0.534,0.467,0.602
"GSE50081",FALSE,"proliferation_matched","random",340,"PIGR|KIF13B|PPAT|TRIP13",4,0.923,0.729,1.17,0.509,0.524,0.455,0.594
"GSE50081",FALSE,"proliferation_matched","random",341,"APOO|ESPL1|TLE2|EFCAB11",4,1.125,0.889,1.424,0.327,0.535,0.46,0.609
"GSE50081",FALSE,"proliferation_matched","random",342,"CABLES1|SOD3|PARPBP|MTERF1",4,1.025,0.824,1.276,0.823,0.507,0.441,0.573
"GSE50081",FALSE,"proliferation_matched","random",343,"SKA3|SCGB3A2|NR2F1|SLC24A3",4,0.705,0.569,0.874,0.00141,0.609,0.539,0.679
"GSE50081",FALSE,"proliferation_matched","random",344,"LYRM9|C12orf45|CCND3|WDR76",4,0.992,0.795,1.237,0.942,0.514,0.445,0.583
"GSE50081",FALSE,"proliferation_matched","random",345,"CDO1|DAPK1|C6orf89|PAK1IP1",4,0.833,0.67,1.035,0.0991,0.57,0.501,0.64
"GSE50081",FALSE,"proliferation_matched","random",346,"HAUS8|CCDC58|LIG1|CAPN8",4,0.973,0.766,1.235,0.82,0.518,0.448,0.589
"GSE50081",FALSE,"proliferation_matched","random",347,"F10|CASS4|RAD51AP1|KNSTRN",4,1.033,0.832,1.283,0.77,0.521,0.453,0.589
"GSE50081",FALSE,"proliferation_matched","random",348,"FCER1A|UBE2C|MAD2L1|RFTN1",4,1.096,0.872,1.377,0.434,0.53,0.461,0.599
"GSE50081",FALSE,"proliferation_matched","random",349,"ASPA|DONSON|CD302|RAD51AP1",4,0.868,0.681,1.107,0.255,0.541,0.463,0.619
"GSE50081",FALSE,"proliferation_matched","random",350,"CEP63|GDF10|FIP1L1|INMT",4,0.753,0.597,0.95,0.0168,0.579,0.509,0.649
"GSE50081",FALSE,"proliferation_matched","random",351,"MOB1A|DNMT1|SORBS2|PSMD14",4,0.919,0.73,1.156,0.469,0.497,0.425,0.569
"GSE50081",FALSE,"proliferation_matched","random",352,"PFDN4|MRPL47|CKMT2|BUB1B",4,1.016,0.818,1.262,0.888,0.516,0.448,0.584
"GSE50081",FALSE,"proliferation_matched","random",353,"TPX2|EPDR1|PDE8B|DUSP22",4,0.827,0.639,1.071,0.15,0.535,0.464,0.607
"GSE50081",FALSE,"proliferation_matched","random",354,"MAN1C1|KIF23|CCDC59|SLC44A4",4,0.767,0.601,0.98,0.0336,0.569,0.494,0.644
"GSE50081",FALSE,"proliferation_matched","random",355,"ZBTB16|ORC5|MYH11|PDE8B",4,0.761,0.601,0.964,0.0233,0.557,0.488,0.626
"GSE50081",FALSE,"proliferation_matched","random",356,"ATR|BRCA2|RBMS2|C1orf198",4,0.931,0.738,1.174,0.546,0.528,0.463,0.593
"GSE50081",FALSE,"proliferation_matched","random",357,"TTK|PDE5A|CKMT2|RFC4",4,0.871,0.686,1.105,0.255,0.545,0.469,0.62
"GSE50081",FALSE,"proliferation_matched","random",358,"KBTBD11|MCM2|RANGAP1|R3HDM1",4,1.199,0.964,1.491,0.103,0.568,0.5,0.637
"GSE50081",FALSE,"proliferation_matched","random",359,"RBMS3|MCM7|SORBS2|CTSO",4,0.815,0.656,1.012,0.0638,0.571,0.508,0.635
"GSE50081",FALSE,"proliferation_matched","random",360,"C18orf54|LBH|STEAP4|YARS2",4,0.889,0.703,1.125,0.327,0.549,0.474,0.624
"GSE50081",FALSE,"proliferation_matched","random",361,"CSRNP1|CCDC150|TUBG1|RASL12",4,1.034,0.818,1.308,0.778,0.511,0.439,0.584
"GSE50081",FALSE,"proliferation_matched","random",362,"SAR1A|ADH1B|RBMS2|FAM167A",4,0.731,0.574,0.931,0.0112,0.56,0.488,0.631
"GSE50081",FALSE,"proliferation_matched","random",363,"ROBO2|SNX5|TROAP|METTL7A",4,0.875,0.694,1.105,0.262,0.54,0.47,0.611
"GSE50081",FALSE,"proliferation_matched","random",364,"RCCD1|NOL10|CENPN|ERGIC1",4,1.065,0.849,1.335,0.586,0.528,0.46,0.597
"GSE50081",FALSE,"proliferation_matched","random",365,"CCDC58|MASTL|E2F8|CENPN",4,1.181,0.954,1.463,0.127,0.555,0.487,0.623
"GSE50081",FALSE,"proliferation_matched","random",366,"CDO1|DBF4B|ECT2|ARHGAP11B",4,1.118,0.904,1.382,0.303,0.524,0.455,0.592
"GSE50081",FALSE,"proliferation_matched","random",367,"ESPL1|GAS6|MTCH2|SAC3D1",4,1.166,0.933,1.457,0.178,0.56,0.491,0.629
"GSE50081",FALSE,"proliferation_matched","random",368,"CDCA2|NCAPD3|ZNF763|MALL",4,0.827,0.659,1.037,0.1,0.541,0.468,0.613
"GSE50081",FALSE,"proliferation_matched","random",369,"ADAMTS8|DDX19B|CDKN1C|RCCD1",4,0.815,0.649,1.023,0.0783,0.569,0.498,0.64
"GSE50081",FALSE,"proliferation_matched","random",370,"GALNT10|TSPAN4|RFTN1|CYP4B1",4,0.82,0.656,1.026,0.0821,0.556,0.489,0.623
"GSE50081",FALSE,"proliferation_matched","random",371,"CUL4A|ARHGEF39|CPAMD8|TUBG1",4,1.173,0.924,1.489,0.189,0.538,0.464,0.613
"GSE50081",FALSE,"proliferation_matched","random",372,"PTH1R|TPX2|GMNN|RGL1",4,1.09,0.865,1.374,0.465,0.534,0.463,0.606
"GSE50081",FALSE,"proliferation_matched","random",373,"DNALI1|FBL|RAD18|ITGBL1",4,0.817,0.647,1.032,0.0903,0.555,0.487,0.624
"GSE50081",FALSE,"proliferation_matched","random",374,"TFRC|TIMM8A|APOBEC3B|MND1",4,1.079,0.864,1.348,0.5,0.517,0.447,0.588
"GSE50081",FALSE,"proliferation_matched","random",375,"NFYC|LIX1L|ATP11B|BRCA1",4,0.88,0.69,1.122,0.303,0.567,0.498,0.636
"GSE50081",FALSE,"proliferation_matched","random",376,"CFD|MCM5|UBE2S|RBM5",4,1.326,1.045,1.682,0.0204,0.596,0.526,0.667
"GSE50081",FALSE,"proliferation_matched","random",377,"JAM2|DNAJC18|SKA1|FSTL1",4,0.789,0.62,1.004,0.0538,0.573,0.501,0.644
"GSE50081",FALSE,"proliferation_matched","random",378,"ADAMTS8|GSTM5|SCN2B|MYOZ3",4,0.811,0.64,1.027,0.082,0.546,0.477,0.615
"GSE50081",FALSE,"proliferation_matched","random",379,"FIGNL1|MLPH|CENPA|STRIP2",4,1.081,0.869,1.343,0.485,0.541,0.47,0.613
"GSE50081",FALSE,"proliferation_matched","random",380,"ARL6IP6|AR|TDP1|UBE2C",4,1.147,0.916,1.436,0.233,0.552,0.479,0.624
"GSE50081",FALSE,"proliferation_matched","random",381,"DEK|PGPEP1|DNAH10|UCHL3",4,0.845,0.655,1.091,0.197,0.563,0.488,0.638
"GSE50081",FALSE,"proliferation_matched","random",382,"CMC2|A2M|GPRASP1|AR",4,0.747,0.593,0.94,0.0129,0.593,0.526,0.66
"GSE50081",FALSE,"proliferation_matched","random",383,"GPRC5C|FAM210A|E2F7|SPRY1",4,0.739,0.582,0.938,0.0129,0.553,0.484,0.621
"GSE50081",FALSE,"proliferation_matched","random",384,"WDHD1|RAD18|PTPRM|EME1",4,1.139,0.921,1.408,0.23,0.541,0.471,0.611
"GSE50081",FALSE,"proliferation_matched","random",385,"PCYT1A|CDC6|SFTPB|CRYM",4,0.929,0.732,1.18,0.547,0.484,0.414,0.554
"GSE50081",FALSE,"proliferation_matched","random",386,"ABRACL|KANK3|FMO2|OSR1",4,0.688,0.544,0.87,0.00183,0.584,0.514,0.653
"GSE50081",FALSE,"proliferation_matched","random",387,"TRAIP|LTC4S|TGFBR2|TRIM59",4,0.859,0.672,1.098,0.226,0.512,0.441,0.583
"GSE50081",FALSE,"proliferation_matched","random",388,"ERGIC1|NALCN|TCF21|NPC2",4,0.739,0.586,0.931,0.0105,0.585,0.52,0.65
"GSE50081",FALSE,"proliferation_matched","random",389,"PDLIM2|CMSS1|SUV39H1|WDR76",4,1.156,0.918,1.455,0.217,0.544,0.475,0.613
"GSE50081",FALSE,"proliferation_matched","random",390,"PGAM5|IQGAP3|QSOX2|OSR1",4,1.156,0.933,1.433,0.185,0.563,0.498,0.627
"GSE50081",FALSE,"proliferation_matched","random",391,"SPRY4|E2F1|FEN1|DSCC1",4,1.265,1.005,1.591,0.0452,0.562,0.493,0.632
"GSE50081",FALSE,"proliferation_matched","random",392,"FRY|METTL5|SLC2A1|DUSP1",4,0.801,0.634,1.012,0.0625,0.548,0.474,0.622
"GSE50081",FALSE,"proliferation_matched","random",393,"GAS2L3|PLK1|TIPIN|ORC1",4,1.274,1.036,1.566,0.0218,0.593,0.527,0.66
"GSE50081",FALSE,"proliferation_matched","random",394,"MYBL2|DNMT1|CUL4A|FYCO1",4,1.3,1.03,1.64,0.0269,0.567,0.499,0.636
"GSE50081",FALSE,"proliferation_matched","random",395,"SKP2|BICD1|CCL14|ZC3H8",4,0.979,0.781,1.227,0.852,0.497,0.42,0.574
"GSE50081",FALSE,"proliferation_matched","random",396,"TEX30|SCGB3A2|APOL2|MYH11",4,0.85,0.666,1.085,0.193,0.554,0.479,0.628
"GSE50081",FALSE,"proliferation_matched","random",397,"NDE1|IDNK|SMC4|LTC4S",4,0.885,0.699,1.121,0.312,0.529,0.459,0.598
"GSE50081",FALSE,"proliferation_matched","random",398,"SLC16A4|WDHD1|RSRC2|NIFK",4,1.169,0.931,1.467,0.179,0.521,0.45,0.592
"GSE50081",FALSE,"proliferation_matched","random",399,"KPNA2|SYT15|PRDM16|FRY",4,0.778,0.609,0.994,0.045,0.544,0.475,0.613
"GSE50081",FALSE,"proliferation_matched","random",400,"MLPH|CD34|ERG|KPNA4",4,0.766,0.611,0.961,0.021,0.575,0.505,0.645
"GSE50081",FALSE,"proliferation_matched","random",401,"HELLS|DIRAS3|PSMD2|ACTL6A",4,1.026,0.825,1.276,0.819,0.512,0.441,0.583
"GSE50081",FALSE,"proliferation_matched","random",402,"TK2|CBX7|LIX1L|SORBS1",4,0.749,0.599,0.935,0.0108,0.602,0.536,0.668
"GSE50081",FALSE,"proliferation_matched","random",403,"WFDC1|KIF13B|LDHA|ATAD2",4,1.013,0.798,1.286,0.915,0.51,0.439,0.581
"GSE50081",FALSE,"proliferation_matched","random",404,"E2F7|NAPSA|FAM162A|EIF4EBP2",4,0.775,0.62,0.968,0.0246,0.588,0.522,0.654
"GSE50081",FALSE,"proliferation_matched","random",405,"CNRIP1|EMC3|AOC3|ZNF267",4,0.818,0.649,1.033,0.091,0.561,0.494,0.628
"GSE50081",FALSE,"proliferation_matched","random",406,"DOT1L|RAD51AP1|PSRC1|PARM1",4,1.107,0.898,1.364,0.34,0.554,0.49,0.619
"GSE50081",FALSE,"proliferation_matched","random",407,"SNX5|FRY|PARD3B|CDKN3",4,0.977,0.771,1.237,0.845,0.475,0.404,0.546
"GSE50081",FALSE,"proliferation_matched","random",408,"ATP11B|HMGB2|VRK1|LSM12",4,1.117,0.904,1.38,0.304,0.533,0.464,0.601
"GSE50081",FALSE,"proliferation_matched","random",409,"PGM5|FSTL1|POLD1|SUSD2",4,0.723,0.57,0.918,0.0078,0.576,0.509,0.644
"GSE50081",FALSE,"proliferation_matched","random",410,"NDN|LSM5|NISCH|PHACTR1",4,0.823,0.654,1.036,0.0964,0.549,0.479,0.618
"GSE50081",FALSE,"proliferation_matched","random",411,"PRDM6|ARMCX5-GPRASP2|GBP1|EFCC1",4,0.794,0.627,1.004,0.0543,0.571,0.502,0.641
"GSE50081",FALSE,"proliferation_matched","random",412,"GINS3|DNTTIP2|TPI1|CCND3",4,1.153,0.926,1.436,0.204,0.535,0.467,0.604
"GSE50081",FALSE,"proliferation_matched","random",413,"NOC4L|SCNN1B|CKS2|UBA6",4,1.17,0.928,1.474,0.184,0.547,0.479,0.615
"GSE50081",FALSE,"proliferation_matched","random",414,"BOK|NISCH|ITIH3|PUS7",4,0.798,0.632,1.009,0.0591,0.559,0.493,0.626
"GSE50081",FALSE,"proliferation_matched","random",415,"ATAD2|HSPA14|NCBP2|LBH",4,1.111,0.887,1.391,0.361,0.511,0.44,0.581
"GSE50081",FALSE,"proliferation_matched","random",416,"PSMD2|C21orf58|SPNS2|DBF4",4,1.152,0.924,1.435,0.209,0.563,0.494,0.632
"GSE50081",FALSE,"proliferation_matched","random",417,"MCM6|ADAMTS8|TAP1|VWA5A",4,0.961,0.756,1.22,0.742,0.496,0.424,0.567
"GSE50081",FALSE,"proliferation_matched","random",418,"SFTA2|DAZAP1|PUS7|SAR1A",4,1.039,0.833,1.296,0.733,0.549,0.481,0.617
"GSE50081",FALSE,"proliferation_matched","random",419,"SNRPD1|PBK|RAD54B|KCTD10",4,1.184,0.96,1.459,0.114,0.576,0.509,0.642
"GSE50081",FALSE,"proliferation_matched","random",420,"PMAIP1|TMEM248|CLPB|KNTC1",4,1.234,0.991,1.538,0.0608,0.58,0.515,0.645
"GSE50081",FALSE,"proliferation_matched","random",421,"POC1A|MGLL|CXCL10|KPNA1",4,1.332,1.05,1.69,0.0181,0.595,0.527,0.662
"GSE50081",FALSE,"proliferation_matched","random",422,"ANG|YARS2|PPAT|CENPK",4,1.066,0.852,1.334,0.577,0.53,0.459,0.601
"GSE50081",FALSE,"proliferation_matched","random",423,"PARVA|NUP37|TICRR|SHROOM4",4,1.112,0.884,1.4,0.365,0.533,0.462,0.603
"GSE50081",FALSE,"proliferation_matched","random",424,"MRPS17|RERE|EMC3|PFKFB4",4,1.015,0.806,1.278,0.899,0.5,0.427,0.572
"GSE50081",FALSE,"proliferation_matched","random",425,"KIF13B|NDUFA12|TMOD1|HMCN1",4,0.777,0.616,0.981,0.0341,0.568,0.501,0.635
"GSE50081",FALSE,"proliferation_matched","random",426,"MYBL2|CXCL16|MTERF1|CITED2",4,1.122,0.886,1.42,0.34,0.54,0.472,0.608
"GSE50081",FALSE,"proliferation_matched","random",427,"PFDN2|THOP1|SFTPB|SPDL1",4,1.092,0.873,1.367,0.44,0.547,0.481,0.613
"GSE50081",FALSE,"proliferation_matched","random",428,"DONSON|CKAP5|CDC7|FNIP2",4,1.239,0.986,1.558,0.0657,0.545,0.475,0.616
"GSE50081",FALSE,"proliferation_matched","random",429,"ALYREF|LY6G5C|FAM83D|MTFR2",4,1.048,0.83,1.323,0.696,0.521,0.451,0.591
"GSE50081",FALSE,"proliferation_matched","random",430,"ZHX1-C8orf76|CDC25A|RAD18|FIP1L1",4,1.104,0.886,1.375,0.378,0.525,0.456,0.593
"GSE50081",FALSE,"proliferation_matched","random",431,"PSMD2|ANXA11|ITGA10|C3orf18",4,0.659,0.515,0.842,0.000868,0.626,0.559,0.692
"GSE50081",FALSE,"proliferation_matched","random",432,"DUSP22|ARHGAP44|TDP1|RHBDF1",4,0.773,0.605,0.987,0.039,0.543,0.472,0.614
"GSE50081",FALSE,"proliferation_matched","random",433,"BIRC5|FCER1A|DSP|SYNPO",4,0.984,0.78,1.24,0.889,0.53,0.465,0.596
"GSE50081",FALSE,"proliferation_matched","random",434,"PHACTR1|GTF3C6|RRM1|KIF20B",4,1.079,0.854,1.363,0.525,0.51,0.441,0.58
"GSE50081",FALSE,"proliferation_matched","random",435,"VPS13D|NAPSA|TIMM10B|SELENBP1",4,0.788,0.641,0.969,0.024,0.589,0.524,0.654
"GSE50081",FALSE,"proliferation_matched","random",436,"ITIH3|KANK3|GPR19|HSPE1",4,0.846,0.662,1.081,0.181,0.525,0.45,0.6
"GSE50081",FALSE,"proliferation_matched","random",437,"SLC24A3|CHAF1A|ESCO2|COL4A3",4,1.153,0.896,1.485,0.268,0.544,0.472,0.617
"GSE50081",FALSE,"proliferation_matched","random",438,"FNIP2|CPM|MCM6|LRR1",4,1.218,0.951,1.558,0.118,0.549,0.478,0.62
"GSE50081",FALSE,"proliferation_matched","random",439,"GAS2L3|TACC1|PPP1R12B|ELOVL6",4,1.185,0.936,1.501,0.158,0.532,0.46,0.605
"GSE50081",FALSE,"proliferation_matched","random",440,"ATOH8|ITGA8|RHNO1|PGPEP1",4,0.784,0.637,0.965,0.0215,0.593,0.529,0.657
"GSE50081",FALSE,"proliferation_matched","random",441,"TAF5|IQGAP3|GBP1|SKA3",4,1.287,1.027,1.614,0.0284,0.582,0.516,0.647
"GSE50081",FALSE,"proliferation_matched","random",442,"NOP2|CPOX|SRRT|KPNA1",4,1.132,0.909,1.408,0.268,0.549,0.481,0.616
"GSE50081",FALSE,"proliferation_matched","random",443,"ESAM|NOP2|SASS6|KIF13B",4,1.03,0.808,1.312,0.813,0.508,0.437,0.58
"GSE50081",FALSE,"proliferation_matched","random",444,"TFRC|CKAP2L|DNTTIP2|DIAPH3",4,1.203,0.977,1.481,0.0822,0.562,0.494,0.631
"GSE50081",FALSE,"proliferation_matched","random",445,"SLC6A8|CDKN3|SNRPD1|SGCA",4,1.169,0.937,1.458,0.167,0.561,0.494,0.628
"GSE50081",FALSE,"proliferation_matched","random",446,"ZNF362|TMEM38B|HSPD1|SGCA",4,0.872,0.704,1.079,0.207,0.56,0.492,0.628
"GSE50081",FALSE,"proliferation_matched","random",447,"POLQ|E2F8|SETBP1|CABLES1",4,1.152,0.919,1.445,0.221,0.527,0.457,0.597
"GSE50081",FALSE,"proliferation_matched","random",448,"UBR2|MUSTN1|AXIN2|ARHGAP11B",4,0.906,0.718,1.145,0.409,0.529,0.457,0.601
"GSE50081",FALSE,"proliferation_matched","random",449,"FEN1|SLC34A2|PLK4|VAPA",4,1.098,0.868,1.388,0.437,0.489,0.419,0.56
"GSE50081",FALSE,"proliferation_matched","random",450,"SLC41A1|NINJ2|CAPN8|SGCA",4,0.698,0.55,0.886,0.00306,0.607,0.541,0.672
"GSE50081",FALSE,"proliferation_matched","random",451,"DNAJC2|NINJ2|FKBP1A|CDC25C",4,1.135,0.907,1.421,0.267,0.552,0.486,0.617
"GSE50081",FALSE,"proliferation_matched","random",452,"TOMM40|PTH1R|MTFP1|FBXO5",4,1.143,0.911,1.434,0.248,0.54,0.477,0.604
"GSE50081",FALSE,"proliferation_matched","random",453,"ABCC6|RCCD1|AQP5|PFDN4",4,0.855,0.67,1.09,0.206,0.546,0.476,0.616
"GSE50081",FALSE,"proliferation_matched","random",454,"OGN|SPATA6L|DNAJC18|PRPF4",4,0.818,0.646,1.036,0.0951,0.552,0.479,0.625
"GSE50081",FALSE,"proliferation_matched","random",455,"DCUN1D3|ACOT1|RECQL4|RHOB",4,0.886,0.708,1.109,0.292,0.534,0.465,0.602
"GSE50081",FALSE,"proliferation_matched","random",456,"ARHGEF17|EFCC1|RFC4|DHX37",4,0.947,0.747,1.202,0.657,0.514,0.441,0.588
"GSE50081",FALSE,"proliferation_matched","random",457,"SHMT2|IQSEC1|COL4A3|TOPBP1",4,0.866,0.685,1.096,0.232,0.549,0.476,0.621
"GSE50081",FALSE,"proliferation_matched","random",458,"TGFBR2|BBS1|MFAP4|CAPN3",4,0.696,0.551,0.879,0.00237,0.604,0.537,0.67
"GSE50081",FALSE,"proliferation_matched","random",459,"ABCC6|RAD51|KIF18A|RPL15",4,0.93,0.745,1.162,0.525,0.532,0.466,0.597
"GSE50081",FALSE,"proliferation_matched","random",460,"VRK2|IDNK|CENPO|CCDC88A",4,1.214,0.975,1.511,0.0828,0.565,0.494,0.636
"GSE50081",FALSE,"proliferation_matched","random",461,"SLC24A3|CENPN|KLHL7|MRPL3",4,1.102,0.882,1.376,0.392,0.543,0.472,0.614
"GSE50081",FALSE,"proliferation_matched","random",462,"HSPE1|KIF2C|FCER1A|ERGIC1",4,0.923,0.733,1.161,0.494,0.521,0.455,0.587
"GSE50081",FALSE,"proliferation_matched","random",463,"PRIM1|TROAP|PARD3B|MRPL3",4,1.049,0.84,1.309,0.673,0.522,0.454,0.59
"GSE50081",FALSE,"proliferation_matched","random",464,"ADARB1|CKAP2L|RRM2|BUB1B",4,1.235,1,1.525,0.0501,0.583,0.516,0.649
"GSE50081",FALSE,"proliferation_matched","random",465,"PRC1|BIRC5|NOC4L|RCCD1",4,1.289,1.024,1.622,0.0304,0.592,0.529,0.655
"GSE50081",FALSE,"proliferation_matched","random",466,"RACGAP1|CXCL10|GPR19|CXCL16",4,1.324,1.053,1.663,0.0161,0.578,0.509,0.647
"GSE50081",FALSE,"proliferation_matched","random",467,"AIM2|FANCI|LZIC|GTSE1",4,1.262,1.006,1.583,0.0446,0.562,0.496,0.628
"GSE50081",FALSE,"proliferation_matched","random",468,"CELF2|XPO5|SPATA6L|COL14A1",4,0.866,0.688,1.089,0.218,0.54,0.472,0.608
"GSE50081",FALSE,"proliferation_matched","random",469,"DTL|BUB1B|BRIX1|MCM2",4,1.221,0.984,1.515,0.0698,0.581,0.517,0.645
"GSE50081",FALSE,"proliferation_matched","random",470,"PAICS|TRIM59|ATR|TNRC6C",4,1.021,0.81,1.287,0.861,0.49,0.418,0.562
"GSE50081",FALSE,"proliferation_matched","random",471,"NR3C2|ZCCHC24|CSTF2|GGH",4,0.734,0.582,0.925,0.00869,0.584,0.518,0.65
"GSE50081",FALSE,"proliferation_matched","random",472,"FAM117A|SUV39H1|TK1|R3HDM1",4,1.081,0.863,1.354,0.498,0.53,0.463,0.598
"GSE50081",FALSE,"proliferation_matched","random",473,"ABHD14A|NDN|MCM10|TMOD1",4,0.749,0.593,0.948,0.016,0.547,0.473,0.621
"GSE50081",FALSE,"proliferation_matched","random",474,"SNRPG|PLXNA2|POLD1|PUS7",4,0.992,0.8,1.23,0.94,0.488,0.418,0.558
"GSE50081",FALSE,"proliferation_matched","random",475,"PRR11|ADARB1|PHYHD1|CKMT2",4,0.808,0.64,1.021,0.0746,0.559,0.489,0.629
"GSE50081",FALSE,"proliferation_matched","random",476,"CDKN1C|TMOD1|TMED10|DIAPH3",4,0.924,0.728,1.174,0.52,0.541,0.467,0.614
"GSE50081",FALSE,"proliferation_matched","random",477,"HNF1B|RANGAP1|CSTF2|HSPA14",4,0.921,0.729,1.163,0.489,0.508,0.44,0.577
"GSE50081",FALSE,"proliferation_matched","random",478,"FKBP1A|MLPH|RAB10|TUBA1B",4,1.015,0.811,1.271,0.896,0.534,0.466,0.602
"GSE50081",FALSE,"proliferation_matched","random",479,"FRZB|TTF2|RPL15|MEF2C",4,0.738,0.596,0.915,0.00551,0.592,0.523,0.661
"GSE50081",FALSE,"proliferation_matched","random",480,"APOBEC3B|MUC1|SPON1|CNRIP1",4,0.803,0.633,1.019,0.0709,0.537,0.467,0.608
"GSE50081",FALSE,"proliferation_matched","random",481,"EIF5B|KPNA2|HYI|GABPB1",4,1.149,0.93,1.421,0.198,0.555,0.487,0.623
"GSE50081",FALSE,"proliferation_matched","random",482,"ARHGAP6|CHAF1B|NEDD1|HMGA1",4,1.066,0.839,1.354,0.6,0.512,0.442,0.582
"GSE50081",FALSE,"proliferation_matched","random",483,"COL4A4|SGCD|RAD51|FXR1",4,1.146,0.912,1.441,0.242,0.523,0.458,0.588
"GSE50081",FALSE,"proliferation_matched","random",484,"ADAMTS8|PARL|AOC3|CSRNP1",4,0.743,0.586,0.941,0.0136,0.577,0.506,0.648
"GSE50081",FALSE,"proliferation_matched","random",485,"MYOZ3|AURKB|MUC1|STC1",4,1.097,0.878,1.371,0.416,0.525,0.452,0.597
"GSE50081",FALSE,"proliferation_matched","random",486,"CCDC34|CRY2|HYPK|TEX10",4,0.804,0.632,1.021,0.0738,0.561,0.494,0.628
"GSE50081",FALSE,"proliferation_matched","random",487,"PLEKHM3|CCDC34|EIF4EBP1|MALRD1",4,1.014,0.82,1.254,0.899,0.51,0.444,0.577
"GSE50081",FALSE,"proliferation_matched","random",488,"DAPK1|AURKB|KNSTRN|PIGR",4,0.961,0.768,1.203,0.731,0.468,0.398,0.538
"GSE50081",FALSE,"proliferation_matched","random",489,"TBX5|ALDH6A1|EIF5B|UBR2",4,0.851,0.682,1.063,0.155,0.536,0.467,0.605
"GSE50081",FALSE,"proliferation_matched","random",490,"CSRNP1|TCF19|TMPRSS2|POLA2",4,0.868,0.682,1.104,0.249,0.518,0.444,0.592
"GSE50081",FALSE,"proliferation_matched","random",491,"MYOCD|ADARB1|CRY2|DISP1",4,0.688,0.534,0.888,0.00412,0.594,0.529,0.66
"GSE50081",FALSE,"proliferation_matched","random",492,"RERE|COL4A4|LIX1L|ORC6",4,0.842,0.676,1.048,0.124,0.556,0.489,0.624
"GSE50081",FALSE,"proliferation_matched","random",493,"PAWR|OSR1|GTSE1|ADCY9",4,0.942,0.756,1.175,0.597,0.516,0.449,0.583
"GSE50081",FALSE,"proliferation_matched","random",494,"ENPP5|SYT15|MAP6|DNAJC2",4,0.784,0.624,0.986,0.0372,0.58,0.514,0.647
"GSE50081",FALSE,"proliferation_matched","random",495,"MTCH2|CTDSPL|BICD1|AGO2",4,0.989,0.785,1.246,0.926,0.484,0.411,0.556
"GSE50081",FALSE,"proliferation_matched","random",496,"GDF10|RALA|CDCA2|ECE2",4,1.031,0.818,1.299,0.799,0.524,0.455,0.594
"GSE50081",FALSE,"proliferation_matched","random",497,"ZC3H8|UBR2|FXR1|UBXN7",4,1.216,0.975,1.517,0.0833,0.564,0.493,0.634
"GSE50081",FALSE,"proliferation_matched","random",498,"GDF10|PARD3B|ATR|HIGD1B",4,0.668,0.525,0.851,0.00107,0.627,0.56,0.694
"GSE50081",FALSE,"proliferation_matched","random",499,"TMEM248|TMEM201|FRZB|FANCA",4,0.975,0.77,1.234,0.833,0.481,0.403,0.558
"GSE50081",FALSE,"proliferation_matched","random",500,"BRIP1|SAAL1|WDR53|ZNF267",4,1.11,0.885,1.392,0.365,0.522,0.452,0.592
"GSE50081",FALSE,"proliferation_matched","random",501,"SHCBP1|NUDT3|EVA1C|DKK3",4,0.739,0.595,0.918,0.00629,0.601,0.534,0.668
"GSE50081",FALSE,"proliferation_matched","random",502,"PDE7B|ATOH8|DARS2|RBMS2",4,0.672,0.526,0.861,0.00161,0.623,0.559,0.686
"GSE50081",FALSE,"proliferation_matched","random",503,"TICRR|MCM6|CKAP5|RBM28",4,1.238,1.008,1.522,0.0419,0.596,0.531,0.661
"GSE50081",FALSE,"proliferation_matched","random",504,"CENPK|NDUFA12|EIF2S2|PCNA",4,1.098,0.876,1.376,0.418,0.537,0.464,0.61
"GSE50081",FALSE,"proliferation_matched","random",505,"GBP1|PTTG1|PLSCR4|SLC18A2",4,0.918,0.728,1.157,0.468,0.554,0.483,0.624
"GSE50081",FALSE,"proliferation_matched","random",506,"NMT1|FYCO1|AGMAT|C3orf18",4,0.931,0.735,1.18,0.555,0.512,0.444,0.579
"GSE50081",FALSE,"proliferation_matched","random",507,"ADARB1|SAMD11|TOMM5|MLPH",4,0.706,0.56,0.89,0.0032,0.576,0.508,0.644
"GSE50081",FALSE,"proliferation_matched","random",508,"C9orf152|KIFC1|RGN|LSM12",4,1.016,0.792,1.302,0.902,0.51,0.439,0.582
"GSE50081",FALSE,"proliferation_matched","random",509,"UBR2|NOC4L|LTBP2|CFD",4,0.904,0.715,1.144,0.403,0.498,0.427,0.57
"GSE50081",FALSE,"proliferation_matched","random",510,"UGGT1|DLC1|MUSTN1|SKA3",4,1.065,0.847,1.338,0.591,0.513,0.446,0.58
"GSE50081",FALSE,"proliferation_matched","random",511,"TRAIP|E2F7|CPM|CCDC34",4,1.138,0.906,1.43,0.267,0.535,0.466,0.604
"GSE50081",FALSE,"proliferation_matched","random",512,"HMCN1|SVEP1|PPAT|P4HTM",4,0.785,0.627,0.982,0.0339,0.579,0.511,0.648
"GSE50081",FALSE,"proliferation_matched","random",513,"ABRACL|VAPA|MGP|LIG1",4,0.847,0.673,1.066,0.158,0.551,0.478,0.624
"GSE50081",FALSE,"proliferation_matched","random",514,"SCGB3A1|LSM6|HAUS8|ZWINT",4,0.953,0.761,1.193,0.676,0.485,0.413,0.558
"GSE50081",FALSE,"proliferation_matched","random",515,"PDE5A|APOL2|SFTPB|DNA2",4,0.886,0.702,1.119,0.31,0.528,0.452,0.604
"GSE50081",FALSE,"proliferation_matched","random",516,"XRCC3|PARP2|BORA|MYBL2",4,1.138,0.917,1.413,0.241,0.56,0.494,0.626
"GSE50081",FALSE,"proliferation_matched","random",517,"HYPK|TUBA1B|ORC1|CAPN5",4,1.02,0.809,1.286,0.865,0.5,0.43,0.57
"GSE50081",FALSE,"proliferation_matched","random",518,"DEPDC1B|PDCD10|LYRM9|SVEP1",4,0.875,0.698,1.097,0.248,0.549,0.479,0.62
"GSE50081",FALSE,"proliferation_matched","random",519,"UBE2S|PARD3B|NEDD9|KIF23",4,0.898,0.715,1.128,0.356,0.527,0.457,0.598
"GSE50081",FALSE,"proliferation_matched","random",520,"TMEM119|RAP1GAP|METTL7A|PRC1",4,0.746,0.59,0.944,0.0146,0.565,0.498,0.632
"GSE50081",FALSE,"proliferation_matched","random",521,"SSRP1|RSRC2|CTSV|PATL1",4,1.363,1.102,1.686,0.00427,0.616,0.553,0.68
"GSE50081",FALSE,"proliferation_matched","random",522,"MTIF2|PLK1|RAI2|IQSEC1",4,0.735,0.585,0.923,0.00819,0.571,0.504,0.639
"GSE50081",FALSE,"proliferation_matched","random",523,"GPD1L|FOXM1|CAB39L|TMEM63A",4,0.905,0.723,1.133,0.384,0.532,0.467,0.598
"GSE50081",FALSE,"proliferation_matched","random",524,"CMSS1|EMC3|ZWILCH|PLXNA2",4,0.865,0.691,1.083,0.206,0.566,0.492,0.639
"GSE50081",FALSE,"proliferation_matched","random",525,"CENPU|B3GNT5|CXCL10|DARS2",4,1.247,0.998,1.558,0.052,0.573,0.505,0.641
"GSE50081",FALSE,"proliferation_matched","random",526,"VRK2|TROAP|POLA2|MFAP4",4,1.13,0.903,1.414,0.287,0.548,0.473,0.624
"GSE50081",FALSE,"proliferation_matched","random",527,"RAP1GAP|GTSE1|GGH|KCNQ1",4,0.794,0.63,1.002,0.0517,0.57,0.503,0.638
"GSE50081",FALSE,"proliferation_matched","random",528,"STMN1|ERCC6L|CRYM|SLC41A1",4,0.886,0.695,1.13,0.33,0.56,0.489,0.631
"GSE50081",FALSE,"proliferation_matched","random",529,"PGC|IGFBP7|NDNF|CENPA",4,0.751,0.595,0.949,0.0163,0.571,0.499,0.643
"GSE50081",FALSE,"proliferation_matched","random",530,"PPAT|SPRY1|NANOG|LAMB2",4,0.803,0.636,1.013,0.0646,0.556,0.485,0.627
"GSE50081",FALSE,"proliferation_matched","random",531,"CCL26|LIMCH1|KIF13B|IL11RA",4,0.759,0.609,0.946,0.0142,0.592,0.524,0.66
"GSE50081",FALSE,"proliferation_matched","random",532,"CTSH|CDC7|ITGA10|E2F7",4,0.819,0.639,1.048,0.113,0.573,0.5,0.647
"GSE50081",FALSE,"proliferation_matched","random",533,"DAAM2|LSM12|ARTN|CDKN3",4,1.271,1.016,1.59,0.0355,0.578,0.515,0.641
"GSE50081",FALSE,"proliferation_matched","random",534,"COX7A1|HSPB7|CXCL10|MAGI1",4,0.888,0.699,1.128,0.33,0.533,0.465,0.602
"GSE50081",FALSE,"proliferation_matched","random",535,"GAS6|DOK4|TDRD10|SLIT3",4,0.76,0.606,0.952,0.0169,0.569,0.5,0.638
"GSE50081",FALSE,"proliferation_matched","random",536,"CKS2|PLK4|CHAF1A|ERGIC1",4,1.369,1.099,1.706,0.0051,0.597,0.535,0.659
"GSE50081",FALSE,"proliferation_matched","random",537,"STRIP2|GSPT1|STC1|ERCC6L",4,1.192,0.961,1.48,0.11,0.554,0.486,0.622
"GSE50081",FALSE,"proliferation_matched","random",538,"NOLC1|RBM28|NUP155|PGAM5",4,1.206,0.98,1.483,0.0769,0.59,0.525,0.656
"GSE50081",FALSE,"proliferation_matched","random",539,"XPO5|PGC|RAD51|ZC3H8",4,1.054,0.841,1.32,0.648,0.527,0.455,0.598
"GSE50081",FALSE,"proliferation_matched","random",540,"ENPP5|CPB2|SYNE1|DDIAS",4,0.765,0.603,0.971,0.0276,0.587,0.518,0.655
"GSE50081",FALSE,"proliferation_matched","random",541,"CEP152|DCTN5|CYCS|FBXO5",4,1.145,0.919,1.425,0.228,0.541,0.469,0.613
"GSE50081",FALSE,"proliferation_matched","random",542,"MCM10|GALNT10|CPM|KLF2",4,0.934,0.745,1.172,0.556,0.519,0.449,0.588
"GSE50081",FALSE,"proliferation_matched","random",543,"GTSE1|PGPEP1|PKMYT1|NFIX",4,1.151,0.9,1.471,0.262,0.538,0.463,0.613
"GSE50081",FALSE,"proliferation_matched","random",544,"TNRC6C|SLC18A2|C18orf54|PDCD10",4,0.82,0.647,1.039,0.1,0.57,0.498,0.643
"GSE50081",FALSE,"proliferation_matched","random",545,"MUC1|TROAP|NOP2|BRAP",4,1.152,0.921,1.441,0.215,0.577,0.512,0.641
"GSE50081",FALSE,"proliferation_matched","random",546,"EZH2|PATL1|PPAN|SLC6A8",4,1.255,1.013,1.555,0.0375,0.592,0.531,0.653
"GSE50081",FALSE,"proliferation_matched","random",547,"FMO2|DNMT3B|UBE2V2|SCNN1B",4,0.883,0.695,1.122,0.31,0.534,0.458,0.611
"GSE50081",FALSE,"proliferation_matched","random",548,"CCDC150|FAM136A|PARVA|PTTG1",4,1.353,1.093,1.674,0.00551,0.615,0.552,0.678
"GSE50081",FALSE,"proliferation_matched","random",549,"GNG7|PLXNA2|SPRY1|NAPSA",4,0.72,0.575,0.901,0.00412,0.598,0.535,0.661
"GSE50081",FALSE,"proliferation_matched","random",550,"CCL26|SNRPG|TK2|SCGB3A1",4,0.8,0.635,1.007,0.0576,0.553,0.487,0.619
"GSE50081",FALSE,"proliferation_matched","random",551,"LTBP2|MPV17L|EIF5B|SASS6",4,0.934,0.732,1.191,0.58,0.552,0.481,0.623
"GSE50081",FALSE,"proliferation_matched","random",552,"RHNO1|RUFY2|DHX37|RPAP3",4,1.137,0.91,1.42,0.259,0.537,0.468,0.605
"GSE50081",FALSE,"proliferation_matched","random",553,"SEC61A2|AURKB|LRR1|SLC44A4",4,1.171,0.931,1.473,0.177,0.562,0.494,0.631
"GSE50081",FALSE,"proliferation_matched","random",554,"NUDT3|ZHX1-C8orf76|BLM|GMNN",4,1.097,0.883,1.362,0.404,0.523,0.455,0.591
"GSE50081",FALSE,"proliferation_matched","random",555,"RAP1GAP|TDRD10|TNS1|ODF2",4,0.75,0.596,0.944,0.0141,0.581,0.517,0.645
"GSE50081",FALSE,"proliferation_matched","random",556,"UBQLN1|TNNC1|E2F7|MLPH",4,0.96,0.757,1.217,0.737,0.506,0.431,0.581
"GSE50081",FALSE,"proliferation_matched","random",557,"C12orf45|NINJ2|GAS2L3|CDCA2",4,1.216,0.979,1.51,0.0764,0.57,0.503,0.636
"GSE50081",FALSE,"proliferation_matched","random",558,"TEX30|ECE2|CLEC3B|PCYT1A",4,0.994,0.801,1.234,0.958,0.465,0.397,0.534
"GSE50081",FALSE,"proliferation_matched","random",559,"TIMELESS|CDC20|PBXIP1|NMT1",4,1.276,1.014,1.606,0.0378,0.572,0.505,0.64
"GSE50081",FALSE,"proliferation_matched","random",560,"EFCAB11|POLR3G|MRGBP|FANCG",4,1.228,0.995,1.516,0.056,0.562,0.493,0.632
"GSE50081",FALSE,"proliferation_matched","random",561,"CCNB1|SLC7A5|CD207|LAMA2",4,0.929,0.743,1.162,0.519,0.534,0.463,0.605
"GSE50081",FALSE,"proliferation_matched","random",562,"ATAD2|STIL|LMO3|MTCH2",4,1.166,0.926,1.468,0.191,0.542,0.473,0.611
"GSE50081",FALSE,"proliferation_matched","random",563,"SCARA5|STIL|POLR3G|ISY1",4,1.084,0.866,1.357,0.482,0.49,0.415,0.565
"GSE50081",FALSE,"proliferation_matched","random",564,"KLHL42|RPS6KA2|DNTTIP2|SAC3D1",4,1.118,0.892,1.401,0.334,0.542,0.474,0.609
"GSE50081",FALSE,"proliferation_matched","random",565,"CSTF2|SNRPF|RBMS3|ABHD14A",4,0.707,0.554,0.903,0.00547,0.572,0.501,0.644
"GSE50081",FALSE,"proliferation_matched","random",566,"CAPN5|GOLGA4|RFC3|ALDH2",4,0.867,0.7,1.075,0.194,0.529,0.463,0.596
"GSE50081",FALSE,"proliferation_matched","random",567,"MCM6|HSPD1|TMEM98|TIPIN",4,1.072,0.858,1.339,0.543,0.534,0.466,0.602
"GSE50081",FALSE,"proliferation_matched","random",568,"EIF4EBP1|POLD1|EZH2|LPL",4,1.555,1.23,1.967,0.000229,0.632,0.57,0.694
"GSE50081",FALSE,"proliferation_matched","random",569,"PSMA7|C4orf46|PCDHB4|NOLC1",4,1.15,0.928,1.425,0.2,0.573,0.504,0.642
"GSE50081",FALSE,"proliferation_matched","random",570,"LY6G5C|CAPN5|CYP4B1|RBMS3",4,0.758,0.61,0.941,0.0122,0.579,0.517,0.642
"GSE50081",FALSE,"proliferation_matched","random",571,"DEPTOR|TSC22D3|BRIX1|LIMCH1",4,0.703,0.558,0.886,0.00287,0.61,0.541,0.678
"GSE50081",FALSE,"proliferation_matched","random",572,"SPRY1|WFDC1|LYAR|FMO3",4,0.859,0.682,1.081,0.195,0.546,0.478,0.614
"GSE50081",FALSE,"proliferation_matched","random",573,"NEK2|MTHFD2|PSMC3IP|KIF23",4,1.215,0.984,1.501,0.0706,0.577,0.512,0.642
"GSE50081",FALSE,"proliferation_matched","random",574,"TIMELESS|UBTD1|PKNOX2|PCDHB4",4,0.827,0.65,1.053,0.123,0.553,0.48,0.625
"GSE50081",FALSE,"proliferation_matched","random",575,"RPF2|EFCAB3|CELF2|POLR2H",4,1.102,0.884,1.375,0.389,0.515,0.443,0.587
"GSE50081",FALSE,"proliferation_matched","random",576,"ELOVL6|CAPN5|AK4|SAAL1",4,1.082,0.875,1.339,0.466,0.528,0.461,0.595
"GSE50081",FALSE,"proliferation_matched","random",577,"TMEM125|TNFSF12|DNM3|NMT1",4,0.814,0.65,1.02,0.0736,0.552,0.482,0.622
"GSE50081",FALSE,"proliferation_matched","random",578,"TMEM130|PRC1|ELN|AGO2",4,0.852,0.673,1.08,0.186,0.532,0.46,0.605
"GSE50081",FALSE,"proliferation_matched","random",579,"YPEL3|NR2F1|PNMA2|STARD9",4,0.779,0.626,0.97,0.0256,0.587,0.52,0.654
"GSE50081",FALSE,"proliferation_matched","random",580,"SPC25|FOSL1|SNRPG|EZH2",4,1.208,0.978,1.491,0.0791,0.585,0.519,0.652
"GSE50081",FALSE,"proliferation_matched","random",581,"CDCA3|PLXNA2|SENP5|CSDC2",4,0.994,0.788,1.253,0.959,0.478,0.403,0.553
"GSE50081",FALSE,"proliferation_matched","random",582,"NTRK3|MYBL2|TTL|CRY2",4,0.939,0.743,1.185,0.595,0.51,0.441,0.578
"GSE50081",FALSE,"proliferation_matched","random",583,"NCAPG|GSTM5|HSPB7|NUSAP1",4,1.13,0.905,1.41,0.281,0.536,0.471,0.602
"GSE50081",FALSE,"proliferation_matched","random",584,"RCAN2|ODF2|LIG1|AK4",4,1.154,0.917,1.451,0.222,0.543,0.471,0.614
"GSE50081",FALSE,"proliferation_matched","random",585,"EFCAB3|STC1|FAM162A|FRY",4,1.055,0.837,1.331,0.65,0.499,0.428,0.57
"GSE50081",FALSE,"proliferation_matched","random",586,"SASS6|TMEM38B|ACOXL|CYCS",4,0.985,0.782,1.242,0.9,0.523,0.446,0.6
"GSE50081",FALSE,"proliferation_matched","random",587,"KPNA4|PCNA|TSC22D3|TRIM59",4,1.067,0.844,1.348,0.588,0.539,0.468,0.609
"GSE50081",FALSE,"proliferation_matched","random",588,"TNFSF12|LYAR|TMEM98|SSX2IP",4,0.934,0.741,1.176,0.559,0.51,0.441,0.579
"GSE50081",FALSE,"proliferation_matched","random",589,"COL7A1|EPDR1|RMI1|ZNF367",4,1.099,0.881,1.371,0.403,0.524,0.458,0.591
"GSE50081",FALSE,"proliferation_matched","random",590,"UBA6|GPLD1|CHAC2|ECE2",4,0.862,0.684,1.087,0.211,0.525,0.453,0.596
"GSE50081",FALSE,"proliferation_matched","random",591,"HELLS|NUDT3|TEAD4|ATP1B3",4,1.206,0.963,1.511,0.103,0.56,0.488,0.631
"GSE50081",FALSE,"proliferation_matched","random",592,"YPEL3|NEK2|SCD|ARHGAP11A",4,1.3,1.036,1.632,0.0236,0.58,0.515,0.645
"GSE50081",FALSE,"proliferation_matched","random",593,"SLFNL1|CPB2|ENPP5|ARMCX5-GPRASP2",4,0.716,0.558,0.918,0.00849,0.6,0.534,0.665
"GSE50081",FALSE,"proliferation_matched","random",594,"HMCN1|NCAPG2|RGN|RPA3",4,0.883,0.703,1.11,0.288,0.531,0.457,0.605
"GSE50081",FALSE,"proliferation_matched","random",595,"NDUFA9|FAM149A|TTL|PTPRU",4,0.775,0.607,0.99,0.0414,0.543,0.47,0.615
"GSE50081",FALSE,"proliferation_matched","random",596,"C14orf132|MPV17L|RCCD1|NDE1",4,0.995,0.789,1.254,0.966,0.489,0.421,0.556
"GSE50081",FALSE,"proliferation_matched","random",597,"ISY1|NCBP1|CDCA5|RCAN2",4,1.03,0.82,1.293,0.802,0.521,0.45,0.593
"GSE50081",FALSE,"proliferation_matched","random",598,"ESCO2|NALCN|DAAM2|CD302",4,0.806,0.651,0.999,0.0486,0.585,0.52,0.65
"GSE50081",FALSE,"proliferation_matched","random",599,"ORC5|AGO2|MEF2C|ARMCX5-GPRASP2",4,0.86,0.688,1.075,0.186,0.55,0.479,0.621
"GSE50081",FALSE,"proliferation_matched","random",600,"ADAMTSL3|XPO5|EIF2S2|YPEL3",4,0.799,0.632,1.009,0.0598,0.547,0.478,0.617
"GSE50081",FALSE,"proliferation_matched","random",601,"CENPW|SOD2|GINS3|KIF4A",4,1.243,0.996,1.552,0.0539,0.567,0.502,0.633
"GSE50081",FALSE,"proliferation_matched","random",602,"TMEM132A|SUMO4|XRCC3|CD302",4,1.003,0.802,1.254,0.977,0.481,0.412,0.55
"GSE50081",FALSE,"proliferation_matched","random",603,"SELENBP1|SEC61A2|ZWINT|DISP1",4,0.899,0.711,1.138,0.378,0.51,0.439,0.581
"GSE50081",FALSE,"proliferation_matched","random",604,"TIMELESS|NANOG|KLHL42|LIG1",4,1.199,0.961,1.498,0.109,0.569,0.499,0.639
"GSE50081",FALSE,"proliferation_matched","random",605,"CKS1B|INSIG1|SHE|DAAM2",4,0.884,0.701,1.114,0.295,0.507,0.438,0.575
"GSE50081",FALSE,"proliferation_matched","random",606,"MMP12|UNC13B|CSE1L|CAPN5",4,0.922,0.729,1.167,0.498,0.516,0.443,0.589
"GSE50081",FALSE,"proliferation_matched","random",607,"PSAT1|FNIP2|CAPN5|RERG",4,0.848,0.68,1.058,0.144,0.56,0.489,0.63
"GSE50081",FALSE,"proliferation_matched","random",608,"RAI2|FXR1|SNRPF|GLOD5",4,0.951,0.76,1.19,0.659,0.52,0.455,0.585
"GSE50081",FALSE,"proliferation_matched","random",609,"NPR1|MFN1|ESPL1|SCN7A",4,0.749,0.591,0.947,0.016,0.576,0.503,0.649
"GSE50081",FALSE,"proliferation_matched","random",610,"E2F8|DEPDC1B|ACOT1|SAPCD2",4,1.313,1.053,1.638,0.0156,0.596,0.532,0.66
"GSE50081",FALSE,"proliferation_matched","random",611,"GBP1|SPC25|PPAT|RACGAP1",4,1.263,1.016,1.568,0.0351,0.581,0.518,0.645
"GSE50081",FALSE,"proliferation_matched","random",612,"C1orf198|NFIX|LY6G5C|FNIP2",4,0.801,0.635,1.01,0.0604,0.564,0.493,0.635
"GSE50081",FALSE,"proliferation_matched","random",613,"NANOG|NEIL3|PSAT1|ODF2",4,1.078,0.871,1.334,0.49,0.548,0.482,0.614
"GSE50081",FALSE,"proliferation_matched","random",614,"CUL4A|MCM3|LTC4S|NME1",4,1.118,0.883,1.416,0.354,0.52,0.449,0.59
"GSE50081",FALSE,"proliferation_matched","random",615,"MAP6|HSPG2|DARS2|CDCA2",4,1.005,0.796,1.269,0.967,0.499,0.425,0.573
"GSE50081",FALSE,"proliferation_matched","random",616,"VWA5A|DHX37|WDR53|SORBS1",4,0.783,0.62,0.99,0.0409,0.553,0.482,0.624
"GSE50081",FALSE,"proliferation_matched","random",617,"PGR|ARL6IP6|GNG7|SPNS2",4,0.631,0.481,0.827,0.000863,0.605,0.535,0.675
"GSE50081",FALSE,"proliferation_matched","random",618,"CYTH3|NANOG|ZHX1-C8orf76|C1QTNF7",4,0.764,0.601,0.971,0.0277,0.566,0.501,0.631
"GSE50081",FALSE,"proliferation_matched","random",619,"SKA1|CORO1C|TPX2|IPPK",4,1.256,1.018,1.55,0.0335,0.587,0.522,0.653
"GSE50081",FALSE,"proliferation_matched","random",620,"MYH11|SNRPA|SCUBE2|SASS6",4,1.018,0.805,1.287,0.883,0.512,0.449,0.575
"GSE50081",FALSE,"proliferation_matched","random",621,"MYRIP|ITGA8|CGNL1|NIFK",4,0.779,0.619,0.98,0.0327,0.57,0.503,0.637
"GSE50081",FALSE,"proliferation_matched","random",622,"PTPRU|HIGD1B|BTBD9|GINS4",4,0.851,0.674,1.075,0.176,0.558,0.489,0.627
"GSE50081",FALSE,"proliferation_matched","random",623,"C9orf152|DGKZ|CCDC58|ATR",4,0.917,0.723,1.163,0.475,0.549,0.479,0.619
"GSE50081",FALSE,"proliferation_matched","random",624,"RHOBTB2|CCDC34|CCND3|PLOD2",4,0.941,0.748,1.183,0.603,0.514,0.445,0.583
"GSE50081",FALSE,"proliferation_matched","random",625,"MOXD1|CCDC150|CTSO|IQGAP3",4,1.238,0.975,1.571,0.0803,0.565,0.496,0.634
"GSE50081",FALSE,"proliferation_matched","random",626,"GLOD5|INVS|CSDC2|RHNO1",4,1.011,0.795,1.285,0.931,0.501,0.431,0.571
"GSE50081",FALSE,"proliferation_matched","random",627,"CENPJ|LSM1|AURKA|NR3C2",4,1.155,0.915,1.457,0.226,0.522,0.446,0.597
"GSE50081",FALSE,"proliferation_matched","random",628,"TOMM5|FBL|MEF2C|PNMA2",4,0.82,0.652,1.031,0.0889,0.529,0.454,0.604
"GSE50081",FALSE,"proliferation_matched","random",629,"WDR53|RGL1|FAT4|GPD1L",4,0.783,0.619,0.989,0.04,0.569,0.499,0.639
"GSE50081",FALSE,"proliferation_matched","random",630,"CASQ2|ABHD14A|CKS2|OGN",4,0.795,0.619,1.021,0.0727,0.542,0.473,0.61
"GSE50081",FALSE,"proliferation_matched","random",631,"NDUFA9|DNAJC18|SLC24A3|PDE1A",4,0.888,0.702,1.123,0.321,0.533,0.46,0.606
"GSE50081",FALSE,"proliferation_matched","random",632,"SPAG5|ACTL6A|ST6GALNAC6|PNPT1",4,1.114,0.893,1.39,0.337,0.533,0.462,0.604
"GSE50081",FALSE,"proliferation_matched","random",633,"CAPN3|E2F7|OSR1|SFTA2",4,0.719,0.575,0.898,0.00369,0.593,0.527,0.658
"GSE50081",FALSE,"proliferation_matched","random",634,"CDCA3|CENPL|SLC18A2|RACGAP1",4,1.135,0.91,1.415,0.262,0.554,0.486,0.622
"GSE50081",FALSE,"proliferation_matched","random",635,"ARHGAP11B|RAF1|CCDC150|LDHA",4,1.396,1.131,1.724,0.00192,0.611,0.548,0.673
"GSE50081",FALSE,"proliferation_matched","random",636,"OGN|AOC3|HPRT1|EEF2K",4,0.762,0.6,0.967,0.0255,0.589,0.524,0.654
"GSE50081",FALSE,"proliferation_matched","random",637,"NUP205|NPC2|CXCL10|XRCC3",4,1.051,0.832,1.326,0.678,0.52,0.449,0.592
"GSE50081",FALSE,"proliferation_matched","random",638,"SLC6A8|TEX30|SCTR|TMEM119",4,0.914,0.737,1.133,0.411,0.515,0.452,0.577
"GSE50081",FALSE,"proliferation_matched","random",639,"GTF3C6|BUB1|CENPU|KBTBD11",4,1.208,0.97,1.504,0.0922,0.562,0.492,0.632
"GSE50081",FALSE,"proliferation_matched","random",640,"RFC4|RNASE4|ADCY1|FANCA",4,1.067,0.852,1.336,0.573,0.535,0.466,0.604
"GSE50081",FALSE,"proliferation_matched","random",641,"IQGAP3|ADCY1|SOD2|NUP37",4,1.404,1.099,1.793,0.00661,0.582,0.515,0.65
"GSE50081",FALSE,"proliferation_matched","random",642,"CD302|TMEM204|PSAT1|DNAJB13",4,0.691,0.548,0.871,0.00178,0.597,0.529,0.665
"GSE50081",FALSE,"proliferation_matched","random",643,"TIMM10B|TLE2|BORA|MOXD1",4,0.723,0.59,0.886,0.00175,0.601,0.538,0.664
"GSE50081",FALSE,"proliferation_matched","random",644,"RHNO1|CCNF|AOC3|AIM2",4,1.137,0.896,1.441,0.291,0.546,0.477,0.614
"GSE50081",FALSE,"proliferation_matched","random",645,"MCM2|RNASEH2A|JDP2|CYCS",4,1.096,0.874,1.376,0.428,0.528,0.457,0.599
"GSE50081",FALSE,"proliferation_matched","random",646,"UBA6|TCOF1|PRDM16|PSMD14",4,0.995,0.789,1.255,0.964,0.53,0.46,0.6
"GSE50081",FALSE,"proliferation_matched","random",647,"DAPK1|ACOT7|BICD1|POP7",4,1.139,0.917,1.416,0.24,0.56,0.494,0.626
"GSE50081",FALSE,"proliferation_matched","random",648,"SGSM1|PSME3|RFC4|NCAPG2",4,1.102,0.886,1.372,0.383,0.531,0.463,0.599
"GSE50081",FALSE,"proliferation_matched","random",649,"CENPM|ACP1|UBA6|DDX19B",4,1.022,0.818,1.278,0.847,0.527,0.458,0.595
"GSE50081",FALSE,"proliferation_matched","random",650,"ARNTL2|LRR1|HEYL|PHACTR1",4,0.909,0.716,1.155,0.435,0.509,0.436,0.582
"GSE50081",FALSE,"proliferation_matched","random",651,"NDUFA12|ADCY9|POLR3G|TSPAN4",4,0.839,0.655,1.075,0.165,0.517,0.446,0.588
"GSE50081",FALSE,"proliferation_matched","random",652,"CORO2B|FBXO5|MPV17L|VRK1",4,0.929,0.721,1.198,0.571,0.54,0.463,0.616
"GSE50081",FALSE,"proliferation_matched","random",653,"MALL|DTYMK|CSRP1|AOC3",4,0.709,0.571,0.882,0.00197,0.558,0.486,0.629
"GSE50081",FALSE,"proliferation_matched","random",654,"DTYMK|SLC16A4|CYP2B6|CHAC2",4,0.73,0.573,0.93,0.0108,0.576,0.508,0.645
"GSE50081",FALSE,"proliferation_matched","random",655,"GMNN|DNMT1|TROAP|FAM149A",4,1.146,0.908,1.447,0.25,0.544,0.472,0.616
"GSE50081",FALSE,"proliferation_matched","random",656,"IDUA|STC1|MGP|SPON1",4,0.86,0.691,1.07,0.176,0.551,0.48,0.621
"GSE50081",FALSE,"proliferation_matched","random",657,"ZNF362|LMNB1|APOBEC3B|DIRAS3",4,1.035,0.816,1.312,0.776,0.508,0.432,0.585
"GSE50081",FALSE,"proliferation_matched","random",658,"COL14A1|ESCO2|STC1|SCML2",4,1.066,0.852,1.332,0.576,0.545,0.476,0.615
"GSE50081",FALSE,"proliferation_matched","random",659,"CCDC34|RBMS2|EIF4EBP1|PRKCE",4,0.991,0.787,1.248,0.936,0.495,0.423,0.567
"GSE50081",FALSE,"proliferation_matched","random",660,"PEX11B|MAGI1|DUSP1|EPDR1",4,0.754,0.599,0.948,0.0157,0.579,0.512,0.646
"GSE50081",FALSE,"proliferation_matched","random",661,"UHRF1|CEP63|DUSP1|ABHD14A",4,0.932,0.741,1.171,0.544,0.504,0.431,0.578
"GSE50081",FALSE,"proliferation_matched","random",662,"SHCBP1|ASPM|PLOD2|NR2F1",4,1.175,0.943,1.463,0.15,0.536,0.468,0.604
"GSE50081",FALSE,"proliferation_matched","random",663,"C9orf40|GINS1|SRRT|FAM120A",4,1.207,0.963,1.512,0.102,0.551,0.484,0.617
"GSE50081",FALSE,"proliferation_matched","random",664,"MICAL2|NUP155|CD302|GAS2L3",4,1.139,0.902,1.439,0.275,0.539,0.471,0.608
"GSE50081",FALSE,"proliferation_matched","random",665,"CCNE2|TTK|MAGI2|ELOVL6",4,1.097,0.879,1.368,0.413,0.528,0.461,0.595
"GSE50081",FALSE,"proliferation_matched","random",666,"GFRA1|SLC18A2|CENPW|NUDT3",4,0.7,0.562,0.872,0.00144,0.631,0.568,0.693
"GSE50081",FALSE,"proliferation_matched","random",667,"SLC22A3|DGKZ|KIF2C|ORC5",4,1.085,0.868,1.356,0.475,0.525,0.454,0.597
"GSE50081",FALSE,"proliferation_matched","random",668,"C9orf152|LIG1|TK2|TTK",4,0.985,0.776,1.252,0.905,0.504,0.434,0.574
"GSE50081",FALSE,"proliferation_matched","random",669,"SNRPA|FBLN5|CHEK2|LAMB2",4,0.931,0.736,1.178,0.551,0.512,0.443,0.582
"GSE50081",FALSE,"proliferation_matched","random",670,"E2F8|KNTC1|DCUN1D3|MAGOHB",4,1.242,1.002,1.538,0.0474,0.566,0.497,0.634
"GSE50081",FALSE,"proliferation_matched","random",671,"MGP|ATOH8|C12orf73|CCNA2",4,0.954,0.761,1.198,0.687,0.488,0.419,0.558
"GSE50081",FALSE,"proliferation_matched","random",672,"SLC40A1|FRZB|ORC5|TK2",4,0.834,0.67,1.038,0.104,0.565,0.502,0.628
"GSE50081",FALSE,"proliferation_matched","random",673,"BUB3|ACAD9|EMC9|PRIM1",4,1.227,0.98,1.537,0.0751,0.574,0.507,0.64
"GSE50081",FALSE,"proliferation_matched","random",674,"MR1|ODF2|LIMCH1|SHROOM4",4,0.777,0.615,0.983,0.0353,0.563,0.497,0.629
"GSE50081",FALSE,"proliferation_matched","random",675,"RRM2|DPYSL2|GINS4|NAPSA",4,1.057,0.831,1.346,0.651,0.539,0.463,0.614
"GSE50081",FALSE,"proliferation_matched","random",676,"CTDSPL|DSP|SNX5|IL11RA",4,0.893,0.713,1.119,0.326,0.528,0.459,0.596
"GSE50081",FALSE,"proliferation_matched","random",677,"CEP63|LYRM9|PNPT1|F10",4,0.796,0.633,1.002,0.0524,0.572,0.506,0.638
"GSE50081",FALSE,"proliferation_matched","random",678,"ARHGAP11B|RBM5|TIMELESS|PPP1R3C",4,1.223,0.988,1.516,0.0649,0.567,0.5,0.633
"GSE50081",FALSE,"proliferation_matched","random",679,"GSS|CRYM|PEAK1|CCDC34",4,0.851,0.674,1.074,0.174,0.568,0.5,0.636
"GSE50081",FALSE,"proliferation_matched","random",680,"TAF5|MYH11|HSPA14|CDCA5",4,1.014,0.81,1.27,0.902,0.497,0.428,0.566
"GSE50081",FALSE,"proliferation_matched","random",681,"CENPO|SKP1|EFTUD2|DNAJC9",4,1.134,0.914,1.407,0.252,0.546,0.482,0.611
"GSE50081",FALSE,"proliferation_matched","random",682,"NFASC|RMI2|PDCD10|DNMT1",4,0.967,0.752,1.242,0.791,0.489,0.416,0.563
"GSE50081",FALSE,"proliferation_matched","random",683,"ENPP5|CAPN8|MCM3|TRIM8",4,0.825,0.66,1.032,0.0926,0.561,0.498,0.624
"GSE50081",FALSE,"proliferation_matched","random",684,"PPP2R1B|TSC22D3|RHOBTB2|SHE",4,0.709,0.557,0.904,0.00543,0.581,0.511,0.652
"GSE50081",FALSE,"proliferation_matched","random",685,"RBPMS|DGKZ|KANK2|SAR1A",4,1.007,0.794,1.277,0.957,0.517,0.446,0.588
"GSE50081",FALSE,"proliferation_matched","random",686,"C12orf73|APOL2|UGGT1|CNRIP1",4,1.173,0.931,1.478,0.175,0.56,0.492,0.628
"GSE50081",FALSE,"proliferation_matched","random",687,"PTTG1|EZH2|MCM6|CDK1",4,1.344,1.072,1.686,0.0105,0.59,0.526,0.653
"GSE50081",FALSE,"proliferation_matched","random",688,"RHNO1|DNAJC9|LMOD1|KBTBD11",4,0.876,0.694,1.107,0.268,0.531,0.461,0.601
"GSE50081",FALSE,"proliferation_matched","random",689,"ORC6|MEOX2|FAM136A|CYCS",4,1.03,0.831,1.275,0.79,0.517,0.445,0.59
"GSE50081",FALSE,"proliferation_matched","random",690,"KIF23|SNED1|RHOBTB2|FOXM1",4,1.054,0.83,1.338,0.666,0.52,0.451,0.589
"GSE50081",FALSE,"proliferation_matched","random",691,"SNX5|RIPK2|FAM149A|BBS1",4,1.005,0.793,1.274,0.966,0.505,0.436,0.574
"GSE50081",FALSE,"proliferation_matched","random",692,"MMP12|CDCA7|TCF19|C1QTNF7",4,1.042,0.832,1.305,0.719,0.498,0.428,0.569
"GSE50081",FALSE,"proliferation_matched","random",693,"PHYHD1|LAMA2|PHF19|RUVBL2",4,0.889,0.691,1.145,0.363,0.532,0.46,0.603
"GSE50081",FALSE,"proliferation_matched","random",694,"ZNF763|LAMB2|PDE4A|MXD1",4,0.942,0.75,1.184,0.608,0.513,0.439,0.586
"GSE50081",FALSE,"proliferation_matched","random",695,"IQSEC1|SNX5|TMED10|COL4A3",4,0.864,0.686,1.088,0.213,0.532,0.463,0.601
"GSE50081",FALSE,"proliferation_matched","random",696,"ZBTB16|COL4A3|MR1|CENPN",4,0.803,0.637,1.011,0.0615,0.572,0.505,0.638
"GSE50081",FALSE,"proliferation_matched","random",697,"DNMT1|FAM210A|MCM8|SLIT2",4,0.972,0.773,1.222,0.806,0.513,0.441,0.584
"GSE50081",FALSE,"proliferation_matched","random",698,"ENPP5|PLXNA2|MUC1|MASTL",4,0.804,0.646,1.001,0.0508,0.58,0.515,0.646
"GSE50081",FALSE,"proliferation_matched","random",699,"CAPN3|ARHGEF17|RPF2|SLC6A8",4,0.921,0.735,1.155,0.475,0.535,0.463,0.606
"GSE50081",FALSE,"proliferation_matched","random",700,"PLSCR4|CEP152|C4orf46|MCM3",4,1.136,0.907,1.423,0.266,0.511,0.437,0.585
"GSE50081",FALSE,"proliferation_matched","random",701,"RGN|KIF4A|PLOD2|DIXDC1",4,0.996,0.779,1.274,0.977,0.501,0.426,0.576
"GSE50081",FALSE,"proliferation_matched","random",702,"NPR1|MTCH2|INMT|MAP6",4,0.699,0.548,0.891,0.00387,0.575,0.504,0.645
"GSE50081",FALSE,"proliferation_matched","random",703,"SNRPF|SNRPG|ABRACL|ABHD14A",4,0.919,0.728,1.161,0.481,0.488,0.414,0.562
"GSE50081",FALSE,"proliferation_matched","random",704,"TNFSF12|FEN1|ZWILCH|DEK",4,1.185,0.942,1.492,0.148,0.534,0.463,0.606
"GSE50081",FALSE,"proliferation_matched","random",705,"CDCA5|TMEM125|SPNS2|RHOB",4,0.843,0.683,1.042,0.113,0.538,0.474,0.603
"GSE50081",FALSE,"proliferation_matched","random",706,"MAD2L1|CDCA5|IFNG|BTBD9",4,1.348,1.086,1.673,0.00682,0.591,0.528,0.655
"GSE50081",FALSE,"proliferation_matched","random",707,"UNC5C|TIMM10B|RGN|PDE7B",4,0.666,0.522,0.85,0.00112,0.619,0.555,0.683
"GSE50081",FALSE,"proliferation_matched","random",708,"ACOT1|MRPL11|PFDN2|IDUA",4,0.945,0.744,1.2,0.642,0.481,0.409,0.552
"GSE50081",FALSE,"proliferation_matched","random",709,"TCF21|DACT3|FAM168B|DLGAP5",4,0.988,0.777,1.256,0.918,0.47,0.396,0.543
"GSE50081",FALSE,"proliferation_matched","random",710,"DIRAS3|PLEKHM3|ZBTB16|DEPDC1",4,0.831,0.655,1.055,0.129,0.559,0.492,0.626
"GSE50081",FALSE,"proliferation_matched","random",711,"CLEC3B|ELOVL6|PPP1R3C|LSM5",4,0.802,0.643,1.001,0.0507,0.568,0.501,0.635
"GSE50081",FALSE,"proliferation_matched","random",712,"PAICS|PSMA7|GTF3C6|E2F8",4,1.171,0.946,1.451,0.147,0.559,0.491,0.628
"GSE50081",FALSE,"proliferation_matched","random",713,"RNASE4|VSIG2|C3orf18|FXYD1",4,0.684,0.538,0.87,0.00192,0.594,0.531,0.657
"GSE50081",FALSE,"proliferation_matched","random",714,"CDC45|KIFC1|CYS1|PHACTR1",4,1.18,0.933,1.491,0.167,0.548,0.476,0.621
"GSE50081",FALSE,"proliferation_matched","random",715,"ZC3H8|FANCA|TMEM155|INSIG1",4,1.201,0.964,1.496,0.102,0.576,0.512,0.64
"GSE50081",FALSE,"proliferation_matched","random",716,"ADAMTSL2|TMEM108|CDO1|RERE",4,0.77,0.612,0.968,0.0255,0.584,0.516,0.652
"GSE50081",FALSE,"proliferation_matched","random",717,"NUSAP1|CXCL16|CAB39L|DAAM2",4,0.936,0.754,1.162,0.55,0.533,0.466,0.599
"GSE50081",FALSE,"proliferation_matched","random",718,"RMI2|TEX30|TMEM130|CLPB",4,1.097,0.875,1.376,0.421,0.515,0.443,0.588
"GSE50081",FALSE,"proliferation_matched","random",719,"CDK1|MASTL|SFTA2|RAD18",4,1.025,0.822,1.278,0.824,0.505,0.435,0.576
"GSE50081",FALSE,"proliferation_matched","random",720,"EIF4EBP2|RFTN1|CDCA2|PARL",4,0.92,0.731,1.157,0.475,0.505,0.437,0.573
"GSE50081",FALSE,"proliferation_matched","random",721,"KNSTRN|MAMDC2|MCAM|UNG",4,1.017,0.818,1.264,0.879,0.524,0.456,0.593
"GSE50081",FALSE,"proliferation_matched","random",722,"RNASE4|ZNF367|TMEM119|MCM4",4,1.045,0.822,1.328,0.719,0.528,0.456,0.601
"GSE50081",FALSE,"proliferation_matched","random",723,"FRAT1|IQSEC1|MMP12|DPYSL2",4,0.818,0.646,1.036,0.0951,0.55,0.482,0.617
"GSE50081",FALSE,"proliferation_matched","random",724,"SLC16A1|IFNG|RHNO1|HELLS",4,1.254,1.006,1.564,0.044,0.572,0.505,0.639
"GSE50081",FALSE,"proliferation_matched","random",725,"PSMD2|LSG1|HGF|MCM6",4,1.228,0.986,1.529,0.0667,0.572,0.503,0.642
"GSE50081",FALSE,"proliferation_matched","random",726,"PGPEP1|CTDSPL|HNF1B|KIF4A",4,0.877,0.7,1.097,0.25,0.543,0.477,0.609
"GSE50081",FALSE,"proliferation_matched","random",727,"BRIP1|DUS4L|CDC45|SLC16A4",4,1.212,0.981,1.496,0.0744,0.568,0.5,0.637
"GSE50081",FALSE,"proliferation_matched","random",728,"BUB1|MIS18A|PRR15L|KIF18B",4,1.24,0.99,1.554,0.0612,0.568,0.501,0.634
"GSE50081",FALSE,"proliferation_matched","random",729,"PENK|CDC6|PAWR|PDE4A",4,1.17,0.941,1.454,0.157,0.554,0.486,0.622
"GSE50081",FALSE,"proliferation_matched","random",730,"CSRNP1|CPSF3|DDIAS|SEC61A2",4,1.008,0.81,1.253,0.947,0.514,0.446,0.582
"GSE50081",FALSE,"proliferation_matched","random",731,"SMC2|ZNF367|KANK3|GINS1",4,1.197,0.95,1.508,0.126,0.545,0.477,0.613
"GSE50081",FALSE,"proliferation_matched","random",732,"NINJ2|ALDH2|P4HTM|HIP1",4,0.779,0.629,0.964,0.0218,0.59,0.522,0.659
"GSE50081",FALSE,"proliferation_matched","random",733,"UGGT1|FAM120A|BICD1|HGF",4,1.197,0.966,1.484,0.101,0.568,0.497,0.639
"GSE50081",FALSE,"proliferation_matched","random",734,"CDK2|UBE2T|STEAP4|SMC4",4,1.164,0.927,1.462,0.191,0.543,0.473,0.613
"GSE50081",FALSE,"proliferation_matched","random",735,"TACC3|MCM6|NCAPG2|SCML2",4,1.247,1.007,1.545,0.0435,0.587,0.522,0.653
"GSE50081",FALSE,"proliferation_matched","random",736,"ACOXL|NANOG|SKA2|DSCC1",4,0.975,0.773,1.23,0.831,0.525,0.454,0.597
"GSE50081",FALSE,"proliferation_matched","random",737,"C16orf89|PNMA2|PDCD10|CTSH",4,0.728,0.574,0.924,0.00897,0.595,0.532,0.659
"GSE50081",FALSE,"proliferation_matched","random",738,"DSCC1|CCDC137|GSS|APOBEC3B",4,1.162,0.931,1.45,0.184,0.531,0.461,0.601
"GSE50081",FALSE,"proliferation_matched","random",739,"IQGAP3|SPDL1|HPRT1|FXYD1",4,1.235,0.993,1.535,0.0575,0.562,0.494,0.631
"GSE50081",FALSE,"proliferation_matched","random",740,"BLM|CACNA2D2|CHTF18|HSPD1",4,1.107,0.882,1.39,0.38,0.538,0.467,0.609
"GSE50081",FALSE,"proliferation_matched","random",741,"HAUS8|HSPB7|HSPG2|KIF23",4,0.882,0.688,1.131,0.322,0.546,0.474,0.618
"GSE50081",FALSE,"proliferation_matched","random",742,"MIS18A|ECE2|EZH2|MTA2",4,1.172,0.942,1.458,0.155,0.566,0.5,0.631
"GSE50081",FALSE,"proliferation_matched","random",743,"LAMA2|DEPDC1|NDUFA9|TBX2",4,0.849,0.671,1.075,0.174,0.528,0.46,0.597
"GSE50081",FALSE,"proliferation_matched","random",744,"DBF4|HMMR|DHX37|CITED2",4,1.1,0.88,1.376,0.401,0.538,0.473,0.603
"GSE50081",FALSE,"proliferation_matched","random",745,"EME1|BRCA1|PPAN|AR",4,1.214,0.957,1.541,0.111,0.547,0.473,0.622
"GSE50081",FALSE,"proliferation_matched","random",746,"THRA|FAM83D|AURKB|NMT1",4,1.06,0.84,1.337,0.624,0.519,0.448,0.591
"GSE50081",FALSE,"proliferation_matched","random",747,"KANK2|MRPL12|ZNF326|CEP55",4,1.175,0.938,1.473,0.161,0.538,0.47,0.606
"GSE50081",FALSE,"proliferation_matched","random",748,"GFRA1|PID1|EPDR1|FAM83D",4,0.609,0.477,0.779,7.57e-05,0.636,0.571,0.7
"GSE50081",FALSE,"proliferation_matched","random",749,"METTL5|PHF19|C9orf152|LTBP4",4,0.787,0.624,0.994,0.0441,0.573,0.509,0.636
"GSE50081",FALSE,"proliferation_matched","random",750,"RFTN1|R3HDM1|TDRD10|CXCL16",4,0.938,0.751,1.172,0.573,0.506,0.435,0.577
"GSE50081",FALSE,"proliferation_matched","random",751,"UCHL3|TPI1|UNG|APOL2",4,1.193,0.963,1.477,0.106,0.573,0.507,0.638
"GSE50081",FALSE,"proliferation_matched","random",752,"LSM12|SCML2|FAM168B|SEC61A2",4,1.142,0.925,1.409,0.216,0.573,0.506,0.64
"GSE50081",FALSE,"proliferation_matched","random",753,"FXYD1|MIS18A|HMCN1|SHMT2",4,0.759,0.599,0.962,0.0224,0.567,0.495,0.639
"GSE50081",FALSE,"proliferation_matched","random",754,"NDC80|SPAG5|UBTD1|CPSF3",4,1.145,0.919,1.427,0.228,0.546,0.478,0.614
"GSE50081",FALSE,"proliferation_matched","random",755,"DOT1L|LTBP2|CDC6|FBLN5",4,0.935,0.736,1.187,0.581,0.49,0.419,0.561
"GSE50081",FALSE,"proliferation_matched","random",756,"DISP1|FAM136A|CKS1B|NINJ2",4,0.832,0.658,1.052,0.124,0.529,0.461,0.598
"GSE50081",FALSE,"proliferation_matched","random",757,"TIPIN|DKC1|C6orf89|SMC3",4,1.243,0.992,1.558,0.059,0.521,0.451,0.592
"GSE50081",FALSE,"proliferation_matched","random",758,"CITED2|CENPA|SSX2IP|ATR",4,1.032,0.811,1.314,0.796,0.503,0.427,0.579
"GSE50081",FALSE,"proliferation_matched","random",759,"IGFBP7|ADAMTSL3|KIF4A|DDX39A",4,0.954,0.745,1.221,0.707,0.478,0.402,0.554
"GSE50081",FALSE,"proliferation_matched","random",760,"ASPM|PAICS|BRIP1|SYNE1",4,1.151,0.927,1.43,0.203,0.544,0.477,0.61
"GSE50081",FALSE,"proliferation_matched","random",761,"EME1|HYPK|TOPBP1|CEP63",4,1.096,0.871,1.379,0.435,0.503,0.431,0.576
"GSE50081",FALSE,"proliferation_matched","random",762,"EXO1|LTC4S|CCNA2|ABHD14A",4,0.95,0.754,1.196,0.661,0.505,0.431,0.579
"GSE50081",FALSE,"proliferation_matched","random",763,"PARD3B|PGAM5|PRPF4|PSAT1",4,1.01,0.807,1.265,0.927,0.519,0.45,0.589
"GSE50081",FALSE,"proliferation_matched","random",764,"PCYT1A|TMPRSS2|CALM1|MFN1",4,0.751,0.599,0.943,0.0136,0.574,0.502,0.646
"GSE50081",FALSE,"proliferation_matched","random",765,"GTSE1|ALDH6A1|DNM3|E2F8",4,1.086,0.865,1.363,0.48,0.528,0.458,0.597
"GSE50081",FALSE,"proliferation_matched","random",766,"CENPA|MRPS17|MELK|SCN4B",4,1.078,0.863,1.346,0.507,0.547,0.474,0.62
"GSE50081",FALSE,"proliferation_matched","random",767,"NCAPG|PPAT|TP53BP1|PLEKHM3",4,1,0.788,1.269,0.998,0.522,0.45,0.594
"GSE50081",FALSE,"proliferation_matched","random",768,"CD81|FANCB|SPRY4|BRIX1",4,0.914,0.729,1.145,0.434,0.521,0.45,0.592
"GSE50081",FALSE,"proliferation_matched","random",769,"RAI2|TPX2|OSR1|NAP1L3",4,0.717,0.561,0.915,0.00753,0.589,0.519,0.659
"GSE50081",FALSE,"proliferation_matched","random",770,"SCGB3A1|DSN1|ASAP3|INMT",4,0.707,0.555,0.9,0.00495,0.59,0.523,0.656
"GSE50081",FALSE,"proliferation_matched","random",771,"NEK2|HPGDS|ITGA8|CCDC59",4,0.888,0.713,1.106,0.289,0.54,0.474,0.606
"GSE50081",FALSE,"proliferation_matched","random",772,"FAM136A|MRPL21|CHEK2|C12orf45",4,1.199,0.97,1.481,0.0931,0.576,0.509,0.644
"GSE50081",FALSE,"proliferation_matched","random",773,"RPS6KA2|RUFY2|PDE1A|STXBP1",4,0.814,0.658,1.006,0.0572,0.577,0.51,0.644
"GSE50081",FALSE,"proliferation_matched","random",774,"MTFR2|CCNE2|PCNA|RSPO2",4,1.029,0.814,1.3,0.814,0.516,0.446,0.587
"GSE50081",FALSE,"proliferation_matched","random",775,"NDNF|TACC1|MAGOHB|NCAPD3",4,0.902,0.722,1.126,0.361,0.518,0.446,0.59
"GSE50081",FALSE,"proliferation_matched","random",776,"ZHX1-C8orf76|HAUS8|KLHL7|DCTN5",4,1.058,0.846,1.324,0.622,0.537,0.468,0.607
"GSE50081",FALSE,"proliferation_matched","random",777,"CEP63|MTA2|RHNO1|SPRY1",4,0.942,0.742,1.197,0.627,0.502,0.429,0.576
"GSE50081",FALSE,"proliferation_matched","random",778,"LMO3|TDP1|CYCS|APLP2",4,0.923,0.733,1.163,0.498,0.528,0.454,0.601
"GSE50081",FALSE,"proliferation_matched","random",779,"KIF20B|RGN|QSER1|DDIAS",4,1.019,0.806,1.289,0.872,0.473,0.4,0.547
"GSE50081",FALSE,"proliferation_matched","random",780,"COL4A3|CTDSP1|SCGB3A1|WDR76",4,0.773,0.615,0.972,0.0278,0.577,0.504,0.651
"GSE50081",FALSE,"proliferation_matched","random",781,"TP53BP1|CXCL10|KPNA2|APOBEC3B",4,1.328,1.033,1.707,0.0271,0.563,0.491,0.635
"GSE50081",FALSE,"proliferation_matched","random",782,"NOC4L|UNC13B|RNASEH2A|CENPO",4,1.143,0.904,1.445,0.264,0.557,0.486,0.628
"GSE50081",FALSE,"proliferation_matched","random",783,"GLRX2|FRY|KIF2C|UBTD1",4,0.923,0.724,1.177,0.519,0.49,0.419,0.562
"GSE50081",FALSE,"proliferation_matched","random",784,"BOP1|F10|MCM4|KIF20B",4,1.374,1.099,1.717,0.00523,0.596,0.53,0.662
"GSE50081",FALSE,"proliferation_matched","random",785,"TAP1|TCF21|CD207|ARMC8",4,0.895,0.705,1.137,0.364,0.535,0.462,0.609
"GSE50081",FALSE,"proliferation_matched","random",786,"ERCC6L|EFCAB11|POLR2H|TCF21",4,0.969,0.766,1.225,0.793,0.501,0.427,0.575
"GSE50081",FALSE,"proliferation_matched","random",787,"CEP63|ELOVL6|RUVBL1|TSC22D3",4,0.951,0.759,1.191,0.661,0.52,0.448,0.593
"GSE50081",FALSE,"proliferation_matched","random",788,"HOPX|SKA1|AQP5|GMNN",4,1.014,0.81,1.269,0.902,0.513,0.441,0.586
"GSE50081",FALSE,"proliferation_matched","random",789,"RCCD1|SCUBE2|POLR3G|MRPL11",4,1.124,0.889,1.42,0.33,0.544,0.48,0.609
"GSE50081",FALSE,"proliferation_matched","random",790,"DNALI1|ARL6IP6|SHROOM4|CDC20",4,0.967,0.772,1.211,0.769,0.509,0.44,0.579
"GSE50081",FALSE,"proliferation_matched","random",791,"TMEM59|MCM4|FBXO45|GINS1",4,1.145,0.912,1.437,0.245,0.553,0.485,0.622
"GSE50081",FALSE,"proliferation_matched","random",792,"RCAN2|EME1|GINS4|VSIG2",4,0.968,0.765,1.225,0.789,0.503,0.432,0.573
"GSE50081",FALSE,"proliferation_matched","random",793,"KPNA4|GDF10|BOP1|FBLN5",4,0.868,0.688,1.095,0.231,0.53,0.455,0.605
"GSE50081",FALSE,"proliferation_matched","random",794,"COL7A1|GSTM5|SLC34A2|CENPA",4,1.015,0.808,1.276,0.898,0.52,0.444,0.595
"GSE50081",FALSE,"proliferation_matched","random",795,"CSE1L|SYT15|ORC6|CST3",4,0.891,0.71,1.117,0.315,0.522,0.451,0.594
"GSE50081",FALSE,"proliferation_matched","random",796,"ARHGAP44|FAT4|SCN4B|POLR2H",4,0.586,0.459,0.749,1.85e-05,0.647,0.579,0.714
"GSE50081",FALSE,"proliferation_matched","random",797,"SLC6A8|ELOVL6|FMO2|ZNF267",4,1.021,0.818,1.275,0.855,0.488,0.421,0.556
"GSE50081",FALSE,"proliferation_matched","random",798,"TPI1|DNAJB13|SSX2IP|PTPRM",4,0.854,0.675,1.079,0.185,0.532,0.466,0.597
"GSE50081",FALSE,"proliferation_matched","random",799,"OGN|SLC7A5|C9orf152|CEP55",4,0.931,0.746,1.162,0.528,0.517,0.447,0.587
"GSE50081",FALSE,"proliferation_matched","random",800,"MTIF2|NR3C2|PTTG1|CPM",4,0.962,0.764,1.211,0.74,0.527,0.454,0.599
"GSE50081",FALSE,"proliferation_matched","random",801,"ZHX1-C8orf76|ACOT7|SLC18A2|SHE",4,0.775,0.609,0.988,0.0394,0.555,0.486,0.625
"GSE50081",FALSE,"proliferation_matched","random",802,"UBR2|KANK3|LAMA2|AURKA",4,0.849,0.669,1.077,0.178,0.539,0.462,0.615
"GSE50081",FALSE,"proliferation_matched","random",803,"CENPN|PPAN|RHOBTB2|FEN1",4,1.186,0.941,1.494,0.148,0.57,0.503,0.637
"GSE50081",FALSE,"proliferation_matched","random",804,"IGFBP7|ADAMTSL2|CRYM|TACC1",4,0.758,0.598,0.962,0.0225,0.577,0.512,0.642
"GSE50081",FALSE,"proliferation_matched","random",805,"FCER1A|P4HTM|SVEP1|MYOZ3",4,0.755,0.605,0.941,0.0125,0.595,0.533,0.658
"GSE50081",FALSE,"proliferation_matched","random",806,"PRICKLE2|FANCI|SNRPD1|NUP155",4,1.095,0.882,1.361,0.411,0.52,0.452,0.588
"GSE50081",FALSE,"proliferation_matched","random",807,"DBF4B|JDP2|SUV39H1|AURKB",4,1.209,0.961,1.521,0.106,0.557,0.489,0.624
"GSE50081",FALSE,"proliferation_matched","random",808,"MYOZ3|MYRIP|C1orf116|NCAPD2",4,0.858,0.683,1.078,0.189,0.539,0.472,0.606
"GSE50081",FALSE,"proliferation_matched","random",809,"MEOX2|SYNPO|EXOSC3|UBXN7",4,0.959,0.751,1.224,0.736,0.513,0.438,0.588
"GSE50081",FALSE,"proliferation_matched","random",810,"EIF4EBP2|ECT2|FANCI|HPRT1",4,1.091,0.868,1.372,0.455,0.527,0.457,0.597
"GSE50081",FALSE,"proliferation_matched","random",811,"NCAPG|FOXM1|CACNA2D2|RFC5",4,1.172,0.936,1.468,0.166,0.559,0.489,0.629
"GSE50081",FALSE,"proliferation_matched","random",812,"DISP1|ATOH8|MICAL2|SNRPG",4,0.892,0.711,1.119,0.324,0.536,0.469,0.603
"GSE50081",FALSE,"proliferation_matched","random",813,"NDN|DCUN1D5|C1orf112|CKMT2",4,0.837,0.667,1.051,0.126,0.521,0.453,0.589
"GSE50081",FALSE,"proliferation_matched","random",814,"RAF1|NCAPG|MTA2|SGSM1",4,1.078,0.866,1.342,0.5,0.543,0.477,0.608
"GSE50081",FALSE,"proliferation_matched","random",815,"SCTR|E2F2|RPA3|POLR3G",4,1.206,0.967,1.505,0.0963,0.563,0.492,0.634
"GSE50081",FALSE,"proliferation_matched","random",816,"CHEK2|GSPT1|BRCA2|C21orf58",4,1.384,1.096,1.747,0.00627,0.585,0.517,0.653
"GSE50081",FALSE,"proliferation_matched","random",817,"PSRC1|DDX39A|CAPN3|UNC5C",4,1.067,0.841,1.354,0.592,0.536,0.465,0.607
"GSE50081",FALSE,"proliferation_matched","random",818,"TMEM108|FAM167A|TNNC1|KIF14",4,0.918,0.729,1.156,0.468,0.518,0.449,0.588
"GSE50081",FALSE,"proliferation_matched","random",819,"SLC16A4|KBTBD11|MCM10|RPAP3",4,1.12,0.889,1.41,0.336,0.533,0.461,0.606
"GSE50081",FALSE,"proliferation_matched","random",820,"MRPS22|DKC1|KANK2|TEX10",4,1.226,0.974,1.543,0.0824,0.546,0.474,0.617
"GSE50081",FALSE,"proliferation_matched","random",821,"KPNA1|SKP2|SAC3D1|ATAD5",4,1.229,0.995,1.517,0.0555,0.586,0.52,0.651
"GSE50081",FALSE,"proliferation_matched","random",822,"MASTL|GTF3C6|KNTC1|DNMT3B",4,1.187,0.957,1.472,0.119,0.553,0.481,0.624
"GSE50081",FALSE,"proliferation_matched","random",823,"TIPIN|PPP1R14A|AOC3|RGS20",4,0.911,0.716,1.16,0.45,0.516,0.441,0.59
"GSE50081",FALSE,"proliferation_matched","random",824,"SCNN1B|SYT15|CENPL|DHX37",4,0.941,0.75,1.181,0.602,0.5,0.429,0.571
"GSE50081",FALSE,"proliferation_matched","random",825,"GDF10|MCM10|ABCC6|TCF19",4,0.889,0.7,1.129,0.334,0.526,0.454,0.598
"GSE50081",FALSE,"proliferation_matched","random",826,"WDR76|RUVBL2|FANCB|ITGA9",4,1.243,1.004,1.538,0.046,0.55,0.479,0.62
"GSE50081",FALSE,"proliferation_matched","random",827,"MFN1|FAM117A|MPHOSPH10|TDP1",4,0.908,0.713,1.156,0.432,0.521,0.446,0.595
"GSE50081",FALSE,"proliferation_matched","random",828,"NAPSA|ADAMTSL2|ATOH8|ATP13A3",4,0.784,0.627,0.98,0.0324,0.574,0.507,0.642
"GSE50081",FALSE,"proliferation_matched","random",829,"ABHD14A|POLE|PPAT|TMEM132A",4,1.157,0.927,1.445,0.197,0.561,0.496,0.626
"GSE50081",FALSE,"proliferation_matched","random",830,"RFC2|RAB10|TCF21|RSRC1",4,1.099,0.87,1.388,0.429,0.539,0.466,0.613
"GSE50081",FALSE,"proliferation_matched","random",831,"MGME1|PEX11B|PPP1R12B|HSPB7",4,0.77,0.61,0.972,0.0276,0.554,0.488,0.62
"GSE50081",FALSE,"proliferation_matched","random",832,"UBE2C|BOLA3|SUV39H1|METTL7A",4,1.131,0.898,1.423,0.295,0.546,0.474,0.617
"GSE50081",FALSE,"proliferation_matched","random",833,"HSPE1|CX3CR1|CSRP1|CEP55",4,0.821,0.648,1.04,0.103,0.539,0.471,0.607
"GSE50081",FALSE,"proliferation_matched","random",834,"ESCO2|ARL6IP6|CABLES1|ALYREF",4,1.178,0.935,1.485,0.165,0.552,0.484,0.62
"GSE50081",FALSE,"proliferation_matched","random",835,"DGKZ|IL6R|UBR2|TMEM201",4,1.102,0.884,1.373,0.39,0.53,0.454,0.605
"GSE50081",FALSE,"proliferation_matched","random",836,"KIF18A|LDLRAD4|RACGAP1|CAPN5",4,1.109,0.898,1.37,0.335,0.534,0.462,0.605
"GSE50081",FALSE,"proliferation_matched","random",837,"PDE1A|RMI2|SRRT|DSN1",4,1.1,0.87,1.391,0.427,0.515,0.445,0.584
"GSE50081",FALSE,"proliferation_matched","random",838,"CELF2|ARHGAP44|CCNE2|VRK1",4,0.881,0.693,1.12,0.3,0.546,0.47,0.623
"GSE50081",FALSE,"proliferation_matched","random",839,"FANCA|FXR1|BRCA1|INMT",4,1.314,1.053,1.641,0.0157,0.582,0.514,0.65
"GSE50081",FALSE,"proliferation_matched","random",840,"THRA|SKP2|ADCY9|NCAPG2",4,0.856,0.67,1.092,0.21,0.557,0.486,0.628
"GSE50081",FALSE,"proliferation_matched","random",841,"SLC44A4|SUMO4|TBX2|TAL1",4,0.766,0.608,0.966,0.0241,0.571,0.508,0.634
"GSE50081",FALSE,"proliferation_matched","random",842,"CENPN|IL1RAP|CCL14|ATAD2",4,1.108,0.896,1.372,0.344,0.532,0.462,0.602
"GSE50081",FALSE,"proliferation_matched","random",843,"TSC22D3|CDO1|SERP2|CDC45",4,0.756,0.593,0.965,0.0245,0.569,0.497,0.641
"GSE50081",FALSE,"proliferation_matched","random",844,"DBF4B|PBXIP1|PPP1R3C|CITED2",4,0.828,0.667,1.028,0.0874,0.573,0.506,0.64
"GSE50081",FALSE,"proliferation_matched","random",845,"PRR11|ADARB1|EXOSC3|NUSAP1",4,1.263,1.011,1.579,0.0399,0.585,0.52,0.65
"GSE50081",FALSE,"proliferation_matched","random",846,"PSMC3IP|SAAL1|MSRA|MELK",4,1.104,0.876,1.39,0.402,0.549,0.483,0.615
"GSE50081",FALSE,"proliferation_matched","random",847,"TUBG1|RFC5|AK4|CORO2B",4,1.171,0.927,1.48,0.186,0.554,0.48,0.628
"GSE50081",FALSE,"proliferation_matched","random",848,"GNG7|DNMT3B|A2M|CAPN8",4,0.806,0.648,1.002,0.0523,0.567,0.502,0.633
"GSE50081",FALSE,"proliferation_matched","random",849,"PFDN4|GFRA1|FXR1|C12orf73",4,0.944,0.752,1.185,0.622,0.501,0.429,0.572
"GSE50081",FALSE,"proliferation_matched","random",850,"GINS4|RHBDF1|MND1|TMED10",4,1.039,0.824,1.311,0.747,0.483,0.412,0.554
"GSE50081",FALSE,"proliferation_matched","random",851,"PGR|CYP2B6|CALCOCO1|SLC2A1",4,0.743,0.587,0.94,0.0134,0.561,0.492,0.63
"GSE50081",FALSE,"proliferation_matched","random",852,"ANG|ISY1|CCNE2|CPSF3",4,1.101,0.863,1.406,0.439,0.495,0.421,0.569
"GSE50081",FALSE,"proliferation_matched","random",853,"LAMB2|CXCL16|COX7A1|NFIX",4,0.83,0.66,1.045,0.113,0.55,0.479,0.621
"GSE50081",FALSE,"proliferation_matched","random",854,"AP2A2|DEPDC1B|CLU|TRIM8",4,0.722,0.566,0.922,0.00903,0.587,0.517,0.657
"GSE50081",FALSE,"proliferation_matched","random",855,"RHNO1|BBS1|CPAMD8|RFC5",4,0.772,0.61,0.977,0.0314,0.54,0.468,0.613
"GSE50081",FALSE,"proliferation_matched","random",856,"CLSPN|TRMT10C|GTF3C6|VRK2",4,1.184,0.945,1.482,0.141,0.523,0.451,0.595
"GSE50081",FALSE,"proliferation_matched","random",857,"CTSV|PSRC1|COL14A1|CHEK2",4,1.193,0.961,1.482,0.11,0.57,0.501,0.639
"GSE50081",FALSE,"proliferation_matched","random",858,"KLHL7|EFCC1|CEBPZ|CDKN1C",4,0.87,0.688,1.099,0.241,0.537,0.471,0.604
"GSE50081",FALSE,"proliferation_matched","random",859,"NCAPH|KIF13B|CPQ|OIP5",4,1.07,0.841,1.361,0.583,0.525,0.453,0.596
"GSE50081",FALSE,"proliferation_matched","random",860,"HIP1|UBE2S|PODN|NDNF",4,0.795,0.631,1.001,0.0512,0.557,0.488,0.626
"GSE50081",FALSE,"proliferation_matched","random",861,"FMO5|HSPE1|KNOP1|MXD1",4,1.211,0.957,1.532,0.111,0.579,0.514,0.644
"GSE50081",FALSE,"proliferation_matched","random",862,"ATP11B|SART3|SKA3|PFDN4",4,1.128,0.911,1.395,0.269,0.558,0.49,0.625
"GSE50081",FALSE,"proliferation_matched","random",863,"PGAM5|CSRNP1|E2F1|TUBA3C",4,1.184,0.945,1.484,0.142,0.561,0.491,0.632
"GSE50081",FALSE,"proliferation_matched","random",864,"ZNF362|INMT|DIAPH3|MOXD1",4,0.783,0.621,0.988,0.0391,0.546,0.474,0.617
"GSE50081",FALSE,"proliferation_matched","random",865,"PCYT1A|TDO2|NCAPG2|MMP12",4,1.175,0.952,1.451,0.134,0.545,0.477,0.614
"GSE50081",FALSE,"proliferation_matched","random",866,"PIGX|CORO2B|FOXF1|PTPN21",4,0.825,0.653,1.042,0.106,0.551,0.48,0.623
"GSE50081",FALSE,"proliferation_matched","random",867,"PFKFB4|POLQ|UBTD1|PLSCR4",4,1.039,0.818,1.32,0.752,0.533,0.461,0.605
"GSE50081",FALSE,"proliferation_matched","random",868,"STXBP1|LSM12|DNTTIP2|CDKN3",4,1.33,1.058,1.672,0.0144,0.573,0.505,0.641
"GSE50081",FALSE,"proliferation_matched","random",869,"RHBDF1|DOK4|TMEM43|MRPL3",4,0.858,0.679,1.084,0.198,0.545,0.478,0.613
"GSE50081",FALSE,"proliferation_matched","random",870,"PARL|KNTC1|PGAM5|KLHL42",4,1.173,0.957,1.438,0.124,0.591,0.526,0.656
"GSE50081",FALSE,"proliferation_matched","random",871,"DDIAS|FANCI|CALCOCO1|POLR2H",4,1.036,0.837,1.282,0.745,0.53,0.461,0.598
"GSE50081",FALSE,"proliferation_matched","random",872,"GINS3|C4orf46|GPRASP1|LTBP3",4,0.893,0.71,1.122,0.33,0.538,0.472,0.605
"GSE50081",FALSE,"proliferation_matched","random",873,"CPSF3|PNPT1|IL6R|UNC13B",4,0.876,0.702,1.094,0.243,0.544,0.473,0.616
"GSE50081",FALSE,"proliferation_matched","random",874,"MSRA|MAGI2|HSPA14|APLP2",4,0.767,0.612,0.962,0.0215,0.578,0.515,0.642
"GSE50081",FALSE,"proliferation_matched","random",875,"C21orf58|S1PR1|IL6R|AURKA",4,1.189,0.941,1.502,0.147,0.544,0.475,0.613
"GSE50081",FALSE,"proliferation_matched","random",876,"PBXIP1|FAM149A|TMEM201|MRPS17",4,0.887,0.704,1.118,0.31,0.523,0.457,0.588
"GSE50081",FALSE,"proliferation_matched","random",877,"CDT1|CDC25A|FHL1|FANCD2",4,1.149,0.92,1.435,0.221,0.561,0.489,0.633
"GSE50081",FALSE,"proliferation_matched","random",878,"MAOB|GPRC5C|RFC5|TOP2A",4,0.8,0.63,1.015,0.066,0.559,0.488,0.631
"GSE50081",FALSE,"proliferation_matched","random",879,"COX7A1|MTFR2|BOP1|NDUFA12",4,1.215,0.959,1.54,0.106,0.574,0.507,0.642
"GSE50081",FALSE,"proliferation_matched","random",880,"MGP|NCAPD2|ITIH5|CKMT2",4,0.827,0.653,1.046,0.113,0.529,0.462,0.597
"GSE50081",FALSE,"proliferation_matched","random",881,"NIT2|RFC2|MTFR2|MCM5",4,1.172,0.931,1.477,0.177,0.555,0.48,0.629
"GSE50081",FALSE,"proliferation_matched","random",882,"PIF1|RANBP1|FMO5|CENPH",4,1.172,0.944,1.456,0.151,0.545,0.472,0.617
"GSE50081",FALSE,"proliferation_matched","random",883,"AGMAT|FAM136A|PRR11|POLD1",4,1.308,1.049,1.63,0.017,0.607,0.545,0.669
"GSE50081",FALSE,"proliferation_matched","random",884,"POLA2|KPNA1|LTBP4|EIF5B",4,1.085,0.861,1.368,0.489,0.52,0.448,0.591
"GSE50081",FALSE,"proliferation_matched","random",885,"PPP1R14A|CTDSPL|HMGB2|ERGIC1",4,0.821,0.658,1.025,0.081,0.544,0.478,0.611
"GSE50081",FALSE,"proliferation_matched","random",886,"NIFK|CKAP5|ADARB1|GALNT10",4,0.917,0.738,1.14,0.435,0.539,0.469,0.609
"GSE50081",FALSE,"proliferation_matched","random",887,"ERGIC1|EIF5B|PRDM16|EEF1A1",4,0.733,0.575,0.934,0.0121,0.608,0.542,0.673
"GSE50081",FALSE,"proliferation_matched","random",888,"IL11RA|INSIG1|ELOVL6|TMEM63A",4,1.061,0.839,1.343,0.621,0.523,0.454,0.592
"GSE50081",FALSE,"proliferation_matched","random",889,"PAK1IP1|MRPL42|FAM189A2|C12orf73",4,0.998,0.792,1.258,0.989,0.484,0.41,0.559
"GSE50081",FALSE,"proliferation_matched","random",890,"CPAMD8|NFYC|PEAR1|AP2A2",4,0.773,0.614,0.975,0.0297,0.582,0.515,0.649
"GSE50081",FALSE,"proliferation_matched","random",891,"SNED1|NCAPH|SYT15|POLR3G",4,1.091,0.863,1.378,0.468,0.549,0.479,0.619
"GSE50081",FALSE,"proliferation_matched","random",892,"NUP155|HMCN1|ESPL1|FXYD1",4,0.785,0.614,1.003,0.0531,0.56,0.484,0.636
"GSE50081",FALSE,"proliferation_matched","random",893,"CDKN1C|HSPG2|AOC3|DNAH10",4,0.847,0.675,1.061,0.148,0.546,0.476,0.616
"GSE50081",FALSE,"proliferation_matched","random",894,"FOSL1|FBXO5|ANLN|SFTPB",4,1.125,0.903,1.4,0.293,0.557,0.489,0.625
"GSE50081",FALSE,"proliferation_matched","random",895,"SLC2A1|KIF18B|CHAF1B|MELK",4,1.315,1.05,1.648,0.0173,0.592,0.529,0.656
"GSE50081",FALSE,"proliferation_matched","random",896,"KLHL7|SGCA|PID1|ACP1",4,0.735,0.585,0.922,0.00791,0.574,0.503,0.646
"GSE50081",FALSE,"proliferation_matched","random",897,"MMP12|SMC2|ACP1|CORO1C",4,1.179,0.951,1.461,0.134,0.563,0.493,0.633
"GSE50081",FALSE,"proliferation_matched","random",898,"DDX19B|RSRC2|DCUN1D5|GINS4",4,1.136,0.914,1.412,0.25,0.552,0.488,0.617
"GSE50081",FALSE,"proliferation_matched","random",899,"CENPU|NCAPD2|ABCC6|ATAD5",4,1.328,1.064,1.658,0.012,0.574,0.505,0.642
"GSE50081",FALSE,"proliferation_matched","random",900,"NIT2|POLR2H|TDRD10|CENPN",4,0.973,0.777,1.218,0.81,0.491,0.421,0.561
"GSE50081",FALSE,"proliferation_matched","random",901,"DCUN1D3|STMN1|FANCA|HGF",4,1.317,1.052,1.65,0.0163,0.602,0.529,0.675
"GSE50081",FALSE,"proliferation_matched","random",902,"KCNJ10|MASTL|CKMT2|UBE2V2",4,1.087,0.856,1.38,0.494,0.506,0.433,0.579
"GSE50081",FALSE,"proliferation_matched","random",903,"RAI2|FAM149A|TBC1D31|TNPO3",4,0.914,0.724,1.155,0.453,0.524,0.453,0.595
"GSE50081",FALSE,"proliferation_matched","random",904,"PRKCE|RMI1|MAGI1|DPYSL2",4,0.884,0.714,1.095,0.26,0.562,0.495,0.629
"GSE50081",FALSE,"proliferation_matched","random",905,"SNRPF|ATR|TRIM8|SART3",4,1.098,0.865,1.392,0.443,0.541,0.471,0.611
"GSE50081",FALSE,"proliferation_matched","random",906,"KCTD10|PDE4A|TP53BP1|STARD9",4,0.882,0.707,1.101,0.269,0.551,0.481,0.621
"GSE50081",FALSE,"proliferation_matched","random",907,"SLFNL1|HSPB7|KIF13B|PUS1",4,0.808,0.642,1.016,0.0678,0.554,0.491,0.617
"GSE50081",FALSE,"proliferation_matched","random",908,"NUDT3|MPHOSPH10|COQ4|NPR1",4,0.752,0.587,0.964,0.0242,0.584,0.514,0.654
"GSE50081",FALSE,"proliferation_matched","random",909,"METTL5|NCAPG|RCCD1|CD207",4,1.06,0.849,1.323,0.608,0.507,0.439,0.575
"GSE50081",FALSE,"proliferation_matched","random",910,"ALYREF|SMC6|TOP2A|FNIP2",4,1.407,1.126,1.759,0.00266,0.595,0.532,0.658
"GSE50081",FALSE,"proliferation_matched","random",911,"TMEM125|SEC61A2|GPLD1|MAP6",4,0.807,0.646,1.01,0.0608,0.557,0.49,0.624
"GSE50081",FALSE,"proliferation_matched","random",912,"E2F1|LMOD1|RPAP3|PDE7B",4,0.888,0.712,1.109,0.295,0.552,0.482,0.622
"GSE50081",FALSE,"proliferation_matched","random",913,"PSMD2|STRIP2|ITGA9|HELLS",4,1.053,0.845,1.312,0.643,0.534,0.465,0.603
"GSE50081",FALSE,"proliferation_matched","random",914,"DEPDC1B|TMED10|BOP1|PIGR",4,1.149,0.916,1.44,0.229,0.535,0.46,0.611
"GSE50081",FALSE,"proliferation_matched","random",915,"PEX11B|ODF2|BRIX1|DEPDC1",4,1.065,0.858,1.321,0.569,0.521,0.454,0.588
"GSE50081",FALSE,"proliferation_matched","random",916,"LDLRAD4|TTK|BICD1|SPRY1",4,0.887,0.702,1.119,0.311,0.519,0.444,0.593
"GSE50081",FALSE,"proliferation_matched","random",917,"APOL2|TOMM40|PFDN4|PUS1",4,1.193,0.963,1.479,0.106,0.581,0.515,0.648
"GSE50081",FALSE,"proliferation_matched","random",918,"AOC3|INSIG1|SCARA5|NISCH",4,0.881,0.71,1.093,0.249,0.527,0.46,0.595
"GSE50081",FALSE,"proliferation_matched","random",919,"DEPTOR|CEBPZ|NDC80|TMEM125",4,0.851,0.676,1.072,0.171,0.548,0.475,0.622
"GSE50081",FALSE,"proliferation_matched","random",920,"ACTL6A|MAOB|FSTL1|NME1",4,0.751,0.603,0.936,0.0108,0.577,0.509,0.645
"GSE50081",FALSE,"proliferation_matched","random",921,"RRM1|CDC45|QSER1|TICRR",4,1.142,0.922,1.414,0.225,0.549,0.483,0.616
"GSE50081",FALSE,"proliferation_matched","random",922,"DAPK1|ANG|NEIL3|CARF",4,0.826,0.658,1.037,0.0992,0.547,0.474,0.62
"GSE50081",FALSE,"proliferation_matched","random",923,"RGCC|SMC6|DAPK1|DIXDC1",4,0.911,0.724,1.145,0.423,0.513,0.439,0.587
"GSE50081",FALSE,"proliferation_matched","random",924,"POLR3G|FRZB|SAPCD2|CYCS",4,1.104,0.877,1.389,0.399,0.519,0.442,0.596
"GSE50081",FALSE,"proliferation_matched","random",925,"RAN|DSCC1|PLSCR4|CASQ2",4,0.831,0.657,1.051,0.123,0.544,0.473,0.614
"GSE50081",FALSE,"proliferation_matched","random",926,"PHACTR1|FANCB|ALDH6A1|IDUA",4,0.816,0.643,1.035,0.0938,0.545,0.475,0.615
"GSE50081",FALSE,"proliferation_matched","random",927,"DCUN1D3|MXD1|DCUN1D5|LRR1",4,1.129,0.902,1.414,0.288,0.541,0.474,0.609
"GSE50081",FALSE,"proliferation_matched","random",928,"SCML2|SASS6|STARD9|DNAJC9",4,1.032,0.827,1.287,0.781,0.487,0.415,0.559
"GSE50081",FALSE,"proliferation_matched","random",929,"TMEM248|FAM162A|ITGA8|EME1",4,0.907,0.728,1.129,0.383,0.538,0.468,0.607
"GSE50081",FALSE,"proliferation_matched","random",930,"ZHX1-C8orf76|QSER1|METTL5|CCDC150",4,1.144,0.919,1.424,0.23,0.534,0.461,0.608
"GSE50081",FALSE,"proliferation_matched","random",931,"SNRPD1|GLOD5|TMEM248|CDCA8",4,1.09,0.852,1.395,0.493,0.516,0.447,0.585
"GSE50081",FALSE,"proliferation_matched","random",932,"UNC5C|TP53BP1|EFCAB11|C6orf89",4,0.901,0.712,1.14,0.385,0.543,0.472,0.613
"GSE50081",FALSE,"proliferation_matched","random",933,"KPNA2|CMSS1|FYCO1|POLR3G",4,1.146,0.926,1.418,0.209,0.534,0.464,0.603
"GSE50081",FALSE,"proliferation_matched","random",934,"CRYM|FAM210A|LAMA2|TEAD4",4,0.787,0.62,0.997,0.0475,0.541,0.468,0.615
"GSE50081",FALSE,"proliferation_matched","random",935,"GINS4|DEPTOR|KIF2C|DNAH10",4,1.162,0.919,1.469,0.21,0.525,0.458,0.592
"GSE50081",FALSE,"proliferation_matched","random",936,"MICAL2|RBM33|CENPO|SSRP1",4,1.569,1.258,1.958,6.51e-05,0.636,0.573,0.699
"GSE50081",FALSE,"proliferation_matched","random",937,"CDC25C|PHF19|PLK1|FEN1",4,1.316,1.054,1.643,0.0154,0.598,0.533,0.663
"GSE50081",FALSE,"proliferation_matched","random",938,"RHOJ|CDC25A|ARHGAP11B|DNMT3B",4,1.142,0.921,1.415,0.225,0.542,0.469,0.615
"GSE50081",FALSE,"proliferation_matched","random",939,"PDE5A|COL4A4|FANCB|ERGIC1",4,0.892,0.723,1.1,0.285,0.531,0.462,0.6
"GSE50081",FALSE,"proliferation_matched","random",940,"SGCD|ALDH2|NUP155|PCDHB4",4,0.796,0.635,0.998,0.0482,0.564,0.494,0.634
"GSE50081",FALSE,"proliferation_matched","random",941,"ITGA9|MRPL11|PLOD2|NEK2",4,1.209,0.968,1.51,0.0941,0.564,0.497,0.631
"GSE50081",FALSE,"proliferation_matched","random",942,"NEIL3|GSPT1|LTBP4|CTDSP1",4,0.76,0.606,0.952,0.017,0.582,0.512,0.653
"GSE50081",FALSE,"proliferation_matched","random",943,"TUBA1B|SAAL1|ARHGEF39|NEDD9",4,1.005,0.787,1.283,0.968,0.544,0.471,0.617
"GSE50081",FALSE,"proliferation_matched","random",944,"WFDC1|ORC5|C1orf112|SCN7A",4,0.808,0.638,1.024,0.0777,0.547,0.475,0.619
"GSE50081",FALSE,"proliferation_matched","random",945,"MOXD1|SPNS2|DSN1|PSMC3IP",4,0.896,0.707,1.135,0.363,0.527,0.454,0.599
"GSE50081",FALSE,"proliferation_matched","random",946,"BRCA2|ROBO2|IFNG|MYOCD",4,0.845,0.665,1.072,0.166,0.55,0.484,0.616
"GSE50081",FALSE,"proliferation_matched","random",947,"PRICKLE2|PLAC9|DNAJC18|ASNS",4,0.864,0.688,1.086,0.211,0.547,0.48,0.615
"GSE50081",FALSE,"proliferation_matched","random",948,"DGKZ|PDCD10|EFCC1|POLE",4,1.133,0.899,1.427,0.29,0.522,0.449,0.595
"GSE50081",FALSE,"proliferation_matched","random",949,"RBM5|FAT4|TAL1|E2F8",4,0.942,0.754,1.177,0.598,0.52,0.452,0.587
"GSE50081",FALSE,"proliferation_matched","random",950,"FAM168B|DNAJC9|PPP2R1B|CDCA8",4,1.122,0.907,1.388,0.291,0.558,0.491,0.624
"GSE50081",FALSE,"proliferation_matched","random",951,"CENPL|MRPL21|RBM5|BTBD9",4,1.238,0.979,1.564,0.0748,0.54,0.469,0.611
"GSE50081",FALSE,"proliferation_matched","random",952,"MTFP1|SRRT|ADCY1|TACC1",4,1.079,0.862,1.349,0.507,0.518,0.448,0.589
"GSE50081",FALSE,"proliferation_matched","random",953,"BUB1B|FANCD2|PPAT|PID1",4,1.054,0.847,1.311,0.64,0.526,0.46,0.593
"GSE50081",FALSE,"proliferation_matched","random",954,"HSPD1|HJURP|RPL11|IL6R",4,1.031,0.814,1.305,0.801,0.498,0.43,0.567
"GSE50081",FALSE,"proliferation_matched","random",955,"DNA2|PDLIM2|INVS|SRRT",4,1.079,0.865,1.345,0.501,0.527,0.458,0.597
"GSE50081",FALSE,"proliferation_matched","random",956,"VRK1|ZNF326|RRM2|NEK2",4,1.192,0.954,1.489,0.123,0.554,0.484,0.623
"GSE50081",FALSE,"proliferation_matched","random",957,"PDE7B|RAP1GAP|FANCD2|ABCC6",4,0.669,0.533,0.839,0.000503,0.636,0.576,0.697
"GSE50081",FALSE,"proliferation_matched","random",958,"MRPL3|ABCA8|GAS6|MUC1",4,0.696,0.563,0.862,0.000863,0.601,0.534,0.668
"GSE50081",FALSE,"proliferation_matched","random",959,"NPC2|ARMCX5-GPRASP2|NPR1|ITGA8",4,0.737,0.587,0.926,0.00863,0.591,0.523,0.659
"GSE50081",FALSE,"proliferation_matched","random",960,"LTC4S|ARHGAP11B|TNS1|OIP5",4,0.886,0.697,1.126,0.321,0.527,0.453,0.601
"GSE50081",FALSE,"proliferation_matched","random",961,"LPL|UBE2C|TUBB|CENPW",4,1.433,1.123,1.829,0.00385,0.605,0.534,0.675
"GSE50081",FALSE,"proliferation_matched","random",962,"C4orf46|FYCO1|ADARB1|PEX11B",4,0.788,0.629,0.987,0.0382,0.547,0.479,0.616
"GSE50081",FALSE,"proliferation_matched","random",963,"MELK|IDNK|IDUA|MLLT3",4,0.928,0.747,1.154,0.502,0.528,0.457,0.599
"GSE50081",FALSE,"proliferation_matched","random",964,"KNSTRN|POLD1|MCM6|KLF15",4,1.058,0.842,1.331,0.627,0.538,0.474,0.602
"GSE50081",FALSE,"proliferation_matched","random",965,"BOLA3|KIF20B|SMOC2|RHOB",4,0.875,0.681,1.125,0.297,0.515,0.442,0.589
"GSE50081",FALSE,"proliferation_matched","random",966,"RRM2|CENPK|NDE1|ERCC6L",4,1.273,1.019,1.589,0.0333,0.575,0.51,0.641
"GSE50081",FALSE,"proliferation_matched","random",967,"MMP12|C7|FHL1|PARVA",4,0.811,0.649,1.012,0.0638,0.551,0.483,0.618
"GSE50081",FALSE,"proliferation_matched","random",968,"CDO1|PEX11B|MCMBP|ZNF362",4,0.696,0.56,0.866,0.00118,0.574,0.507,0.642
"GSE50081",FALSE,"proliferation_matched","random",969,"SETBP1|POLE|SENP5|MOXD1",4,0.891,0.708,1.122,0.326,0.516,0.444,0.588
"GSE50081",FALSE,"proliferation_matched","random",970,"HSPE1|LDLRAD4|AURKA|ASPA",4,0.912,0.725,1.148,0.434,0.508,0.435,0.581
"GSE50081",FALSE,"proliferation_matched","random",971,"SPNS2|IDNK|FAM189A2|GAS6",4,0.807,0.643,1.014,0.0653,0.565,0.498,0.632
"GSE50081",FALSE,"proliferation_matched","random",972,"PRR11|FBL|SRRT|PSRC1",4,1.252,1.001,1.566,0.049,0.571,0.507,0.635
"GSE50081",FALSE,"proliferation_matched","random",973,"CENPN|FAM174B|RUVBL2|WDR53",4,1.171,0.933,1.47,0.173,0.543,0.473,0.612
"GSE50081",FALSE,"proliferation_matched","random",974,"CSDC2|TMEM63A|PLEKHM3|CTNNBL1",4,0.95,0.757,1.192,0.659,0.493,0.425,0.562
"GSE50081",FALSE,"proliferation_matched","random",975,"MPV17L|LMNB1|DTL|PRC1",4,1.256,1.008,1.565,0.0423,0.579,0.513,0.644
"GSE50081",FALSE,"proliferation_matched","random",976,"ARHGEF39|RIPK2|DBF4|FOXF2",4,1.181,0.939,1.484,0.155,0.562,0.492,0.632
"GSE50081",FALSE,"proliferation_matched","random",977,"CASQ2|POLR3G|NALCN|ACAD9",4,0.911,0.717,1.159,0.448,0.55,0.48,0.62
"GSE50081",FALSE,"proliferation_matched","random",978,"STIL|IFNG|LSM1|KIF4A",4,1.338,1.072,1.669,0.0101,0.587,0.521,0.653
"GSE50081",FALSE,"proliferation_matched","random",979,"ARHGAP11B|ANG|ADAMTS8|WDR43",4,0.869,0.682,1.108,0.257,0.546,0.47,0.621
"GSE50081",FALSE,"proliferation_matched","random",980,"SMC3|SMIM14|IDNK|YARS2",4,0.908,0.719,1.147,0.418,0.541,0.471,0.611
"GSE50081",FALSE,"proliferation_matched","random",981,"KPNA2|CDCA8|ARMCX5-GPRASP2|ATOH8",4,1.038,0.819,1.315,0.759,0.519,0.448,0.591
"GSE50081",FALSE,"proliferation_matched","random",982,"DOK4|ARHGAP6|DPYSL2|DSN1",4,0.734,0.581,0.929,0.0101,0.587,0.52,0.653
"GSE50081",FALSE,"proliferation_matched","random",983,"SENP5|CYP4B1|ZNF267|UNC5C",4,0.835,0.656,1.062,0.142,0.557,0.482,0.631
"GSE50081",FALSE,"proliferation_matched","random",984,"FAM83D|MRPL47|MYRIP|MCM8",4,0.963,0.763,1.215,0.748,0.504,0.431,0.577
"GSE50081",FALSE,"proliferation_matched","random",985,"SEC61A2|NCAPD3|SORBS2|CENPU",4,1.061,0.848,1.329,0.604,0.549,0.479,0.619
"GSE50081",FALSE,"proliferation_matched","random",986,"ACTL6A|BRCA2|CPSF3|NCBP2",4,1.186,0.95,1.481,0.131,0.553,0.487,0.619
"GSE50081",FALSE,"proliferation_matched","random",987,"GLRX2|VWA5A|MGME1|ANLN",4,0.949,0.75,1.199,0.659,0.495,0.422,0.568
"GSE50081",FALSE,"proliferation_matched","random",988,"LMO3|KIF20B|KANK3|FARP2",4,0.829,0.669,1.028,0.0879,0.569,0.503,0.635
"GSE50081",FALSE,"proliferation_matched","random",989,"NUDT1|ACOXL|PHF19|AURKA",4,1.242,0.982,1.571,0.071,0.565,0.495,0.635
"GSE50081",FALSE,"proliferation_matched","random",990,"ACOXL|TMEM125|PRDM16|ARMC8",4,0.708,0.547,0.917,0.00894,0.58,0.513,0.648
"GSE50081",FALSE,"proliferation_matched","random",991,"TMEM130|PTH1R|CENPH|GPX3",4,0.761,0.602,0.961,0.022,0.569,0.498,0.641
"GSE50081",FALSE,"proliferation_matched","random",992,"UHRF1|CACYBP|TPI1|MUC1",4,1.148,0.917,1.437,0.228,0.549,0.481,0.617
"GSE50081",FALSE,"proliferation_matched","random",993,"MGME1|TAP1|SHROOM4|LTBP3",4,0.963,0.754,1.231,0.766,0.508,0.438,0.579
"GSE50081",FALSE,"proliferation_matched","random",994,"TK2|PTPN21|MRGBP|ADCY9",4,0.871,0.696,1.092,0.232,0.585,0.518,0.652
"GSE50081",FALSE,"proliferation_matched","random",995,"MTFP1|CASQ2|ITGA9|CDO1",4,0.716,0.558,0.92,0.00883,0.592,0.522,0.662
"GSE50081",FALSE,"proliferation_matched","random",996,"SLFNL1|TIPIN|CENPI|HSPA14",4,1.059,0.846,1.325,0.618,0.502,0.432,0.571
"GSE50081",FALSE,"proliferation_matched","random",997,"UBQLN1|QSER1|MAGI1|FOLR1",4,0.86,0.689,1.074,0.183,0.554,0.486,0.621
"GSE50081",FALSE,"proliferation_matched","random",998,"TTK|LIN9|FANCG|FANCD2",4,1.241,1.009,1.527,0.0408,0.593,0.526,0.659
"GSE50081",FALSE,"proliferation_matched","random",999,"TIMELESS|TNRC6C|FOXM1|OIP5",4,1.196,0.968,1.478,0.0967,0.584,0.52,0.649
"GSE50081",FALSE,"proliferation_matched","random",1000,"FAM167A|CDC20|DIXDC1|UHRF1",4,1.156,0.923,1.447,0.206,0.554,0.485,0.623
